"taxon_id","species","order","class","superclass","iucn_category","genome","annotation","zoonomia","individuals","cell_lines","fibro","pbmc","ipsc","tissue_of_origin","genome_match","species_genome","assembly_level","scaffold_n50","contig_n50","gene_count","assembly_date","busco_completeness","genome_size","haploid_number","ploidy","sequencing_status","TOGA","common_name","alternative_name","subspecies","genus","subfamily","family","project"
"184585","Engraulis encrasicolus","Clupeiformes","Actinopteri","Fish","LEAST CONCERN",TRUE,TRUE,FALSE,1,0,0,0,0,"Tissue (whole specimen)","species","Engraulis encrasicolus","Chromosome",56351229,1448200,NA,"2023-12-28",NA,1537905000,24,2,"insdc_open","toga1/2","European Anchovy,European anchovy",NA,NA,"Engraulis",NA,"Engraulidae","no_project"
"113544","Arapaima gigas","Osteoglossiformes","Actinopteri","Fish",NA,TRUE,TRUE,FALSE,1,0,0,0,0,"Gills/skin","species","Arapaima gigas","Scaffold",667839,131583,27350,"2018-07-25",NA,875310000,28,2,"insdc_open","toga1/2","Arapaima,Arapaima;arapaima",NA,NA,"Arapaima",NA,"Osteoglossidae","no_project"
"8030","Salmo salar","Salmoniformes","Actinopteri","Fish","LEAST CONCERN",TRUE,TRUE,FALSE,2,0,1,0,0,"Tissue","species","Salmo salar","Chromosome",28058890,28058890,NA,"2021-04-21",NA,3031800000,29,2,"insdc_open","toga1/2","Atlantic Samon,Atlantic salmon",NA,NA,"Salmo",NA,"Salmonidae","no_project"
"47709","Sargocentron diadema","Holocentriformes","Actinopteri","Fish","LEAST CONCERN",FALSE,TRUE,FALSE,1,0,0,0,0,"Caudal Fin","genus","Sargocentron spiniferum","Scaffold",2676641,35406,NA,"2025-08-13",NA,757950000,21,2,NA,"toga1/2",NA,NA,NA,"Sargocentron",NA,"Holocentridae","no_project"
"50733","Astronotus ocellatus","Cichliformes","Actinopteri","Fish","LEAST CONCERN",FALSE,TRUE,FALSE,1,0,0,0,0,"Pectoral fin / gill","family","Etroplus suratensis","Chromosome",51572587,33988944,NA,"2024-08-01",NA,1066020000,19,2,"insdc_open","toga1/2","Crombier,Oscar",NA,NA,"Astronotus",NA,"Cichlidae","no_project"
"2797475","Neotrygon orientalis","Myliobatiformes","Chondrichthyes","Fish","LEAST CONCERN",FALSE,TRUE,FALSE,1,0,0,0,0,"Skin/spleen","family","Hemitrygon akajei","Chromosome",175234968,8940806,NA,"2025-03-05",NA,4801980000,32,2,"insdc_open","toga1/2",NA,NA,NA,"Neotrygon",NA,"Dasyatidae","no_project"
"87756","Diplodus vulgaris","Spariformes","Actinopteri","Fish","LEAST CONCERN",FALSE,TRUE,FALSE,1,0,0,0,0,"Aleta Caudal","genus","Diplodus puntazzo","Chromosome",34685444,5518951,NA,"2024-03-17",NA,557460000,24,2,"insdc_open","toga1/2","Seabream,Common two-banded seabream",NA,NA,"Diplodus",NA,"Sparidae","no_project"
"109274","Hippocampus abdominalis","Syngnathiformes","Actinopteri","Fish","LEAST CONCERN",TRUE,TRUE,FALSE,2,0,0,0,0,"Lower lobe of Caudal fin/ whole specimen","species","Hippocampus abdominalis","Chromosome",21766359,8410403,NA,"2021-05-25",95.9,567240000,22,2,"insdc_open","toga1/2","Pot-bellied Seahorse,Big-belly seahorse;big-belly seahorse",NA,NA,"Hippocampus",NA,"Syngnathidae","no_project"
"7801","Ginglymostoma cirratum","Orectolobiformes","Chondrichthyes","Fish","VULNERABLE",TRUE,TRUE,FALSE,1,0,0,0,0,"Tissue/uter","species","Ginglymostoma cirratum","Scaffold",40366410,55429,NA,"2022-06-30",NA,3814200000,51,2,"insdc_open","toga1/2","Nurse shark,Nurse shark;nurse shark",NA,NA,"Ginglymostoma",NA,"Ginglymostomatidae","no_project"
"137246","Chiloscyllium punctatum","Orectolobiformes","Chondrichthyes","Fish","NEAR THREATENED",TRUE,TRUE,FALSE,1,0,0,0,0,"Tissue","species","Chiloscyllium punctatum","Chromosome",93668967,5342658,33501,"2025-02-07",NA,4594840000,53,2,"published","toga1/2","Grey Carpetshark,Brownbanded bamboo shark;brownbanded bambooshark",NA,NA,"Chiloscyllium",NA,"Hemiscylliidae","no_project"
"170820","Hemiscyllium ocellatum","Orectolobiformes","Chondrichthyes","Fish","LEAST CONCERN",TRUE,TRUE,FALSE,1,0,0,0,0,"Tissue","species","Hemiscyllium ocellatum","Chromosome",83580160,8845575,NA,"2021-11-05",NA,4294390000,53,2,"insdc_open","toga1/2","Epaulette Shark,Epaulette shark;epaulette shark",NA,NA,"Hemiscyllium",NA,"Hemiscylliidae","no_project"
"161584","Syngnathus acus","Syngnathiformes","Actinopteri","Fish","LEAST CONCERN",TRUE,TRUE,FALSE,1,0,0,0,0,"Tissue","species","Syngnathus acus","Chromosome",14974571,11959915,NA,"2020-07-31",94.9,533010000,22,2,"insdc_open","toga1/2","Longsnout Pipefish,greater pipefish",NA,NA,"Syngnathus",NA,"Syngnathidae","no_project"
"7808","Carcharhinus plumbeus","Carcharhiniformes","Chondrichthyes","Fish","VULNERABLE",FALSE,TRUE,FALSE,1,0,0,0,0,"Tissue","genus","Carcharhinus longimanus","Scaffold",93500205,5282,NA,"2023-06-13",NA,3132220000,37,2,"insdc_open","toga1/2","Sandbar shark",NA,NA,"Carcharhinus",NA,"Carcharhinidae","no_project"
"263686","Carcharhinus melanopterus","Carcharhiniformes","Chondrichthyes","Fish","VULNERABLE",FALSE,TRUE,FALSE,1,0,0,0,0,"Kidney/heart/fin/muscle/nose","genus","Carcharhinus longimanus","Scaffold",93500205,5282,NA,"2023-06-13",NA,2934000000,39,2,"insdc_open","toga1/2","Blacktip Reef Shark,Blacktip reef shark",NA,NA,"Carcharhinus",NA,"Carcharhinidae","no_project"
"109288","Hippocampus reidi","Syngnathiformes","Actinopteri","Fish","NEAR THREATENED",FALSE,TRUE,FALSE,4,0,0,0,0,"Tissue (whole specimen)","genus","Hippocampus zosterae","Chromosome",26043804,22513697,NA,"2022-09-29",NA,567240000,22,2,"insdc_open","toga1/2",NA,NA,NA,"Hippocampus",NA,"Syngnathidae","no_project"
"68454","Scyliorhinus stellaris","Carcharhiniformes","Chondrichthyes","Fish","VULNERABLE",FALSE,TRUE,FALSE,1,0,0,0,0,"Tissue","genus","Scyliorhinus torazame","Chromosome",266286206,3187150,27605,"2025-02-07",NA,6014700000,36,2,"published","toga1/2","Nursehound,Nursehound shark",NA,NA,"Scyliorhinus",NA,"Scyliorhinidae","no_project"
"342570","Calotriton arnoldi","Caudata","Amphibia","Amphibia","CRITICALLY ENDANGERED",TRUE,TRUE,FALSE,5,0,0,0,0,"tongue/head/skin/testicles/frozen tail/trachea","species","Calotriton arnoldi","Scaffold",1649920,1599425,NA,"2024-02-07",NA,27012360000,12,3,"insdc_open","toga1/2","Montseny Brook newt,Montseny brook newt",NA,NA,"Calotriton","Pleurodelinae","Salamandridae","tetrapod"
"8296","Ambystoma mexicanum","Caudata","Amphibia","Amphibia","CRITICALLY ENDANGERED",TRUE,TRUE,FALSE,4,0,0,0,0,"Tail/Limb/muscle/kidney/Heart","species","Ambystoma mexicanum","Chromosome",1489131749,23068610,NA,"2024-07-30",NA,34719000000,14,3,"insdc_open","toga1/2","Axolotl,Mexican axolotl;axolotl",NA,NA,"Ambystoma",NA,"Ambystomatidae","tetrapod"
"8319","Pleurodeles waltl","Caudata","Amphibia","Amphibia","NEAR THREATENED",TRUE,TRUE,FALSE,2,1,1,0,0,"larvae/Trachea","species","Pleurodeles waltl","Chromosome",1360680797,20474000,13359,"2024-03-19",NA,20929200000,12,3,"insdc_open","toga1/2","Sharp-ribbed Salamander,Spanish ribbed newt;Iberian ribbed newt",NA,NA,"Pleurodeles",NA,"Salamandridae","tetrapod"
"256425","Lissotriton helveticus","Caudata","Amphibia","Amphibia","LEAST CONCERN",TRUE,TRUE,FALSE,1,0,1,0,0,"Tail","species","Lissotriton helveticus","Chromosome",2132484007,7795245,NA,"2024-10-17",93,25760520000,12,3,"insdc_open","toga1/2","Palmate Newt,Palmate newt;Newt, Palmate;palmate newt",NA,NA,"Lissotriton",NA,"Salamandridae","tetrapod"
"8328","Triturus marmoratus","Caudata","Amphibia","Amphibia","VULNERABLE",FALSE,TRUE,FALSE,4,1,1,0,0,"Tissue (skin)","genus","Triturus cristatus","Chromosome",1248769876,8497210,NA,"2024-07-31",92.7,23472000000,12,3,"insdc_open","toga1/2","Marbled Newt,Marbled newt",NA,NA,"Triturus",NA,"Salamandridae","tetrapod"
"30374","Calotriton asper","Caudata","Amphibia","Amphibia","LEAST CONCERN",FALSE,TRUE,FALSE,1,0,0,0,0,"Tail","genus","Calotriton arnoldi","Scaffold",1649920,1599425,NA,"2024-02-07",NA,27012360000,12,3,"insdc_open","toga1/2","Pyrenean Brook Salamander,Pyrenean brook salamander",NA,NA,"Calotriton",NA,"Salamandridae","tetrapod"
"57571","Salamandra salamandra","Caudata","Amphibia","Amphibia","VULNERABLE",FALSE,TRUE,FALSE,1,0,0,0,0,"Larva","family","Lissotriton helveticus","Chromosome",2132484007,7795245,NA,"2024-10-17",93,33256890000,12,3,"insdc_open","toga1/2","Common Fire Salamander,Fire salamander",NA,NA,"Salamandra",NA,"Salamandridae","tetrapod"
"197464","Agalychnis callidryas","Anura","Amphibia","Amphibia","LEAST CONCERN",TRUE,TRUE,FALSE,1,0,0,0,0,"Tissue","species","Agalychnis callidryas","Scaffold",1831,1757,NA,"2025-01-28",NA,6518370000,20,3,"insdc_open","toga1/2","Red-eyed Treefrog,red-eyed leaf frog",NA,NA,"Agalychnis",NA,"Hylidae","tetrapod"
"8355","Xenopus laevis","Anura","Amphibia","Amphibia","LEAST CONCERN",TRUE,TRUE,FALSE,1,0,1,0,0,"Skin/liver/heart/muscle/eye","species","Xenopus laevis","Chromosome",155250555,22451507,45942,"2021-04-12",NA,3080700000,18,4,"insdc_open","toga1/2","African Clawed Frog,African clawed frog",NA,NA,"Xenopus",NA,"Pipidae","tetrapod"
"8364","Xenopus tropicalis","Anura","Amphibia","Amphibia","LEAST CONCERN",TRUE,TRUE,FALSE,1,1,1,0,0,"Skin/liver/heart/muscle/eye","species","Xenopus tropicalis","Chromosome",153961319,14634335,25015,"2019-11-14",88.5,1701720000,10,2,"insdc_open","toga1/2","Tropical Clawed Frog,Western clawed frog;tropical clawed frog",NA,NA,"Xenopus",NA,"Pipidae","tetrapod"
"8354","Xenopus borealis","Anura","Amphibia","Amphibia","LEAST CONCERN",TRUE,TRUE,FALSE,1,0,0,0,0,"Eye / Heart / Muscle / Skin / Liver","species","Xenopus borealis","Chromosome",143989302,21213,NA,"2022-07-22",NA,3481680000,18,4,"insdc_open","toga1/2","Marsabit Clawed Frog,Clawed frog;Kenyan clawed frog",NA,NA,"Xenopus",NA,"Pipidae","tetrapod"
"8351","Discoglossus pictus","Anura","Amphibia","Amphibia","LEAST CONCERN",TRUE,TRUE,FALSE,1,1,1,0,0,"Fingertips/Tail","species","Discoglossus pictus","Chromosome",453717995,3043591,NA,"2022-12-28",NA,5134500000,14,4,"insdc_open","toga1/2","Painted Frog,Painted frog;painted frog",NA,NA,"Discoglossus",NA,"Alytidae","tetrapod"
"375434","Leptodactylus fallax","Anura","Amphibia","Amphibia","CRITICALLY ENDANGERED",TRUE,TRUE,FALSE,1,1,1,0,0,"Muscle / skin / heart","species","Leptodactylus fallax","Scaffold",4630249,4630249,NA,"2022-10-08",NA,3141825000,11,4,"insdc_open","toga1/2","Mountain Chicken,mountain chicken frog",NA,NA,"Leptodactylus",NA,"Leptodactylidae","tetrapod"
"97955","Alytes muletensis","Anura","Amphibia","Amphibia","ENDANGERED",FALSE,TRUE,FALSE,4,0,0,0,0,"Tissue (skin)","family","Discoglossus pictus","Chromosome",453717995,3043591,NA,"2022-12-28",NA,8058720000,14,4,"insdc_open","toga1/2",NA,NA,NA,"Alytes",NA,"Alytidae","tetrapod"
"288514","Xenopus longipes","Anura","Amphibia","Amphibia","CRITICALLY ENDANGERED",FALSE,TRUE,FALSE,1,0,0,0,0,"Skin/liver/heart","genus","Xenopus petersii","Chromosome",160347489,15294995,NA,"2024-04-29",NA,3542805000,54,12,"insdc_open","toga1/2",NA,NA,NA,"Xenopus",NA,"Pipidae","tetrapod"
"288535","Xenopus allofraseri","Anura","Amphibia","Amphibia","LEAST CONCERN",FALSE,TRUE,FALSE,1,0,1,0,0,"Skin/liver/heart/muscle","genus","Xenopus petersii","Chromosome",160347489,15294995,NA,"2024-04-29",NA,3542805000,18,4,"insdc_open","toga1/2",NA,NA,NA,"Xenopus",NA,"Pipidae","tetrapod"
"288550","Xenopus boumbaensis","Anura","Amphibia","Amphibia","NEAR THREATENED",FALSE,TRUE,FALSE,1,0,1,0,0,"Skin/liver/heart/muscle/lung","genus","Xenopus petersii","Chromosome",160347489,15294995,NA,"2024-04-29",NA,3542805000,72,8,"insdc_open","toga1/2",NA,NA,NA,"Xenopus",NA,"Pipidae","tetrapod"
"655841","Bufo spinosus","Anura","Amphibia","Amphibia","LEAST CONCERN",FALSE,TRUE,FALSE,2,0,0,0,0,"Tissue (skin)","genus","Bufo bufo","Chromosome",635713434,3959750,NA,"2021-01-28",90.1,6000030000,11,3,"insdc_open","toga1/2",NA,NA,NA,"Bufo",NA,"Bufonidae","tetrapod"
"168099","Rana pyrenaica","Anura","Amphibia","Amphibia","ENDANGERED",FALSE,TRUE,FALSE,1,0,0,0,0,"Whole specimen","genus","Rana muscosa","Chromosome",938497014,4644276,NA,"2023-03-14",NA,5222520000,13,3,"insdc_open","toga1/2",NA,NA,NA,"Rana",NA,"Ranidae","tetrapod"
"105427","Xenopus muelleri","Anura","Amphibia","Amphibia","LEAST CONCERN",FALSE,TRUE,FALSE,1,0,0,0,0,"Eye / Heart / Muscle / Skin / Liver","genus","Xenopus petersii","Chromosome",160347489,15294995,NA,"2024-04-29",NA,3603930000,18,4,"insdc_open","toga1/2","Müller's Clawed Toad,Mueller's clawed frog",NA,NA,"Xenopus",NA,"Pipidae","tetrapod"
"451448","Xenopus fischbergi","Anura","Amphibia","Amphibia","LEAST CONCERN",FALSE,TRUE,FALSE,1,0,0,0,0,"Eye / Heart / Muscle / Skin / Liver","genus","Xenopus petersii","Chromosome",160347489,15294995,NA,"2024-04-29",NA,3542805000,18,4,"insdc_open","toga1/2",NA,NA,NA,"Xenopus",NA,"Pipidae","tetrapod"
"30326","Epidalea calamita","Anura","Amphibia","Amphibia","LEAST CONCERN",FALSE,TRUE,FALSE,1,1,1,0,0,"Fingertips","family","Anaxyrus boreas","Scaffold",646048006,2844713,NA,"2024-08-22",NA,4166280000,11,3,"insdc_open","toga1/2","Natterjack Toad,Natterjack toad;Toad, Natterjack;Natterjack Toad",NA,NA,"Epidalea",NA,"Bufonidae","tetrapod"
"272192","Hyla meridionalis","Anura","Amphibia","Amphibia","LEAST CONCERN",FALSE,TRUE,FALSE,2,1,1,0,0,"Fingertips","genus","Hyla sarda","Chromosome",384967061,3809262,NA,"2023-04-07",NA,4312979999,12,3,"insdc_open","toga1/2",NA,NA,NA,"Hyla",NA,"Hylidae","tetrapod"
"43542","Pelodytes punctatus","Anura","Amphibia","Amphibia","LEAST CONCERN",TRUE,TRUE,FALSE,1,0,0,0,0,"Fingertips","genus","Pelodytes ibericus","Chromosome",222280400,19137354,NA,"2024-01-26",NA,2386320000,12,4,"insdc_open","toga1/2","Pelodytes punctatus,Parsley frog",NA,NA,"Pelodytes",NA,"Pelodytidae","tetrapod"
"8403","Pelophylax perezi","Anura","Amphibia","Amphibia","LEAST CONCERN",FALSE,TRUE,FALSE,2,1,1,0,0,"Larva","genus","Pelophylax lessonae","Chromosome",677924506,3786355,NA,"2025-02-11",91.7,6288540000,13,2,"insdc_open","toga1/2",NA,NA,NA,"Pelophylax",NA,"Ranidae","tetrapod"
"84099","Paleosuchus palpebrosus","Crocodylia",NA,"Reptil","LEAST CONCERN",TRUE,TRUE,FALSE,1,0,0,0,0,"Trachea","species","Paleosuchus palpebrosus","Scaffold",275,274,NA,"2025-02-04",NA,3290970000,21,2,"insdc_open","toga1/2","Dwarf caiman,Cuvier's dwarf caiman",NA,NA,"Paleosuchus","Caimaninae","Alligatoridae","tetrapod"
"184239","Crocodylus rhombifer","Crocodylia",NA,"Reptil","CRITICALLY ENDANGERED",TRUE,TRUE,FALSE,1,1,1,0,0,"Trachea","species","Crocodylus rhombifer","Scaffold",478168,99156,NA,"2024-04-26",NA,2777520000,15,2,"insdc_open","toga1/2","Cuban Crocodile,Cuban crocodile",NA,NA,"Crocodylus",NA,"Crocodylidae","illumina"
"184242","Osteolaemus tetraspis","Crocodylia",NA,"Reptil","VULNERABLE",FALSE,TRUE,FALSE,1,1,1,0,0,"Trachea","family","Crocodylus siamensis","Chromosome",247920864,22917388,NA,"2025-08-18",NA,2777520000,19,2,NA,"toga1/2",NA,NA,NA,"Osteolaemus",NA,"Crocodylidae","illumina"
"167804","Aldabrachelys gigantea","Testudines",NA,"Reptil","VULNERABLE",TRUE,TRUE,FALSE,2,1,1,0,0,NA,"species","Aldabrachelys gigantea","Chromosome",148569599,58656949,NA,"2022-11-15",NA,2889990000,26,2,"insdc_open","toga1/2","Aldabra giant tortoise","Geochelone gigantea",NA,"Aldabrachelys",NA,"Testudinidae","tetrapod"
"8467","Caretta caretta","Testudines",NA,"Reptil","VULNERABLE",TRUE,TRUE,FALSE,2,2,0,2,0,"Blood","species","Caretta caretta","Chromosome",137541926,124322749,24360,"2025-02-13",NA,2581920000,27,2,"insdc_open","toga1/2","Loggerhead Turtle,Turtle, Loggerhead Sea;Loggerhead turtle",NA,NA,"Caretta",NA,"Cheloniidae","tetrapod"
"74909","Cuora amboinensis","Testudines",NA,"Reptil","VULNERABLE",TRUE,TRUE,FALSE,1,0,0,0,0,"Trachea","species","Cuora amboinensis","Scaffold",247606,47152,NA,"2019-03-22",86.4,2229840000,25,2,"insdc_open","toga1/2","Southeast Asian box turtle,Malayan box turtle;Amboina box turtle",NA,"kamaroma","Cuora",NA,"Geoemydidae","tetrapod"
"176197","Mauremys leprosa","Testudines",NA,"Reptil","VULNERABLE",FALSE,TRUE,FALSE,2,0,0,0,0,"Trachea","genus","Mauremys mutica","Chromosome",135065811,15010728,23448,"2021-10-14",NA,2073360000,25,2,"insdc_open","toga1/2",NA,NA,NA,"Mauremys",NA,"Geoemydidae","tetrapod"
"158816","Terrapene nelsoni","Testudines",NA,"Reptil","NA",FALSE,TRUE,FALSE,2,0,0,0,0,"Tissue","genus","Terrapene carolina","Scaffold",118976305,7809,NA,"2024-11-10",NA,2405880000,25,2,"insdc_open","toga1/2",NA,NA,NA,"Terrapene",NA,"Emydidae","tetrapod"
"569598","Stigmochelys pardalis","Testudines",NA,"Reptil","LEAST CONCERN",FALSE,TRUE,FALSE,1,0,0,0,0,NA,"family","Gopherus flavomarginatus","Chromosome",162938067,6917139,NA,"2022-09-15",NA,2464560000,26,2,"insdc_open","toga1/2","Leopard Tortoise,Leopard tortoise",NA,NA,"Stigmochelys",NA,"Testudinidae","tetrapod"
"86976","Testudo hermanni","Testudines",NA,"Reptil","ENDANGERED",FALSE,TRUE,FALSE,1,0,0,0,0,"Tissue","genus","Testudo graeca","Chromosome",130162285,133608,NA,"2024-07-19",NA,3423000000,26,2,"insdc_open","toga1/2","Balkan Hermann's tortoise,Hermann's tortoise",NA,"hermanni","Testudo",NA,"Testudinidae","tetrapod"
"55547","Heosemys spinosa","Testudines",NA,"Reptil","ENDANGERED",FALSE,TRUE,FALSE,1,0,0,0,0,"Trachea","family","Pangshura tecta","Chromosome",136649681,54152134,NA,"2024-12-06",NA,4009799999,26,2,"insdc_open","toga1/2","Spiny Turtle,Spiny turtle",NA,NA,"Heosemys",NA,"Geoemydidae","tetrapod"
"571338","Macrochelys temminckii","Testudines",NA,"Reptil","VULNERABLE",FALSE,TRUE,FALSE,1,0,0,0,0,"Trachea","genus","Macrochelys suwanniensis","Chromosome",139680232,43882550,NA,"2023-11-06",NA,2547690000,26,2,"insdc_open","toga1/2",NA,NA,NA,"Macrochelys",NA,"Chelydridae","tetrapod"
"33571","Graptemys pseudogeographica","Testudines",NA,"Reptil","LEAST CONCERN",FALSE,TRUE,FALSE,1,1,1,0,0,NA,"genus","Graptemys geographica","Chromosome",145729234,83656063,NA,"2025-07-18",NA,2122260000,25,2,"insdc_open","toga1/2","Map turtle,False map turtle","Graptemys",NA,"Graptemys",NA,"Emydidae","tetrapod"
"8558","Varanus albigularis","Squamata","Lepidosauria","Reptil","LEAST CONCERN",TRUE,TRUE,FALSE,1,1,1,0,0,"Tissue","species","Varanus albigularis","Scaffold",14924,9422,NA,"2024-10-23",NA,2009790000,20,3,"insdc_open","toga1/2","White-throated monitor",NA,NA,"Varanus",NA,"Varanidae","illumina"
"187939","Furcifer pardalis","Squamata","Lepidosauria","Reptil","LEAST CONCERN",TRUE,TRUE,FALSE,1,0,0,0,0,"Tissue","species","Furcifer pardalis","Chromosome",184669281,158731830,NA,"2023-07-12",NA,2449889999,11,3,"insdc_open","toga1/2",NA,NA,NA,"Furcifer",NA,"Chamaeleonidae","tetrapod"
"481883","Eublepharis macularius","Squamata","Lepidosauria","Reptil","LEAST CONCERN",TRUE,TRUE,FALSE,1,0,0,0,0,"Trachea","species","Eublepharis macularius","Chromosome",145573841,80105973,NA,"2023-02-10",NA,2405880000,19,2,"insdc_open","toga1/2","Leopard gecko",NA,NA,"Eublepharis",NA,"Eublepharidae","tetrapod"
"865857","Caribicus warreni","Squamata","Lepidosauria","Reptil","VULNERABLE",TRUE,TRUE,FALSE,2,1,1,0,0,"Trachea","none","none","No Genome",NA,NA,NA,NA,NA,1515900000,18,3,NA,"toga1/2",NA,NA,NA,"Caribicus",NA,"Diploglossidae","tetrapod"
"184164","Malpolon monspessulanus","Squamata","Lepidosauria","Reptil","LEAST CONCERN",TRUE,TRUE,FALSE,2,1,1,0,0,NA,"species","Malpolon monspessulanus","Chromosome",121923953,32743049,NA,"2024-09-25",NA,1476780000,21,3,"insdc_open","toga1/2","Western Montpellier Snake,Montpellier snake",NA,NA,"Malpolon",NA,"Lamprophiidae","tetrapod"
"166086","Hemorrhois hippocrepis","Squamata","Lepidosauria","Reptil","LEAST CONCERN",TRUE,TRUE,FALSE,1,1,1,0,0,NA,"species","Hemorrhois hippocrepis","Chromosome",153613759,54718507,NA,"2024-11-17",NA,1691940000,18,3,"insdc_open","toga1/2","Horseshoe Whip Snake,horseshoe snake",NA,NA,"Hemorrhois",NA,"Colubridae","tetrapod"
"94885","Pantherophis guttatus","Squamata","Lepidosauria","Reptil","LEAST CONCERN",TRUE,TRUE,FALSE,1,0,0,0,0,"Kidney","species","Pantherophis guttatus","Scaffold",63228677,3031475,NA,"2023-03-31",25.6,2127150000,18,3,"insdc_open","toga1/2",NA,NA,NA,"Pantherophis",NA,"Colubridae","tetrapod"
"500334","Ctenosaura bakeri","Squamata","Lepidosauria","Reptil","CRITICALLY ENDANGERED",TRUE,TRUE,FALSE,1,1,1,0,0,"Kidney","species","Ctenosaura bakeri","Contig",444732,444732,NA,"2023-02-03",NA,2601480000,18,3,"insdc_open","toga1/2",NA,NA,NA,"Ctenosaura",NA,"Iguanidae","tetrapod"
"2025560","Natrix helvetica","Squamata","Lepidosauria","Reptil","LEAST CONCERN",TRUE,TRUE,FALSE,1,0,0,0,0,"Lung, skin","species","Natrix helvetica","Chromosome",172830377,1870695,NA,"2024-10-05",92.7,2298300000,18,3,"insdc_open","toga1/2","European Grass Snake,Snake, Grass",NA,NA,"Natrix",NA,"Colubridae","tetrapod"
"100823","Natrix natrix","Squamata","Lepidosauria","Reptil","LEAST CONCERN",TRUE,TRUE,FALSE,1,0,0,0,0,"kidney/liver/skin","species","Natrix natrix","Scaffold",1579101,1528028,NA,"2023-04-28",NA,2645490000,18,3,"insdc_open","toga1/2","Grass Snake,European grass snake",NA,NA,"Natrix",NA,"Colubridae","tetrapod"
"91907","Chamaeleo chamaeleon","Squamata","Lepidosauria","Reptil","LEAST CONCERN",FALSE,TRUE,FALSE,1,1,1,0,0,"Tissue","genus","Chamaeleo calyptratus","Chromosome",278718720,14096519,NA,"2024-10-24",NA,2934000000,12,3,"insdc_open","toga1/2",NA,NA,NA,"Chamaeleo",NA,"Chamaeleonidae","illumina"
"52167","Uromastyx acanthinura","Squamata","Lepidosauria","Reptil","NEAR THREATENED",FALSE,TRUE,FALSE,1,0,0,0,0,"Tissue","family","Pogona vitticeps","Chromosome",274873533,202516942,NA,"2025-01-31",92.5,2141820000,17,3,"insdc_open","toga1/2","Dabb spiny-tailed lizard,Black spiny-tailed lizard",NA,NA,"Uromastyx",NA,"Agamidae","tetrapod"
"62050","Varanus prasinus","Squamata","Lepidosauria","Reptil","LEAST CONCERN",FALSE,TRUE,FALSE,1,0,1,0,0,"Trachea","genus","Varanus acanthurus","Chromosome",113866299,1773328,NA,"2025-04-30",NA,2009790000,20,3,"insdc_open","toga1/2",NA,NA,NA,"Varanus",NA,"Varanidae","illumina"
"51751","Python regius","Squamata","Lepidosauria","Reptil","LEAST CONCERN",FALSE,TRUE,FALSE,2,0,0,0,0,"Trachea","genus","Python bivittatus","Scaffold",213970,10658,NA,"2013-09-15",89.2,1789740000,18,3,"insdc_open","toga1/2",NA,NA,NA,"Python",NA,"Pythonidae","tetrapod"
"140017","Lampropeltis triangulum","Squamata","Lepidosauria","Reptil","LEAST CONCERN",FALSE,TRUE,FALSE,1,0,0,0,0,"Trachea","family","Ahaetulla prasina","Chromosome",231952326,23873608,NA,"2023-02-22",NA,2640600000,18,3,"insdc_open","toga1/2",NA,NA,"sinaloae","Lampropeltis",NA,"Colubridae","tetrapod"
"96731","Corucia zebrata","Squamata","Lepidosauria","Reptil","NEAR THREATENED",FALSE,TRUE,FALSE,3,1,1,0,0,"Trachea","family","Tiliqua scincoides","Chromosome",242160784,33113817,NA,"2024-01-04",NA,1716390000,16,2,"insdc_open","toga1/2",NA,NA,NA,"Corucia",NA,"Scincidae","tetrapod"
"2083012","Python breitensteini","Squamata","Lepidosauria","Reptil","LEAST CONCERN",FALSE,TRUE,FALSE,1,0,0,0,0,"Trachea","genus","Python bivittatus","Scaffold",213970,10658,NA,"2013-09-15",89.2,1789740000,18,3,"insdc_open","toga1/2",NA,NA,NA,"Python",NA,"Pythonidae","tetrapod"
"420545","Dracaena guianensis","Squamata","Lepidosauria","Reptil","LEAST CONCERN",FALSE,TRUE,FALSE,1,1,1,0,0,"Trachea","family","Aspidoscelis tigris","Chromosome",115489130,41557363,NA,"2025-03-05",NA,1872870000,19,2,"insdc_open","toga1/2",NA,NA,NA,"Dracaena",NA,"Teiidae","illumina"
"51850","Acrantophis dumerili","Squamata","Lepidosauria","Reptil","LEAST CONCERN",FALSE,TRUE,FALSE,2,0,0,0,0,"Trachea","family","Candoia aspera","Chromosome",209480725,55640180,NA,"2024-01-18",NA,1872870000,17,3,"insdc_open","toga1/2",NA,NA,NA,"Acrantophis",NA,"Boidae","tetrapod"
"299743","Macroprotodon mauritanicus","Squamata","Lepidosauria","Reptil","LEAST CONCERN",FALSE,TRUE,FALSE,1,1,1,0,0,NA,"family","Ahaetulla prasina","Chromosome",231952326,23873608,NA,"2023-02-22",NA,2041575000,18,3,"insdc_open","toga1/2",NA,NA,NA,"Macroprotodon",NA,"Colubridae","tetrapod"
"186548","Coronella girondica","Squamata","Lepidosauria","Reptil","LEAST CONCERN",FALSE,TRUE,FALSE,1,1,1,0,0,"Trachea, kidney, eye","family","Ahaetulla prasina","Chromosome",231952326,23873608,NA,"2023-02-22",NA,2523240000,18,3,"insdc_open","toga1/2","Southern Smooth Snake,Southern smooth snake",NA,NA,"Coronella",NA,"Colubridae","tetrapod"
"201445","Coronella austriaca","Squamata","Lepidosauria","Reptil","LEAST CONCERN",FALSE,TRUE,FALSE,1,0,0,0,0,"lung / skin/ovary/liver","family","Ahaetulla prasina","Chromosome",231952326,23873608,NA,"2023-02-22",NA,1848420000,18,3,"insdc_open","toga1/2","Smooth Snake,Smooth snake;Snake, Smooth",NA,NA,"Coronella",NA,"Colubridae","tetrapod"
"399537","Timon lepidus","Squamata","Lepidosauria","Reptil","LEAST CONCERN",FALSE,TRUE,FALSE,1,1,1,0,0,"trachea / skin/liver","family","Podarcis vaucheri","Chromosome",100944791,2992141,NA,"2025-01-24",95.1,2298300000,18,2,"insdc_open","toga1/2","Ocellated Lizard,Jeweled lacerta",NA,NA,"Timon",NA,"Lacertidae","tetrapod"
"51212","Ctenosaura similis","Squamata","Lepidosauria","Reptil","LEAST CONCERN",FALSE,TRUE,FALSE,1,1,1,0,0,"Kidney","genus","Ctenosaura bakeri","Contig",444732,444732,NA,"2023-02-03",NA,2601480000,18,3,"insdc_open","toga1/2",NA,NA,NA,"Ctenosaura",NA,"Iguanidae","tetrapod"
"383824","Sceloporus serrifer","Squamata","Lepidosauria","Reptil","LEAST CONCERN",FALSE,TRUE,FALSE,1,0,0,0,0,"Kidney","genus","Sceloporus undulatus","Chromosome",275632209,75501,NA,"2021-07-08",NA,2489010000,16,3,"insdc_open","toga1/2",NA,NA,NA,"Sceloporus",NA,"Phrynosomatidae","tetrapod"
"166085","Hierophis viridiflavus","Squamata","Lepidosauria","Reptil","LEAST CONCERN",FALSE,TRUE,FALSE,1,1,1,0,0,"Lung, kidney","family","Ahaetulla prasina","Chromosome",231952326,23873608,NA,"2023-02-22",NA,2669940000,18,3,"insdc_open","toga1/2","Western Whip Snake,Western whip snake",NA,NA,"Hierophis",NA,"Colubridae","tetrapod"
"80460","Psammodromus algirus","Squamata","Lepidosauria","Reptil","LEAST CONCERN",FALSE,TRUE,FALSE,3,1,1,0,0,"Skin/liver/tail","family","Podarcis vaucheri","Chromosome",100944791,2992141,NA,"2025-01-24",95.1,2122260000,19,2,"insdc_open","toga1/2","Large Psammodromus,Large psammodromus",NA,NA,"Psammodromus",NA,"Lacertidae","tetrapod"
"111511","Acanthodactylus erythrurus","Squamata","Lepidosauria","Reptil","LEAST CONCERN",FALSE,TRUE,FALSE,2,0,0,0,0,"Tail","family","Podarcis vaucheri","Chromosome",100944791,2992141,NA,"2025-01-24",95.1,1408320000,19,2,"insdc_open","toga1/2",NA,NA,NA,"Acanthodactylus",NA,"Lacertidae","tetrapod"
"103699","Chlamydosaurus kingii","Squamata","Lepidosauria","Reptil","LEAST CONCERN",FALSE,TRUE,FALSE,3,1,1,0,0,NA,"family","Pogona vitticeps","Chromosome",274873533,202516942,NA,"2025-01-31",92.5,1819080000,16,3,"insdc_open","toga1/2",NA,NA,NA,"Chlamydosaurus",NA,"Agamidae","illumina"
"299738","Macroprotodon brevis","Squamata","Lepidosauria","Reptil","NEAR THREATENED",FALSE,TRUE,FALSE,2,1,1,0,0,"Skin, Tissue (skin)","family","Ahaetulla prasina","Chromosome",231952326,23873608,NA,"2023-02-22",NA,2041575000,18,3,"insdc_open","toga1/2",NA,NA,NA,"Macroprotodon",NA,"Colubridae","tetrapod"
"201439","Zamenis longissimus","Squamata","Lepidosauria","Reptil","LEAST CONCERN",FALSE,TRUE,FALSE,2,0,1,0,0,"Kidney, Liver, kidney","family","Ahaetulla prasina","Chromosome",231952326,23873608,NA,"2023-02-22",NA,1779960000,18,3,"insdc_open","toga1/2","Aesculapian Ratsnake,Aesculapian snake","Zanemis longissimus",NA,"Zamenis",NA,"Colubridae","tetrapod"
"122933","Zamenis scalaris","Squamata","Lepidosauria","Reptil","LEAST CONCERN",FALSE,TRUE,FALSE,2,1,1,0,0,"Kidney, Liver, lung","family","Ahaetulla prasina","Chromosome",231952326,23873608,NA,"2023-02-22",NA,1985339999,18,3,"insdc_open","toga1/2","Ladder Snake,Ladder snake","Zamenis scalaris",NA,"Zamenis",NA,"Colubridae","tetrapod"
"54508","Jacana jacana","Charadriiformes","Aves","Birds","LEAST CONCERN",TRUE,TRUE,FALSE,1,1,1,0,0,"Trachea","species","Jacana jacana","Scaffold",126631,31221,14651,"2020-07-10",NA,1418100000,41,2,"insdc_open","not_in_toga","Wattled jacana,wattled jacana",NA,NA,"Jacana",NA,"Jacanidae","illumina"
"8928","Ciconia ciconia","Ciconiiformes","Aves","Birds","LEAST CONCERN",TRUE,TRUE,FALSE,3,1,1,0,0,"Tissue","species","Ciconia ciconia","Scaffold",24544117,180212,NA,"2023-07-31",NA,1545240000,34,2,"insdc_open","toga1/2","White stork,White stork;White Stork",NA,NA,"Ciconia",NA,"Ciconiidae","illumina"
"57412","Colius striatus","Coliiformes","Aves","Birds","LEAST CONCERN",TRUE,TRUE,FALSE,2,1,1,0,0,"Trachea","species","Colius striatus","Chromosome",89023854,21931325,12892,"2023-02-24",83.7,1437660000,39,2,"insdc_open","toga2","Speckled Mousebird,speckled mousebird",NA,NA,"Colius",NA,"Coliidae","illumina"
"54383","Eurypyga helias","Eurypygiformes","Aves","Birds","LEAST CONCERN",TRUE,TRUE,FALSE,1,0,0,0,0,"Tissue","species","Eurypyga helias","Scaffold",47243,24402,13601,"2014-05-13",84.60000000000001,1419322500,40,2,"insdc_open","not_in_toga","Sunbittern,sunbittern",NA,NA,"Eurypyga",NA,"Eurypygidae","tetrapod"
"8797","Rhea americana","Rheiformes","Aves","Birds","NEAR THREATENED",TRUE,FALSE,FALSE,2,2,2,0,0,"Trachea/Skin","species","Rhea americana","Scaffold",3949999,88762,NA,"2018-07-26",96.9,1555020000,40,2,"insdc_open","not_in_toga","Greater rhea,greater rhea",NA,NA,"Rhea",NA,"Rheidae","tetrapod"
"8895","Apus apus","Apodiformes","Aves","Birds","LEAST CONCERN",TRUE,TRUE,FALSE,1,0,1,0,0,NA,"species","Apus apus","Chromosome",115508478,25561769,NA,"2021-11-04",NA,1251840000,39,2,"insdc_open","toga2","Common swift,Swift;Common Swift;common swift",NA,NA,"Apus",NA,"Apodidae","illumina"
"155086","Bucorvus leadbeateri","Bucerotiformes","Aves","Birds","VULNERABLE",TRUE,TRUE,FALSE,1,1,1,0,0,"Trachea","species","Bucorvus leadbeateri","Chromosome",40451533,574159,NA,"2024-10-03",NA,1398540000,44,2,"insdc_open","toga1/2","Southern ground hornbill,southern ground hornbill",NA,NA,"Bucorvus",NA,"Bucorvidae","illumina"
"8790","Dromaius novaehollandiae","Casuariiformes","Aves","Birds","LEAST CONCERN",TRUE,TRUE,FALSE,1,0,0,0,0,"Tissue","species","Dromaius novaehollandiae","Chromosome",77929039,24239989,15115,"2024-02-26",96.8,1555020000,40,2,"insdc_open","toga1","Common Emu,Emu;emu",NA,NA,"Dromaius",NA,"Dromaiidae","tetrapod"
"170866","Halcyon malimbica","Coraciiformes","Aves","Birds","LEAST CONCERN",TRUE,TRUE,FALSE,1,0,0,0,0,"Tissue","species","Halcyon malimbica","Scaffold",63048,26796,NA,"2022-08-01",NA,1545240000,38,2,"insdc_open","toga1/2",NA,NA,NA,"Halcyon",NA,"Alcedinidae","tetrapod"
"148594","Falco naumanni","Falconiformes","Aves","Birds","LEAST CONCERN",TRUE,FALSE,FALSE,2,0,1,0,0,"Tissue/Trachea","species","Falco naumanni","Chromosome",91761059,13754753,NA,"2021-03-30",97.1,1403430000,26,2,"insdc_open","not_in_toga","Lesser Kestrel,Lesser Kestrel;lesser kestrel",NA,NA,"Falco",NA,"Falconidae","tetrapod"
"345164","Falco cherrug","Falconiformes","Aves","Birds","ENDANGERED",TRUE,TRUE,FALSE,1,0,0,0,0,"Tissue (skin)","species","Falco cherrug","Chromosome",92426045,21245687,NA,"2022-06-02",97,1403430000,26,2,"insdc_open","toga2","Saker falcon",NA,NA,"Falco",NA,"Falconidae","tetrapod"
"95723","Ramphastos toco","Piciformes","Aves","Birds","LEAST CONCERN",TRUE,TRUE,FALSE,1,1,1,0,0,"Tissue","species","Ramphastos toco","Scaffold",32078995,10117,NA,"2024-07-30",NA,1760400000,57,2,"insdc_open","toga1/2","Toco toucan,Toco toucan;toco toucan",NA,NA,"Ramphastos",NA,"Ramphastidae","illumina"
"92683","Spheniscus demersus","Sphenisciformes","Aves","Birds","ENDANGERED",TRUE,TRUE,FALSE,3,2,2,0,0,"Tissue","species","Spheniscus demersus","Chromosome",88319617,18147389,15881,"2025-06-17",96,1594140000,36,2,"insdc_open","not_in_toga","Jackass penguin,Jackass penguin;jackass penguin",NA,NA,"Spheniscus",NA,"Spheniscidae","illumina"
"9240","Spheniscus humboldti","Sphenisciformes","Aves","Birds","VULNERABLE",TRUE,TRUE,FALSE,6,2,2,0,0,"Tissue","species","Spheniscus humboldti","Chromosome",89079306,13936613,16378,"2022-12-28",97.5,1594140000,39,2,"insdc_open","not_in_toga","Humboldt penguin,Humboldt's penguin",NA,NA,"Spheniscus",NA,"Spheniscidae","illumina"
"8787","Casuarius casuarius","Casuariiformes","Aves","Birds","LEAST CONCERN",TRUE,TRUE,FALSE,1,1,1,0,0,"Trachea/Skin","species","Casuarius casuarius","Scaffold",3704890,165721,15110,"2018-07-26",NA,1555020000,46,2,"insdc_open","not_in_toga","Southern cassowary,Australian cassowary;southern cassowary",NA,NA,"Casuarius",NA,"Casuariidae","tetrapod"
"1160816","Apus pallidus","Apodiformes","Aves","Birds","LEAST CONCERN",TRUE,TRUE,FALSE,3,0,0,0,0,NA,"genus","Apus apus","Chromosome",115508478,25561769,NA,"2021-11-04",NA,1251840000,35,2,"insdc_open","toga2","Pallid Swift",NA,NA,"Apus",NA,"Apodidae","tetrapod"
"175834","Penelopides panini","Bucerotiformes","Aves","Birds","ENDANGERED",FALSE,TRUE,FALSE,1,1,1,0,0,"Trachea","family","Tockus erythrorhynchus","Scaffold",39713591,27038,NA,"2025-01-19",NA,1271400000,34,2,"insdc_open","toga1/2",NA,NA,"panini","Penelopides",NA,"Bucerotidae","tetrapod"
"8939","Dacelo novaeguineae","Coraciiformes","Aves","Birds","LEAST CONCERN",FALSE,TRUE,FALSE,1,0,0,0,0,"Trachea","family","Todiramphus chloris","Scaffold",17505536,148777,NA,"2022-09-21",NA,1457220000,38,2,"insdc_open","toga1/2",NA,NA,NA,"Dacelo",NA,"Alcedinidae","tetrapod"
"240740","Trachyphonus erythrocephalus","Piciformes","Aves","Birds","LEAST CONCERN",FALSE,FALSE,FALSE,3,1,1,0,0,"Trachea","family","Pogoniulus pusillus","Chromosome",33994490,16792259,NA,"2020-11-03",96.3,1643040000,46,2,"insdc_open","not_in_toga",NA,NA,NA,"Trachyphonus",NA,"Lybiidae","tetrapod"
"9217","Phoenicopterus ruber","Phoenicopteriformes","Aves","Birds","LEAST CONCERN",TRUE,TRUE,FALSE,4,1,1,0,0,"Trachea","species","Phoenicopterus ruber","Chromosome",85472901,14700712,NA,"2023-04-03",NA,1354530000,40,2,"insdc_open","toga1/2","American flamingo,Greater flamingo",NA,NA,"Phoenicopterus",NA,"Phoenicopteridae","tetrapod"
"435638","Phoenicopterus roseus","Phoenicopteriformes","Aves","Birds","LEAST CONCERN",FALSE,TRUE,FALSE,1,0,0,0,0,"Tissue","genus","Phoenicopterus ruber","Chromosome",85472901,14700712,NA,"2023-04-03",NA,1354530000,40,2,"insdc_open","toga1/2","Greater Flamingo",NA,NA,"Phoenicopterus",NA,"Phoenicopteridae","tetrapod"
"117000","Phoenicopterus chilensis","Phoenicopteriformes","Aves","Birds","NEAR THREATENED",FALSE,TRUE,FALSE,2,2,2,0,0,"Trachea","genus","Phoenicopterus ruber","Chromosome",85472901,14700712,NA,"2023-04-03",NA,1354530000,40,2,"insdc_open","toga1/2",NA,NA,NA,"Phoenicopterus",NA,"Phoenicopteridae","tetrapod"
"223492","Parabuteo unicinctus","Accipitriformes","Aves","Birds","LEAST CONCERN",TRUE,TRUE,FALSE,1,0,0,0,0,"Trachea","species","Parabuteo unicinctus","Scaffold",34879618,1227,NA,"2022-09-20",NA,1398540000,34,2,"insdc_open","toga1/2","Harris' hawk/bay-winged hawk,Harris's hawk",NA,NA,"Parabuteo",NA,"Accipitridae","tetrapod"
"8957","Astur gentilis","Accipitriformes","Aves","Birds","LEAST CONCERN",TRUE,TRUE,FALSE,1,0,0,0,0,"Trachea/Skin","species","Astur gentilis","Chromosome",35025567,17712854,NA,"2022-10-27",97.5,1398540000,39,2,"insdc_open","toga1/2","Northern Goshawk,Goshawk;Northern Goshawk;Northern goshawk","Accipiter gentilis",NA,"Astur",NA,"Accipitridae","tetrapod"
"43583","Sarcoramphus papa","Accipitriformes","Aves","Birds","LEAST CONCERN",TRUE,TRUE,FALSE,1,1,1,0,0,"Skin/traquea","species","Sarcoramphus papa","Chromosome",96420541,40899883,NA,"2024-04-04",NA,1476780000,40,2,"insdc_open","toga1/2","King Vulture,king vulture",NA,NA,"Sarcoramphus",NA,"Cathartidae","tetrapod"
"9123","Gallinula chloropus","Gruiformes","Aves","Birds","LEAST CONCERN",TRUE,TRUE,FALSE,2,0,0,0,0,NA,"species","Gallinula chloropus","Chromosome",90336355,3673000,NA,"2024-08-31",96.9,1496340000,39,2,"insdc_open","toga2","Common Moorhen,Moorhen;Common Moorhen;common moorhen",NA,NA,"Gallinula",NA,"Rallidae","tetrapod"
"54359","Psophia crepitans","Gruiformes","Aves","Birds","NEAR THREATENED",TRUE,TRUE,FALSE,1,0,1,0,0,"Tissue","species","Psophia crepitans","Scaffold",468890,58160,15289,"2020-07-10",96.4,1405875000,40,2,"insdc_open","not_in_toga","Grey-winged Trumpeter,common trumpeter",NA,NA,"Psophia",NA,"Psophiidae","illumina"
"52644","Haliaeetus leucocephalus","Accipitriformes","Aves","Birds","LEAST CONCERN",TRUE,FALSE,FALSE,1,1,1,0,0,"Tissue","species","Haliaeetus leucocephalus","Scaffold",9145499,105493,NA,"2014-08-04",96.9,1398540000,33,2,"insdc_open","not_in_toga","Bald Eagle,Bald eagle;Bald Eagle;bald eagle",NA,NA,"Haliaeetus",NA,"Accipitridae","illumina"
"126827","Otus scops","Strigiformes","Aves","Birds","LEAST CONCERN",TRUE,TRUE,FALSE,5,0,1,0,0,"Tissue (skin)","species","Otus scops","Scaffold",86908813,25579,NA,"2024-05-28",NA,1369200000,38,2,"insdc_open","toga1/2","Eurasian scops owl,Eurasian scops owl;Scops Owl;Eurasian Scops Owl;Eurasian scops-owl",NA,"scops","Otus","Strigiformes
 

","Strigidae","illumina"
"56313","Tyto alba","Strigiformes","Aves","Birds","LEAST CONCERN",TRUE,TRUE,FALSE,1,1,1,0,0,"Tissue","species","Tyto alba","Scaffold",36032128,17955177,13081,"2021-06-03",84.2,1594140000,46,2,"insdc_open","not_in_toga","Common Barn-owl,Common barn owl;Barn Owl;Western Barn Owl;Owl, Barn;common barn owl",NA,NA,"Tyto",NA,"Tytonidae","illumina"
"371907","Bubo scandiacus","Strigiformes","Aves","Birds","VULNERABLE",TRUE,TRUE,FALSE,1,0,0,0,0,"Tissue/Trachea","species","Bubo scandiacus","Chromosome",50972959,16496251,18271,"2025-03-20",96.7,1643040000,42,2,"insdc_open","not_in_toga","Snowy Owl,Snowy owl;Snowy Owl;Owl, Snowy",NA,NA,"Bubo",NA,"Strigidae","tetrapod"
"111821","Strix aluco","Strigiformes","Aves","Birds","LEAST CONCERN",TRUE,TRUE,FALSE,1,0,0,0,0,"Tissue","species","Strix aluco","Chromosome",89389700,11872084,NA,"2023-09-25",NA,1555020000,41,2,"insdc_open","toga1/2","Tawny Owl,Tawny owl;Tawny Owl",NA,NA,"Strix",NA,"Strigidae","tetrapod"
"30414","Balearica pavonina","Gruiformes","Aves","Birds","VULNERABLE",TRUE,TRUE,FALSE,1,0,0,0,0,NA,"genus","Balearica regulorum","Scaffold",85725473,21923,NA,"2023-04-03",NA,1462110000,40,2,"insdc_open","toga1/2","Black Crowned Crane,Black (W. African) crowned crane",NA,NA,"Balearica",NA,"Gruidae","tetrapod"
"171406","Porphyrio porphyrio","Gruiformes","Aves","Birds","LEAST CONCERN",TRUE,FALSE,FALSE,1,0,0,0,0,"Trachea","genus","Porphyrio hochstetteri","Chromosome",71566193,13461271,NA,"2021-11-08",96.7,1359420000,40,2,"insdc_open","not_in_toga","Purple Swamphen,Western Swamphen",NA,"porphyrio","Porphyrio",NA,"Rallidae","tetrapod"
"121530","Tauraco erythrolophus","Musophagiformes","Aves","Birds","LEAST CONCERN",TRUE,TRUE,FALSE,2,1,1,0,0,"Trachea","species","Tauraco erythrolophus","Scaffold",56334,22885,14943,"2014-06-25",91.1,1391205000,41,2,"insdc_open","not_in_toga","Red-crested turaco,red-crested turaco",NA,NA,"Tauraco",NA,"Musophagidae","tetrapod"
"119416","Tauraco leucotis","Musophagiformes","Aves","Birds","LEAST CONCERN",TRUE,TRUE,FALSE,1,0,0,0,0,"Trachea","species","Tauraco leucotis","Scaffold",1814163,843,NA,"2024-08-05",NA,1391205000,41,2,"insdc_open","toga1/2","White-cheeked turaco,white-cheeked turaco",NA,NA,"Tauraco",NA,"Musophagidae","tetrapod"
"9031","Gallus gallus","Galliformes","Aves","Birds","LEAST CONCERN",TRUE,TRUE,TRUE,1,1,1,0,0,"Tissue","species","Gallus gallus","Chromosome",90861225,18834961,NA,"2021-10-01",96.6,1237170000,39,2,"insdc_open","toga2","Domestic chicken,Domestic chicken;chicken",NA,"domestic","Gallus",NA,"Phasianidae","illumina"
"9049","Pavo cristatus","Galliformes","Aves","Birds","LEAST CONCERN",TRUE,FALSE,FALSE,3,3,3,0,0,"Trachea/Skin","species","Pavo cristatus","Chromosome",94977930,30501418,NA,"2024-12-06",96.3,1310520000,39,2,"insdc_open","not_in_toga","Indian Peafowl,Indian peafowl",NA,NA,"Pavo",NA,"Phasianidae","tetrapod"
"103959","Musophaga violacea","Musophagiformes","Aves","Birds","LEAST CONCERN",TRUE,TRUE,FALSE,1,0,1,0,0,"Trachea","family","Tauraco hartlaubi","Scaffold",72826144,9274,NA,"2024-01-08",NA,1391205000,41,2,"insdc_open","toga1/2",NA,NA,NA,"Musophaga",NA,"Musophagidae","illumina"
"119408","Crinifer piscator","Musophagiformes","Aves","Birds","LEAST CONCERN",FALSE,TRUE,FALSE,1,0,0,0,0,"Trachea","family","Tauraco hartlaubi","Scaffold",72826144,9274,NA,"2024-01-08",NA,1391205000,41,2,"insdc_open","toga1/2",NA,NA,NA,"Crinifer",NA,"Musophagidae","tetrapod"
"119419","Tauraco schalowi","Musophagiformes","Aves","Birds","LEAST CONCERN",TRUE,TRUE,FALSE,1,1,1,0,0,"Trachea","genus","Tauraco hartlaubi","Scaffold",72826144,9274,NA,"2024-01-08",NA,1391205000,41,2,"insdc_open","toga1/2",NA,NA,NA,"Tauraco",NA,"Musophagidae","tetrapod"
"9043","Lophura edwardsi","Galliformes","Aves","Birds","CRITICALLY ENDANGERED",TRUE,TRUE,FALSE,1,1,1,0,0,"Trachea","genus","Lophura swinhoii","Chromosome",61385513,11027439,NA,"2023-07-05",NA,1237170000,25,2,"insdc_open","toga1/2",NA,NA,NA,"Lophura",NA,"Phasianidae","illumina"
"30403","Polyplectron napoleonis","Galliformes","Aves","Birds","VULNERABLE",FALSE,TRUE,FALSE,2,2,2,0,0,"Trachea","family","Alectoris graeca","Chromosome",97991491,43679502,NA,"2025-05-31",NA,1237170000,39,2,"insdc_open","toga1/2",NA,NA,NA,"Polyplectron",NA,"Phasianidae","tetrapod"
"30405","Rollulus rouloul","Galliformes","Aves","Birds","VULNERABLE",FALSE,TRUE,FALSE,1,0,0,0,0,"Trachea","family","Alectoris graeca","Chromosome",97991491,43679502,NA,"2025-05-31",NA,1254285000,39,2,"insdc_open","toga1/2",NA,NA,NA,"Rollulus",NA,"Phasianidae","tetrapod"
"541013","Netta peposaca","Anseriformes","Aves","Birds","LEAST CONCERN",TRUE,TRUE,FALSE,1,1,1,0,0,"Tissue (trachea)","species","Netta peposaca","Scaffold",75817134,15217,NA,"2025-07-20",NA,1349640000,41,2,"in_progress","toga1/2",NA,NA,NA,"Netta",NA,"Anatidae","tetrapod"
"8839","Anas platyrhynchos","Anseriformes","Aves","Birds","LEAST CONCERN",TRUE,TRUE,FALSE,1,1,1,0,0,NA,"species","Anas platyrhynchos","Complete Genome",80154792,80154792,18146,"2025-02-12",97.1,1418100000,40,2,"insdc_open","toga1","Mallard,Mallard;mallard",NA,NA,"Anas",NA,"Anatidae","tetrapod"
"30387","Netta rufina","Anseriformes","Aves","Birds","LEAST CONCERN",TRUE,TRUE,FALSE,1,1,1,0,0,"Tissue","species","Netta rufina","Chromosome",77261329,3347974,NA,"2024-04-29",96.8,1349640000,41,2,"insdc_open","toga2","Red-crested Pochard,Red-crested pochard;Red-crested Pochard;red-crested pochard",NA,NA,"Netta",NA,"Anatidae","tetrapod"
"30388","Chauna torquata","Anseriformes","Aves","Birds","LEAST CONCERN",TRUE,TRUE,FALSE,1,1,1,0,0,"Trachea","species","Chauna torquata","Scaffold",81945454,34825,15083,"2025-07-20",90.5,1364310000,40,2,"insdc_open","not_in_toga","Southern screamer,southern screamer",NA,NA,"Chauna",NA,"Anhimidae","illumina"
"8868","Cygnus atratus","Anseriformes","Aves","Birds","LEAST CONCERN",TRUE,TRUE,FALSE,1,1,1,0,0,"Trachea/Tissue","species","Cygnus atratus","Chromosome",84552148,28995010,NA,"2022-08-03",97.2,1418100000,40,2,"insdc_open","toga2","Black swan,Black swan;black swan",NA,NA,"Cygnus",NA,"Anatidae","illumina"
"75875","Marmaronetta angustirostris","Anseriformes","Aves","Birds","VULNERABLE",FALSE,FALSE,FALSE,1,1,1,0,0,NA,"family","Aythya fuligula","Chromosome",85905639,17816505,NA,"2019-12-31",96.9,1349640000,40,2,"insdc_open","not_in_toga",NA,NA,NA,"Marmaronetta",NA,"Anatidae","tetrapod"
"41691","Cygnus melancoryphus","Anseriformes","Aves","Birds","LEAST CONCERN",FALSE,TRUE,FALSE,1,1,1,0,0,"Trachea","genus","Cygnus atratus","Chromosome",84552148,28995010,NA,"2022-08-03",97.2,1496340000,39,2,"insdc_open","toga2","Black-necked swan",NA,NA,"Cygnus",NA,"Anatidae","tetrapod"
"177147","Streptopelia decaocto","Columbiformes","Aves","Birds","LEAST CONCERN",TRUE,TRUE,FALSE,1,1,1,0,0,"Tissue","species","Streptopelia decaocto","Chromosome",78754139,2425281,NA,"2024-10-04",96.9,1290960000,38,2,"insdc_open","toga2","Eurasian Collared-dove,Collared Dove;Eurasian Collared Dove;Eurasian collared-dove",NA,NA,"Streptopelia",NA,"Columbidae","tetrapod"
"8932","Columba livia","Columbiformes","Aves","Birds","LEAST CONCERN",TRUE,TRUE,FALSE,1,0,0,0,0,"Tissue","species","Columba livia","Chromosome",68980706,14042120,16122,"2024-04-08",96.8,1442550000,40,2,"insdc_open","not_in_toga","Rock Dove,Rock pigeon;Rock Dove;rock pigeon",NA,NA,"Columba",NA,"Columbidae","tetrapod"
"8934","Columba palumbus","Columbiformes","Aves","Birds","LEAST CONCERN",TRUE,TRUE,FALSE,1,0,0,0,0,"Tissue","species","Columba palumbus","Chromosome",72549161,3440717,NA,"2025-04-20",96.8,1442550000,39,2,"insdc_open","toga1/2","Common Woodpigeon,Woodpigeon;Common Wood Pigeon",NA,NA,"Columba",NA,"Columbidae","tetrapod"
"187106","Caloenas nicobarica","Columbiformes","Aves","Birds","NEAR THREATENED",TRUE,TRUE,FALSE,2,1,1,0,0,"Trachea","species","Caloenas nicobarica","Chromosome",79699707,25101800,15520,"2024-01-26",NA,1506120000,40,2,"insdc_open","not_in_toga","Nicobar pigeon",NA,NA,"Caloenas",NA,"Columbidae","tetrapod"
"187138","Ptilinopus melanospilus","Columbiformes","Aves","Birds","NA",FALSE,FALSE,FALSE,1,1,1,0,0,"Tissue","family","Streptopelia turtur","Chromosome",81365208,3790373,NA,"2021-05-17",95.7,1437660000,38,2,"insdc_open","not_in_toga",NA,NA,NA,"Ptilinopus",NA,"Columbidae","tetrapod"
"115709","Zenaida graysoni","Columbiformes","Aves","Birds","EXTINCT IN THE WILD",FALSE,FALSE,FALSE,1,1,1,0,0,"Tissue","family","Streptopelia turtur","Chromosome",81365208,3790373,NA,"2021-05-17",95.7,1378980000,38,2,"insdc_open","not_in_toga",NA,NA,NA,"Zenaida",NA,"Columbidae","tetrapod"
"187121","Gallicolumba luzonica","Columbiformes","Aves","Birds","NEAR THREATENED",FALSE,FALSE,FALSE,4,1,1,0,0,"Trachea","family","Streptopelia turtur","Chromosome",81365208,3790373,NA,"2021-05-17",95.7,1440105000,38,2,"insdc_open","not_in_toga",NA,NA,NA,"Gallicolumba",NA,"Columbidae","illumina"
"187139","Ptilinopus superbus","Columbiformes","Aves","Birds","LEAST CONCERN",FALSE,FALSE,FALSE,1,0,0,0,0,NA,"family","Streptopelia turtur","Chromosome",81365208,3790373,NA,"2021-05-17",95.7,1437660000,38,2,"insdc_open","not_in_toga",NA,NA,NA,"Ptilinopus",NA,"Columbidae","tetrapod"
"977959","Gallicolumba crinigera","Columbiformes","Aves","Birds","VULNERABLE",FALSE,FALSE,FALSE,1,0,0,0,0,"Skin","family","Streptopelia turtur","Chromosome",81365208,3790373,NA,"2021-05-17",95.7,1440105000,38,2,"insdc_open","not_in_toga",NA,NA,NA,"Gallicolumba",NA,"Columbidae","tetrapod"
"8901","Nycticorax nycticorax","Pelecaniformes","Aves","Birds","LEAST CONCERN",TRUE,TRUE,FALSE,8,2,2,0,0,"Tissue","species","Nycticorax nycticorax","Scaffold",3016563,73971,NA,"2022-05-16",NA,1320300000,32,2,"insdc_open","toga2","Black-crowned night heron,Black-crowned night heron;Night Heron;Black-crowned Night Heron;black-crowned night-heron",NA,NA,"Nycticorax",NA,"Ardeidae","illumina"
"257867","Platalea leucorodia","Pelecaniformes","Aves","Birds","LEAST CONCERN",TRUE,TRUE,FALSE,4,1,1,0,0,NA,"species","Platalea leucorodia","Chromosome",94714899,3299000,NA,"2025-03-04",97.4,1222500000,35,2,"insdc_open","toga1/2","Eurasian spoonbill,White spoonbill;Spoonbill;Eurasian Spoonbill;Eurasian spoonbill",NA,NA,"Platalea",NA,"Threskiornithidae","tetrapod"
"52788","Plegadis falcinellus","Pelecaniformes","Aves","Birds","LEAST CONCERN",TRUE,TRUE,FALSE,4,1,1,0,0,NA,"species","Plegadis falcinellus","Scaffold",50846,48305,NA,"2024-12-06",NA,1222500000,25,2,"insdc_open","toga1/2","Glossy Ibis",NA,NA,"Plegadis",NA,"Threskiornithidae","tetrapod"
"335483","Eudocimus ruber","Pelecaniformes","Aves","Birds","LEAST CONCERN",TRUE,TRUE,FALSE,2,2,2,0,0,"Tissue/Trachea","species","Eudocimus ruber","Scaffold",101016769,35096,NA,"2024-08-05",NA,1222500000,33,2,"insdc_open","toga1/2",NA,NA,NA,"Eudocimus",NA,"Threskiornithidae","tetrapod"
"100858","Threskiornis aethiopicus","Pelecaniformes","Aves","Birds","LEAST CONCERN",TRUE,TRUE,FALSE,1,1,1,0,0,"Tissue/Trachea","species","Threskiornis aethiopicus","Scaffold",90113662,32973,NA,"2023-02-10",NA,1222500000,34,2,"insdc_open","toga1/2","Sacred ibis",NA,NA,"Threskiornis",NA,"Threskiornithidae","illumina"
"36300","Pelecanus crispus","Pelecaniformes","Aves","Birds","NEAR THREATENED",TRUE,TRUE,FALSE,1,1,1,0,0,"Trachea","species","Pelecanus crispus","Chromosome",86807213,9666746,14504,"2023-07-18",88.7,1290960000,33,2,"insdc_open","not_in_toga","Dalmatian pelican,Dalmatian Pelican;Dalmatian pelican",NA,NA,"Pelecanus",NA,"Pelecanidae","tetrapod"
"433628","Butorides striata","Pelecaniformes","Aves","Birds","LEAST CONCERN",FALSE,FALSE,FALSE,3,1,1,0,0,NA,"genus","Butorides virescens","Contig",2336571,2336571,NA,"2024-12-17",95.5,1359420000,32,2,"insdc_open","not_in_toga",NA,NA,NA,"Butorides",NA,"Ardeidae","tetrapod"
"100822","Geronticus eremita","Pelecaniformes","Aves","Birds","ENDANGERED",FALSE,FALSE,FALSE,8,1,1,0,0,NA,"family","Theristicus caerulescens","Chromosome",101368359,37098842,NA,"2021-11-05",NA,1222500000,34,2,"insdc_open","not_in_toga",NA,NA,NA,"Geronticus",NA,"Threskiornithidae","tetrapod"
"371920","Platalea ajaja","Pelecaniformes","Aves","Birds","LEAST CONCERN",FALSE,TRUE,FALSE,1,0,0,0,0,"Trachea","genus","Platalea leucorodia","Chromosome",94714899,3299000,NA,"2025-03-04",97.4,1222500000,36,2,"insdc_open","toga1/2",NA,NA,NA,"Platalea",NA,"Threskiornithidae","tetrapod"
"498209","Ixobrychus minutus","Pelecaniformes","Aves","Birds","LEAST CONCERN",FALSE,TRUE,FALSE,1,0,0,0,0,"Trachea","family","Gorsachius magnificus","Chromosome",84772300,18463888,NA,"2023-12-01",NA,1359420000,32,2,"insdc_open","toga1/2","Little bittern,Little Bittern;Bittern, Little",NA,NA,"Ixobrychus",NA,"Ardeidae","tetrapod"
"1243782","Pelecanus rufescens","Pelecaniformes","Aves","Birds","LEAST CONCERN",FALSE,TRUE,FALSE,1,0,0,0,0,"Traquea / Skin","genus","Pelecanus crispus","Chromosome",86807213,9666746,14504,"2023-07-18",88.7,1290960000,33,2,"insdc_open","not_in_toga",NA,NA,NA,"Pelecanus",NA,"Pelecanidae","tetrapod"
"46689","Ficedula hypoleuca","Passeriformes","Aves","Birds","LEAST CONCERN",TRUE,TRUE,FALSE,1,0,0,0,0,"Tissue","species","Ficedula hypoleuca","Scaffold",7111233,141933,NA,"2024-12-06",NA,1278735000,40,2,"insdc_open","toga1/2","European pied flycatcher,Pied Flycatcher;European Pied Flycatcher;European pied flycatcher",NA,NA,"Ficedula",NA,"Muscicapidae","tetrapod"
"245042","Lamprotornis superbus","Passeriformes","Aves","Birds","LEAST CONCERN",TRUE,TRUE,FALSE,1,0,0,0,0,"Tissue","species","Lamprotornis superbus","Chromosome",72276715,150307,15207,"2022-03-24",95.9,1193160000,40,2,"insdc_open","not_in_toga",NA,NA,NA,"Lamprotornis",NA,"Sturnidae","tetrapod"
"43150","Hirundo rustica","Passeriformes","Aves","Birds","LEAST CONCERN",TRUE,TRUE,FALSE,1,0,0,0,0,"Tissue","species","Hirundo rustica","Chromosome",76187387,2794774,15995,"2021-11-30",95.2,1281180000,40,2,"insdc_open","not_in_toga","Barb Swallow,Barn swallow;Swallow;Barn Swallow",NA,NA,"Hirundo",NA,"Hirundinidae","tetrapod"
"88116","Delichon urbicum","Passeriformes","Aves","Birds","LEAST CONCERN",TRUE,TRUE,FALSE,1,0,0,0,0,"Tissue","species","Delichon urbicum","Scaffold",12676612,91531,NA,"2024-12-06",NA,1344750000,38,2,"insdc_open","toga1/2","Northern House Martin,House Martin;Common House Martin;Northern house-martin",NA,NA,"Delichon",NA,"Hirundinidae","tetrapod"
"37600","Carduelis carduelis","Passeriformes","Aves","Birds","LEAST CONCERN",TRUE,TRUE,FALSE,1,0,0,0,0,"Tissue","species","Carduelis carduelis","Scaffold",72471425,35533,NA,"2023-10-02",NA,1330080000,41,2,"insdc_open","toga1/2","European Goldfinch,Goldfinch;European Goldfinch;Eurasian goldfinch",NA,NA,"Carduelis",NA,"Fringillidae","tetrapod"
"127929","Leucopsar rothschildi","Passeriformes","Aves","Birds","CRITICALLY ENDANGERED",TRUE,TRUE,FALSE,1,0,0,0,0,"Trachea","species","Leucopsar rothschildi","Scaffold",220241,104200,15248,"2020-08-22",89.30000000000001,1281180000,40,2,"insdc_open","not_in_toga","Bali Myna,Bali myna",NA,NA,"Leucopsar",NA,"Sturnidae","tetrapod"
"241745","Scissirostrum dubium","Passeriformes","Aves","Birds","LEAST CONCERN",FALSE,TRUE,FALSE,6,3,3,0,0,"Tissue (skin)","family","Acridotheres tristis","Chromosome",72486765,10406399,NA,"2024-03-06",NA,1281180000,40,2,"insdc_open","toga1/2",NA,NA,NA,"Scissirostrum",NA,"Sturnidae","illumina"
"37601","Chloris chloris","Passeriformes","Aves","Birds","LEAST CONCERN",TRUE,TRUE,FALSE,1,0,0,0,0,"Tissue","family","Serinus canaria","Chromosome",79047965,12206373,NA,"2022-08-25",96.1,1330080000,40,2,"insdc_open","toga1","European Greenfinch,Greenfinch;European Greenfinch",NA,NA,"Chloris",NA,"Fringillidae","tetrapod"
"187436","Lanius senator","Passeriformes","Aves","Birds","LEAST CONCERN",TRUE,FALSE,FALSE,1,0,0,0,0,"Trachea","genus","Lanius collurio","Scaffold",23147665,143569,NA,"2021-09-21",NA,1212720000,38,2,"insdc_open","not_in_toga","Woodchat Shrike",NA,NA,"Lanius",NA,"Laniidae","tetrapod"
"114085","Cyanocorax yncas","Passeriformes","Aves","Birds","LEAST CONCERN",TRUE,TRUE,FALSE,1,1,1,0,0,"Trachea","genus","Cyanocorax yucatanicus","Contig",13535775,13535775,NA,"2025-02-27",NA,1232280000,40,2,"insdc_open","toga1/2",NA,NA,NA,"Cyanocorax",NA,"Corvidae","tetrapod"
"1948888","Copsychus malabaricus","Passeriformes","Aves","Birds","LEAST CONCERN",TRUE,TRUE,FALSE,3,1,1,0,0,"Trachea","genus","Copsychus sechellarum","Scaffold",11085488,109076,16238,"2020-07-10",94.8,1278735000,32,2,"insdc_open","not_in_toga",NA,NA,NA,"Copsychus",NA,"Muscicapidae","tetrapod"
"30421","Corvus albus","Passeriformes","Aves","Birds","LEAST CONCERN",FALSE,FALSE,FALSE,1,0,0,0,0,"Skin / muscle / traquea","genus","Corvus hawaiiensis","Chromosome",76278832,23064755,NA,"2021-11-04",NA,1232280000,40,2,"insdc_open","not_in_toga",NA,NA,NA,"Corvus",NA,"Corvidae","tetrapod"
"51906","Guaruba guarouba","Psittaciformes","Aves","Birds","VULNERABLE",TRUE,FALSE,FALSE,1,1,1,0,0,"Trachea","species","Guaruba guarouba","Chromosome",109727540,33341676,NA,"2024-12-02",72.2,1339860000,35,2,"insdc_open","not_in_toga",NA,"Guaruba guarouba",NA,"Guaruba",NA,"Psittacidae","illumina"
"1549204","Trichoglossus moluccanus","Psittaciformes","Aves","Birds","LEAST CONCERN",TRUE,TRUE,FALSE,2,0,1,0,0,"Tissue","species","Trichoglossus moluccanus","Scaffold",72769352,95614,NA,"2024-08-05",NA,1300740000,23,2,"insdc_open","toga2","Australian rainbow lorikeet,rainbow lorikeet",NA,NA,"Trichoglossus",NA,"Psittaculidae","tetrapod"
"176024","Eclectus roratus","Psittaciformes","Aves","Birds","LEAST CONCERN",TRUE,FALSE,FALSE,1,1,1,0,0,"Tissue","species","Eclectus roratus","Scaffold",28643,17249,NA,"2022-07-21",66.9,1555020000,35,2,"insdc_open","not_in_toga","Eclectus parrot",NA,NA,"Eclectus",NA,"Psittacidae","illumina"
"51900","Anodorhynchus hyacinthinus","Psittaciformes","Aves","Birds","VULNERABLE",TRUE,FALSE,FALSE,2,1,1,0,0,"Trachea","species","Anodorhynchus hyacinthinus","Scaffold",12605,12520,NA,"2022-07-21",NA,1320300000,35,2,"insdc_open","not_in_toga","Hyacinth macaw,Hyacinth macaw;hyacinth macaw",NA,NA,"Anodorhynchus",NA,"Psittacidae","illumina"
"151759","Amazona autumnalis","Psittaciformes","Aves","Birds","CRITICALLY ENDANGERED",TRUE,TRUE,FALSE,3,1,1,0,0,"Tissue (skin)","species","Amazona autumnalis","Scaffold",17050,4664,NA,"2022-07-20",NA,1476780000,34,2,"insdc_open","toga1/2","Lilacine Amazon,Red-lored parrot;red-lored parrot","Amazona Lilacina",NA,"Amazona",NA,"Psittacidae","tetrapod"
"60465","Agapornis nigrigenis","Psittaciformes","Aves","Birds","VULNERABLE",TRUE,TRUE,FALSE,6,2,2,0,0,NA,"species","Agapornis nigrigenis","Scaffold",81463,66169,NA,"2024-01-03",NA,1281180000,24,2,"insdc_open","toga1/2",NA,NA,NA,"Agapornis",NA,"Psittacidae","tetrapod"
"176015","Aratinga solstitialis","Psittaciformes","Aves","Birds","ENDANGERED",TRUE,TRUE,FALSE,1,1,1,0,0,"Tissue/Trachea","species","Aratinga solstitialis","Scaffold",16980747,236229,NA,"2019-11-14",NA,1339860000,35,2,"insdc_open","toga2","Sun Parakeet,Sun parakeet;sun parakeet",NA,NA,"Aratinga",NA,"Psittacidae","illumina"
"176013","Ara chloropterus","Psittaciformes","Aves","Birds","LEAST CONCERN",TRUE,FALSE,FALSE,1,1,1,0,0,"Trachea","species","Ara chloropterus","Scaffold",19108,4271,NA,"2022-11-27",NA,1447440000,34,2,"insdc_open","not_in_toga","Red-and-green Macaw,Green-winged macaw;Red-and-green macaw;red-and-green macaw",NA,NA,"Ara",NA,"Psittacidae","illumina"
"12930","Amazona aestiva","Psittaciformes","Aves","Birds","NEAR THREATENED",TRUE,TRUE,FALSE,1,0,0,0,0,"Tissue/Trachea","species","Amazona aestiva","Chromosome",89048441,26168,16315,"2021-03-30",92.2,1574580000,35,2,"insdc_open","not_in_toga","Blue-fronted amazon,Blue-fronted parrot;blue-fronted amazon",NA,NA,"Amazona",NA,"Psittacidae","tetrapod"
"9226","Ara ararauna","Psittaciformes","Aves","Birds","LEAST CONCERN",TRUE,FALSE,FALSE,2,1,1,0,0,"Trachea","species","Ara ararauna","Chromosome",110438430,38811057,NA,"2023-02-24",NA,1418100000,35,2,"insdc_open","not_in_toga","Blue-and-yellow macaw,Blue-and-yellow macaw;blue-and-yellow macaw",NA,NA,"Ara",NA,"Psittacidae","illumina"
"467030","Ara rubrogenys","Psittaciformes","Aves","Birds","CRITICALLY ENDANGERED",TRUE,FALSE,FALSE,1,1,1,0,0,NA,"species","Ara rubrogenys","Scaffold",46382249,46382249,NA,"2022-01-30",NA,1374090000,33,2,"insdc_open","not_in_toga","Red-fronted macaw,Red-fronted macaw;red-fronted macaw",NA,NA,"Ara",NA,"Psittacidae","tetrapod"
"176075","Eos reticulata","Psittaciformes","Aves","Birds","NEAR THREATENED",TRUE,TRUE,FALSE,1,1,1,0,0,"Trachea","genus","Eos semilarvata","Scaffold",25275,13006,NA,"2022-07-21",NA,1300740000,32,2,"insdc_open","toga1/2",NA,NA,NA,"Eos",NA,"Psittaculidae","illumina"
"244070","Amazona brasiliensis","Psittaciformes","Aves","Birds","NEAR THREATENED",TRUE,TRUE,FALSE,1,0,0,0,0,"Trachea","genus","Amazona ochrocephala","Chromosome",92674118,14879228,NA,"2024-05-24",NA,1584360000,34,2,"insdc_open","toga1/2","Red-tailed amazon,Red-tailed parrot",NA,NA,"Amazona",NA,"Psittacidae","tetrapod"
"229552","Amazona viridigenalis","Psittaciformes","Aves","Birds","ENDANGERED",TRUE,TRUE,FALSE,1,0,0,0,0,"Traquea / skin / muscle","genus","Amazona ochrocephala","Chromosome",92674118,14879228,NA,"2024-05-24",NA,1506120000,36,2,"insdc_open","toga1/2","Green-cheeked amazon,Red-crowned parrot",NA,NA,"Amazona",NA,"Psittacidae","tetrapod"
"9813","Procavia capensis","Hyracoidea","Mammalia","Mammalia","LEAST CONCERN",TRUE,TRUE,TRUE,2,2,2,0,0,"Tissue","species","Procavia capensis","Scaffold",905827,35792,NA,"2014-12-16",93.1,3970679999,27,2,"published","toga1","Rock hyrax,Rock hyrax;Cape rock hyrax",NA,NA,"Procavia",NA,"Procaviidae","silencer"
"71006","Myrmecophaga tridactyla","Pilosa","Mammalia","Mammalia","VULNERABLE",TRUE,TRUE,TRUE,2,0,0,0,0,"Fetal Sample","species","Myrmecophaga tridactyla","Scaffold",41255,36434,NA,"2019-01-16",NA,4224960000,30,2,"published","toga2","Giant Anteater,Giant anteater;giant anteater",NA,NA,"Myrmecophaga",NA,"Myrmecophagidae","silencer"
"9417","Artibeus jamaicensis","Chiroptera","Mammalia","Mammalia","LEAST CONCERN",TRUE,TRUE,TRUE,1,0,0,0,0,"Tissue","species","Artibeus jamaicensis","Scaffold",22092642,22092642,NA,"2021-12-20",NA,2591700000,15,2,"published","toga2","Jamaican Fruit-eating Bat,Jamaican fruit-eating bat",NA,NA,"Artibeus","Stenodermatinae","Phyllostomidae","tetrapod"
"9365","Erinaceus europaeus","Eulipotyphla","Mammalia","Mammalia","LEAST CONCERN",TRUE,TRUE,TRUE,1,0,0,0,0,"Tissue","species","Erinaceus europaeus","Chromosome",126757761,999919,NA,"2023-05-01",92.4,3579480000,17,2,"insdc_open","toga2","West European Hedgehog,Eurasian hedgehog;western European hedgehog",NA,NA,"Erinaceus","Erinaceinae","Erinaceidae","tetrapod"
"109475","Suncus etruscus","Eulipotyphla","Mammalia","Mammalia","LEAST CONCERN",TRUE,FALSE,FALSE,1,0,0,0,0,"Tissue","species","Suncus etruscus","Chromosome",131952995,5042816,NA,"2022-07-06",NA,2577030000,21,2,"insdc_open","not_in_toga","Etruscan Shrew,white-toothed pygmy shrew",NA,NA,"Suncus","Crocidurinae","Soricidae","tetrapod"
"9986","Oryctolagus cuniculus","Lagomorpha","Mammalia","Mammalia","ENDANGERED",TRUE,TRUE,TRUE,1,1,1,0,0,"Tissue","species","Oryctolagus cuniculus","Chromosome",144279705,2030165,NA,"2024-08-31",94.7,3188280000,22,2,"insdc_open","toga2","European rabbit,Rabbit;rabbit",NA,NA,"Oryctolagus",NA,"Leporidae","silencer"
"9986","Oryctolagus cuniculus","Lagomorpha","Mammalia","Mammalia","NA",TRUE,TRUE,TRUE,1,1,1,0,0,"Tissue","species","Oryctolagus cuniculus","Chromosome",144279705,2030165,NA,"2024-08-31",94.7,3188280000,22,2,"insdc_open","toga2","Rabbit;rabbit","Ibicean Rabbit","ibicea","Oryctolagus",NA,"Leporidae","silencer"
"166054","Pteropus lylei","Chiroptera","Mammalia","Mammalia","VULNERABLE",FALSE,FALSE,FALSE,5,6,6,0,0,"Tissue/ear","genus","Pteropus rufus","Chromosome",110476781,213999,NA,"2023-02-10",NA,2454780000,19,2,"insdc_open","not_in_toga","Lyle's flying fox,Lyles flying fox",NA,NA,"Pteropus",NA,"Pteropodidae","illumina"
"1960652","Notamacropus rufogriseus","Diprotodontia","Mammalia","Mammalia","LEAST CONCERN",TRUE,TRUE,FALSE,9,7,7,0,0,"Tissue","species","Notamacropus rufogriseus","Contig",938,938,NA,"2021-01-28",NA,4371659999,8,2,"insdc_open","toga1/2",NA,NA,NA,"Notamacropus",NA,"Macropodidae","illumina"
"9325","Petrogale xanthopus","Diprotodontia","Mammalia","Mammalia","NEAR THREATENED",TRUE,TRUE,FALSE,2,2,2,0,0,"Tissue","species","Petrogale xanthopus","Contig",1261,1261,NA,"2021-01-28",NA,3970680000,8,2,"insdc_open","toga1/2",NA,NA,NA,"Petrogale","Macropodinae","Macropodidae","tetrapod"
"9321","Osphranter rufus","Diprotodontia","Mammalia","Mammalia","LEAST CONCERN",TRUE,TRUE,FALSE,4,4,4,0,0,"Tissue","species","Osphranter rufus","Contig",1110,1110,NA,"2021-09-24",NA,3061140000,10,2,"insdc_open","toga1","Red kangaroo,Red kangaroo;red kangaroo",NA,NA,"Osphranter",NA,"Macropodidae","tetrapod"
"9783","Elephas maximus","Proboscidea","Mammalia","Mammalia","ENDANGERED",TRUE,TRUE,TRUE,3,3,0,3,0,"Blood","species","Elephas maximus","Chromosome",130469234,77194844,NA,"2023-10-26",94.2,3941340000,28,2,"insdc_open","toga1","Asian Elephant,Asian elephant;Asiatic elephant",NA,NA,"Elephas",NA,"Elephantidae","tetrapod"
"9785","Loxodonta africana","Proboscidea","Mammalia","Mammalia","ENDANGERED",TRUE,TRUE,TRUE,2,2,2,0,0,"Tissue","species","Loxodonta africana","Chromosome",119600562,82653632,NA,"2023-05-16",NA,4342320000,28,2,"insdc_open","toga2","African Savanna Elephant,African elephant;African savanna elephant",NA,NA,"Loxodonta",NA,"Elephantidae","silencer"
"9783","Elephas maximus","Proboscidea","Mammalia","Mammalia",NA,TRUE,TRUE,TRUE,1,2,2,0,0,"Tissue (ear)/Umbellical Cordon/Placenta","species","Elephas maximus","Chromosome",130469234,77194844,NA,"2023-10-26",94.2,3941340000,28,2,"insdc_open","toga1","Sumatran elephant,Asian elephant;Asiatic elephant",NA,"sumatranus","Elephas",NA,"Elephantidae","tetrapod"
"89248","Equus quagga","Perissodactyla","Mammalia","Mammalia","NEAR THREATENED",TRUE,TRUE,TRUE,3,3,3,0,0,NA,"species","Equus quagga","Chromosome",122556673,427941,NA,"2022-01-31",NA,3481680000,22,2,"insdc_open","toga2","Chapman's zebra,plains zebra","Equus quagga chapmani","chapmani","Equus",NA,"Equidae","silencer"
"9807","Ceratotherium simum","Perissodactyla","Mammalia","Mammalia","NEAR THREATENED",TRUE,TRUE,TRUE,3,2,2,0,0,"Blood","species","Ceratotherium simum","Chromosome",67555069,50391373,NA,"2023-04-03",NA,3266520000,41,2,"insdc_open","toga1/2",NA,NA,NA,"Ceratotherium",NA,"Rhinocerotidae","tetrapod"
"9798","Equus przewalskii","Perissodactyla","Mammalia","Mammalia","ENDANGERED",TRUE,TRUE,TRUE,1,1,1,0,0,"Placenta/ Umbilical Cordon","species","Equus przewalskii","Chromosome",85145959,25995503,NA,"2024-04-01",NA,3481680000,33,2,"insdc_open","not_in_toga","Przewalski's horse","Equus caballus przewalskii",NA,"Equus",NA,"Equidae","silencer"
"89248","Equus quagga","Perissodactyla","Mammalia","Mammalia","NEAR THREATENED",TRUE,TRUE,TRUE,4,2,2,0,0,"Tissue","species","Equus quagga","Chromosome",122556673,427941,NA,"2022-01-31",NA,3481680000,22,2,"insdc_open","toga2","Burchell's zebra,plains zebra",NA,"burchelli","Equus",NA,"Equidae","silencer"
"9796","Equus caballus","Perissodactyla","Mammalia","Mammalia","NA",TRUE,TRUE,TRUE,1,1,1,0,0,"Tissue (ear)","species","Equus caballus","Chromosome",99223387,99223387,NA,"2024-08-16",NA,3110040000,32,2,"insdc_open","toga1","Horse (domestic),Horse;horse",NA,NA,"Equus",NA,"Equidae","silencer"
"9801","Tapirus terrestris","Perissodactyla","Mammalia","Mammalia","VULNERABLE",TRUE,TRUE,TRUE,2,2,2,0,0,"Tissue (skin)","species","Tapirus terrestris","Scaffold",186384,164193,NA,"2019-01-15",NA,3696840000,40,2,"published","toga1","Lowland Tapir,South American tapir;Brazilian tapir",NA,NA,"Tapirus",NA,"Tapiridae","tetrapod"
"1114792","Equus ferus","Perissodactyla","Mammalia","Mammalia","NA",TRUE,TRUE,FALSE,2,2,0,2,0,"Blood","genus","Equus quagga","Chromosome",122556673,427941,NA,"2022-01-31",NA,3481680000,28,2,"insdc_open","toga2",NA,"Monchino Horse",NA,"Equus",NA,"Equidae","tetrapod"
"10149","Hydrochoerus hydrochaeris","Rodentia","Mammalia","Mammalia","LEAST CONCERN",TRUE,TRUE,TRUE,1,1,1,0,0,"Tissue","species","Hydrochoerus hydrochaeris","Scaffold",202224,148451,NA,"2019-01-16",NA,3663832500,27,2,"published","toga1","Capybara,capybara",NA,NA,"Hydrochoerus","Hydrochoerinae","Hydrochaeridae","silencer"
"29091","Dolichotis patagonum","Rodentia","Mammalia","Mammalia","NEAR THREATENED",TRUE,TRUE,TRUE,3,2,2,0,0,"Tissue","species","Dolichotis patagonum","Scaffold",31026,27983,NA,"2019-01-16",72.60000000000001,3618600000,32,2,"published","not_in_toga","Patagonian mara,Patagonian cavy",NA,NA,"Dolichotis","Dolichotinae","Caviidae","silencer"
"53277","Eliomys quercinus","Rodentia","Mammalia","Mammalia","NEAR THREATENED",TRUE,TRUE,FALSE,1,1,1,0,0,"Tissue","species","Eliomys quercinus","Chromosome",108114398,51740598,NA,"2025-06-30",NA,3882659999,24,2,"published","toga1",NA,NA,NA,"Eliomys","Leithiinae","Gliridae","illumina"
"10137","Hystrix cristata","Rodentia","Mammalia","Mammalia","LEAST CONCERN",TRUE,TRUE,TRUE,1,2,2,0,0,"Tissue","species","Hystrix cristata","Scaffold",64768,57102,NA,"2019-01-16",NA,3663832500,24,2,"published","not_in_toga","Short-tailed porcupine,crested porcupine","Hystrix",NA,"Hystrix",NA,"Hystricidae","silencer"
"45480","Cynomys ludovicianus","Rodentia","Mammalia","Mammalia","LEAST CONCERN",TRUE,TRUE,FALSE,2,2,2,0,0,"Tissue","species","Cynomys ludovicianus","Scaffold",1032944,567348,NA,"2025-09-12",NA,3882659999,19,2,NA,"toga1/2",NA,NA,NA,"Cynomys",NA,"Sciuridae","illumina"
"10085","Cricetomys gambianus","Rodentia","Mammalia","Mammalia","LEAST CONCERN",TRUE,TRUE,TRUE,1,0,0,0,0,"Tissue","species","Cricetomys gambianus","Scaffold",110049,80761,NA,"2019-01-16",82.10000000000001,3110040000,16,2,"published","not_in_toga","Gambian giant pouched rat",NA,NA,"Cricetomys",NA,"Nesomyidae","tetrapod"
"10116","Rattus norvegicus","Rodentia","Mammalia","Mammalia","LEAST CONCERN",TRUE,TRUE,TRUE,1,1,1,0,0,"Tissue","species","Rattus norvegicus","Chromosome",137014596,64250101,27309,"2024-01-31",96,3198060000,21,2,"insdc_open","toga2","Rat,Brown rat;Norway rat","Rattus",NA,"Rattus",NA,"Muridae","tetrapod"
"10141","Cavia porcellus","Rodentia","Mammalia","Mammalia","LEAST CONCERN",TRUE,TRUE,TRUE,1,0,0,0,0,"Tissue","species","Cavia porcellus","Scaffold",75707104,48931253,NA,"2023-12-07",91.8,3696840000,24,2,"insdc_open","toga2","Domestic guinea pig,Guinea pig;domestic guinea pig",NA,NA,"Cavia",NA,"Caviidae","tetrapod"
"9657","Lutra lutra","Carnivora","Mammalia","Mammalia","NEAR THREATENED",TRUE,TRUE,TRUE,2,1,1,0,0,"tissue","species","Lutra lutra","Chromosome",149004807,30403456,NA,"2020-07-31",94.9,2880210000,19,2,"insdc_open","not_in_toga","Eurasian otter,Otter, Common;Otter;Eurasian river otter",NA,NA,"Lutra","Lutrinae","Mustelidae","silencer"
"9689","Panthera leo","Carnivora","Mammalia","Mammalia","VULNERABLE",TRUE,TRUE,TRUE,9,9,9,0,0,"blood","species","Panthera leo","Chromosome",147402474,77781637,NA,"2021-05-13",NA,2885100000,19,2,"insdc_open","toga2","Lion,African lion;lion",NA,NA,"Panthera","Pantherinae","Felidae","silencer"
"9690","Panthera onca","Carnivora","Mammalia","Mammalia","NEAR THREATENED",TRUE,TRUE,TRUE,4,6,6,0,0,"Tissue","species","Panthera onca","Chromosome",132627732,51083,NA,"2023-02-09",NA,2767740000,19,2,"published","toga2","Jaguar,jaguar",NA,NA,"Panthera","Pantherinae","Felidae","illumina"
"9612","Canis lupus","Carnivora","Mammalia","Mammalia","LEAST CONCERN",TRUE,TRUE,TRUE,4,5,5,0,0,"Tissue/Blood","species","Canis lupus","Chromosome",65778685,44625132,NA,"2023-12-27",95.5,2748180000,39,2,"insdc_open","toga2","Iberian Wolf,Timber wolf;gray wolf","Canis lupus","signatus","Canis",NA,"Canidae","illumina"
"210652","Mungos mungo","Carnivora","Mammalia","Mammalia","LEAST CONCERN",TRUE,TRUE,TRUE,3,3,3,0,0,"Tissue","species","Mungos mungo","Scaffold",236501,180702,NA,"2019-01-15",NA,2823975000,18,2,"published","not_in_toga","Banded Mongoose,banded mongoose",NA,NA,"Mungos",NA,"Herpestidae","illumina"
"9642","Ursus thibetanus","Carnivora","Mammalia","Mammalia","VULNERABLE",TRUE,TRUE,TRUE,1,1,1,0,0,"Tissue","species","Ursus thibetanus","Scaffold",26803000,145966,NA,"2023-04-03",NA,2689500000,37,2,"insdc_open","toga1/2",NA,NA,NA,"Ursus",NA,"Ursidae","illumina"
"161932","Otaria byronia","Carnivora","Mammalia","Mammalia","LEAST CONCERN",TRUE,TRUE,FALSE,5,5,5,0,0,"Tissue","species","Otaria byronia","Scaffold",144693000,NA,NA,"2023-04-03",NA,3080700000,18,2,"open","toga2","South American Sea Lion,South American sea lion",NA,NA,"Otaria",NA,"Otariidae","illumina"
"9646","Ailuropoda melanoleuca","Carnivora","Mammalia","Mammalia","VULNERABLE",TRUE,TRUE,TRUE,2,1,1,0,0,"Tissue","species","Ailuropoda melanoleuca","Chromosome",129245720,127687,22586,"2020-04-20",NA,2689500000,21,2,"insdc_open","not_in_toga","Giant Panda,giant panda",NA,NA,"Ailuropoda",NA,"Ursidae","illumina"
"37032","Suricata suricatta","Carnivora","Mammalia","Mammalia","LEAST CONCERN",TRUE,TRUE,TRUE,6,7,7,0,0,"Tissue","species","Suricata suricatta","Chromosome",141453419,75409,NA,"2019-07-03",NA,2823975000,18,2,"published","toga1","Meerkat,meerkat",NA,NA,"Suricata",NA,"Herpestidae","illumina"
"9691","Panthera pardus","Carnivora","Mammalia","Mammalia","VULNERABLE",TRUE,TRUE,TRUE,2,2,2,0,0,"Tissue","species","Panthera pardus","Scaffold",126810544,22236240,NA,"2022-07-21",NA,2767740000,19,2,"insdc_open","toga2","Leopard,leopard",NA,"kotiya","Panthera",NA,"Felidae","illumina"
"9678","Crocuta crocuta","Carnivora","Mammalia","Mammalia","LEAST CONCERN",TRUE,TRUE,TRUE,2,2,2,0,0,"Tissue","species","Crocuta crocuta","Scaffold",7236831,97873,19698,"2019-10-07",93.5,2823975000,20,2,"insdc_open","not_in_toga","Spotted hyena,spotted hyena",NA,NA,"Crocuta",NA,"Hyaenidae","illumina"
"9704","Zalophus californianus","Carnivora","Mammalia","Mammalia","LEAST CONCERN",TRUE,TRUE,TRUE,3,2,2,0,0,"Tissue","species","Zalophus californianus","Chromosome",147124152,32626160,NA,"2020-07-14",NA,3080700000,18,2,"published","toga2","California sea lion",NA,NA,"Zalophus",NA,"Otariidae","silencer"
"9691","Panthera pardus","Carnivora","Mammalia","Mammalia","VULNERABLE",TRUE,TRUE,TRUE,1,1,1,0,0,"Tissue","species","Panthera pardus","Scaffold",126810544,22236240,NA,"2022-07-21",NA,2767740000,19,2,"insdc_open","toga2","Persian leopard,leopard",NA,"saxicolor","Panthera",NA,"Felidae","illumina"
"9666","Mustela lutreola","Carnivora","Mammalia","Mammalia","CRITICALLY ENDANGERED",TRUE,TRUE,FALSE,1,1,1,0,0,"Tissue","species","Mustela lutreola","Chromosome",154078643,83356672,NA,"2023-07-13",NA,2880210000,19,2,"insdc_open","toga2","European mink",NA,"novikovi","Mustela",NA,"Mustelidae","silencer"
"9694","Panthera tigris","Carnivora","Mammalia","Mammalia","ENDANGERED",TRUE,TRUE,TRUE,2,2,2,0,0,"Tissue (ovary/skin)","species","Panthera tigris","Chromosome",146942463,74391967,NA,"2021-05-13",NA,2650380000,19,2,"insdc_open","toga2","Tiger,Tiger;tiger",NA,NA,"Panthera",NA,"Felidae","silencer"
"9672","Pteronura brasiliensis","Carnivora","Mammalia","Mammalia","ENDANGERED",TRUE,TRUE,TRUE,1,1,1,0,0,"Tissue (uter/skin)","species","Pteronura brasiliensis","Scaffold",119023,90879,NA,"2019-01-15",82.7,2880210000,19,2,"published","not_in_toga","Giant otter,giant otter",NA,NA,"Pteronura",NA,"Mustelidae","illumina"
"9694","Panthera tigris","Carnivora","Mammalia","Mammalia","ENDANGERED",TRUE,TRUE,TRUE,2,1,1,0,0,"Skin","species","Panthera tigris","Chromosome",146942463,74391967,NA,"2021-05-13",NA,2650380000,19,2,"insdc_open","toga2","Sumatra tiger,Tiger;tiger",NA,"sumatrae","Panthera",NA,"Felidae","silencer"
"32538","Leopardus pardalis","Carnivora","Mammalia","Mammalia","LEAST CONCERN",TRUE,TRUE,FALSE,1,1,1,0,0,NA,"genus","Leopardus geoffroyi","Chromosome",152606360,104474415,NA,"2021-05-13",NA,2909550000,18,2,"insdc_open","toga1/2",NA,NA,NA,"Leopardus","Felinae","Felidae","tetrapod"
"9649","Ailurus fulgens","Carnivora","Mammalia","Mammalia","ENDANGERED",TRUE,TRUE,TRUE,7,5,5,0,0,"Tissue","genus","Ailurus styani","Scaffold",2983736,99577,NA,"2017-02-28",NA,2833755000,18,2,"insdc_open","toga1/2",NA,NA,NA,"Ailurus",NA,"Ailuridae","illumina"
"452597","Aonyx cinereus","Carnivora","Mammalia","Mammalia","VULNERABLE",TRUE,TRUE,TRUE,1,0,0,0,0,"Tissue","family","Neogale vison","Chromosome",220349319,220349319,NA,"2021-09-29",94.9,2880210000,19,2,"insdc_open","toga2",NA,NA,NA,"Aonyx",NA,"Mustelidae","tetrapod"
"129801","Ateles hybridus","Primates","Mammalia","Mammalia","CRITICALLY ENDANGERED",TRUE,TRUE,FALSE,8,6,6,0,1,"Tissue/placenta","species","Ateles hybridus","Scaffold",50515269,50515269,NA,"2021-09-22",NA,3166275000,17,2,"insdc_open","toga2","Brown Spider Monkey,brown spider monkey",NA,NA,"Ateles","Atelinae","Atelidae","illumina"
"9447","Lemur catta","Primates","Mammalia","Mammalia","ENDANGERED",TRUE,TRUE,TRUE,9,6,6,0,0,"Tissue (skin)","species","Lemur catta","Chromosome",102162704,32529614,NA,"2021-11-04",NA,3207840000,28,2,"published","not_in_toga","Ring-tailed Lemur,Ring-tailed lemur",NA,NA,"Lemur","Lemuridae","Lemuridae","illumina"
"52231","Callithrix geoffroyi","Primates","Mammalia","Mammalia","LEAST CONCERN",TRUE,TRUE,FALSE,1,1,1,0,0,"Tissue","species","Callithrix geoffroyi","Scaffold",13434,13434,NA,"2023-10-31",NA,3354540000,22,2,"insdc_open","toga1/2","Geoffroy’s Tufted-ear Marmoset,Geoffroy's marmoset",NA,NA,"Callithrix","Callitrichinae","Cebidae","silencer"
"9491","Saguinus imperator","Primates","Mammalia","Mammalia","LEAST CONCERN",TRUE,TRUE,TRUE,3,4,4,0,0,"Tissue","species","Saguinus imperator","Scaffold",65636,53787,NA,"2019-01-15",NA,3378990000,22,2,"published","toga1","Bearded Emperor Tamarin,tamarin",NA,"subgrisescens","Saguinus","Callitrichinae","Cebidae","illumina"
"9490","Saguinus oedipus","Primates","Mammalia","Mammalia","CRITICALLY ENDANGERED",TRUE,TRUE,FALSE,3,3,3,0,0,NA,"species","Saguinus oedipus","Chromosome",148490209,91852676,41012,"2023-09-25",NA,3378990000,22,2,"insdc_open","toga2","Cotton-headed Tamarin,cotton-top tamarin",NA,NA,"Saguinus","Callitrichinae","Cebidae","illumina"
"9598","Pan troglodytes","Primates","Mammalia","Mammalia","ENDANGERED",TRUE,TRUE,TRUE,9,10,10,0,2,"Tissue/Blood","species","Pan troglodytes","Chromosome",146288486,146288486,55892,"2024-12-09",91.5,3613710000,24,2,"insdc_open","not_in_toga","Central chimpanzee,Chimpanzee;chimpanzee",NA,"troglodytes","Pan",NA,"Hominidae","silencer"
"3074498","Cercocebus lunulatus","Primates","Mammalia","Mammalia","ENDANGERED",TRUE,TRUE,FALSE,6,8,8,0,0,NA,"species","Cercocebus lunulatus","Scaffold",36500,36497,NA,"2023-11-03",NA,4029360000,21,2,NA,"toga1/2",NA,"Cercocebus lunulatus",NA,"Cercocebus",NA,"Cercopithecidae","illumina"
"9600","Pongo pygmaeus","Primates","Mammalia","Mammalia","CRITICALLY ENDANGERED",TRUE,FALSE,FALSE,3,3,3,0,1,"Cell culture / Placenta/ombelical Cordon","species","Pongo pygmaeus","Chromosome",143261986,140592248,NA,"2024-01-08",93.9,3579480000,24,2,"insdc_open","not_in_toga","Orangutan,Orangutan;Bornean orangutan","Pongo pygmaeus pygmaeus",NA,"Pongo",NA,"Hominidae","silencer"
"75566","Lophocebus aterrimus","Primates","Mammalia","Mammalia","VULNERABLE",TRUE,TRUE,FALSE,2,2,0,0,0,"Tissue","species","Lophocebus aterrimus","Contig",6802059,6802059,NA,"2022-06-17",94.3,3677280000,21,2,"insdc_open","toga2","Black Mangabey,Black mangabey;Black crested mangabey",NA,NA,"Lophocebus",NA,"Cercopithecidae","tetrapod"
"9561","Mandrillus sphinx","Primates","Mammalia","Mammalia","VULNERABLE",TRUE,TRUE,TRUE,2,3,3,0,1,"Tissue","species","Mandrillus sphinx","Contig",20999372,20999372,NA,"2022-06-17",NA,3423000000,21,2,"insdc_open","not_in_toga","Mandrill,Mandrill;mandrill",NA,NA,"Mandrillus","Cercopithecinae","Cercopithecidae","illumina"
"100488","Miopithecus ogouensis","Primates","Mammalia","Mammalia","NEAR THREATENED",TRUE,TRUE,FALSE,2,1,1,0,1,"Tissue","species","Miopithecus ogouensis","Scaffold",39714,39707,NA,"2023-11-02",NA,3589260000,27,2,"insdc_open","toga1/2","Northern Talapoin Monkey,Gabon talapoin",NA,NA,"Miopithecus","Cercopithecinae","Cercopithecidae","illumina"
"13515","Eulemur fulvus","Primates","Mammalia","Mammalia","VULNERABLE",TRUE,TRUE,TRUE,2,2,2,0,0,"Tissue","species","Eulemur fulvus","Scaffold",28225,28225,NA,"2023-10-30",58.2,3281190000,24,2,"published","toga1","Common brown lemur,Brown lemur;brown lemur",NA,NA,"Eulemur",NA,"Lemuridae","illumina"
"36227","Cercopithecus neglectus","Primates","Mammalia","Mammalia","LEAST CONCERN",TRUE,TRUE,TRUE,2,2,2,0,0,"Tissue","species","Cercopithecus neglectus","Scaffold",44019,44010,NA,"2023-11-02",NA,4762860000,29,2,"published","not_in_toga","De Brazza’s Monkey,De Brazza's monkey",NA,NA,"Cercopithecus","Cercopithecinae","Cercopithecidae","illumina"
"9530","Cercocebus torquatus","Primates","Mammalia","Mammalia","ENDANGERED",TRUE,TRUE,FALSE,2,2,2,0,0,"Tissue","species","Cercocebus torquatus","Scaffold",37166,37166,NA,"2023-11-03",NA,4792200000,21,2,"insdc_open","toga1/2","Red-capped mangabey,Mangabey;collared mangabey",NA,NA,"Cercocebus",NA,"Cercopithecidae","illumina"
"9593","Gorilla gorilla","Primates","Mammalia","Mammalia","CRITICALLY ENDANGERED",TRUE,TRUE,TRUE,4,3,3,0,1,"Blood/Tissue","species","Gorilla gorilla","Contig",42091,42091,NA,"2023-04-03",NA,3491460000,24,2,"insdc_open","not_in_toga","Western Gorilla,Gorilla;Western lowland gorilla;western gorilla",NA,NA,"Gorilla",NA,"Hominidae","silencer"
"9556","Papio cynocephalus","Primates","Mammalia","Mammalia","LEAST CONCERN",TRUE,TRUE,FALSE,3,3,3,0,0,"Tissue","species","Papio cynocephalus","Scaffold",30627,30627,NA,"2023-11-03",NA,3457230000,21,2,"insdc_open","toga1/2","Yellow Baboon,Yellow baboon",NA,NA,"Papio",NA,"Cercopithecidae","silencer"
"9588","Hylobates muelleri","Primates","Mammalia","Mammalia","ENDANGERED",TRUE,TRUE,FALSE,1,1,1,0,0,"Tissue","species","Hylobates muelleri","Scaffold",28009,28001,NA,"2023-11-02",NA,3246960000,22,2,"insdc_open","toga1/2","Bornean Gibbon,Mueller's Borneo gibbon",NA,NA,"Hylobates",NA,"Hylobatidae","illumina"
"9568","Mandrillus leucophaeus","Primates","Mammalia","Mammalia","VULNERABLE",TRUE,TRUE,TRUE,3,3,3,0,0,"Tissue","species","Mandrillus leucophaeus","Scaffold",3186748,31346,NA,"2015-03-12",NA,3423000000,21,2,"insdc_open","toga2","Drill,drill",NA,NA,"Mandrillus",NA,"Cercopithecidae","illumina"
"9589","Hylobates pileatus","Primates","Mammalia","Mammalia","ENDANGERED",TRUE,TRUE,FALSE,1,1,1,0,0,"Tissue","species","Hylobates pileatus","Chromosome",131825309,17385161,NA,"2022-01-19",NA,3168720000,22,2,"insdc_open","toga2","Pileated Gibbon,pileated gibbon",NA,NA,"Hylobates",NA,"Hylobatidae","illumina"
"9493","Cebuella pygmaea","Primates","Mammalia","Mammalia","VULNERABLE",TRUE,TRUE,TRUE,5,5,5,0,0,"Tissue","species","Cebuella pygmaea","Scaffold",35755,35755,NA,"2023-11-02",NA,3403440000,22,2,"insdc_open","toga1/2","Pygmy marmoset,Pygmy marmoset;pygmy marmoset",NA,NA,"Cebuella",NA,"Cebidae","illumina"
"57374","Leontopithecus chrysomelas","Primates","Mammalia","Mammalia","ENDANGERED",TRUE,TRUE,FALSE,1,1,1,0,0,"Tissue","species","Leontopithecus chrysomelas","Scaffold",30751,30751,NA,"2023-11-02",NA,3378990000,22,2,"insdc_open","toga2","Golden-headed lion tamarin,golden-headed lion tamarin",NA,NA,"Leontopithecus",NA,"Cebidae","illumina"
"9495","Callimico goeldii","Primates","Mammalia","Mammalia","VULNERABLE",TRUE,TRUE,FALSE,2,2,2,0,0,"Tissue (ear)","species","Callimico goeldii","Scaffold",25261,25257,NA,"2023-11-02",NA,3378990000,22,2,"insdc_open","toga2","Goeldi's monke,Goeldi's marmoset",NA,NA,"Callimico",NA,"Cebidae","tetrapod"
"30586","Saguinus midas","Primates","Mammalia","Mammalia","LEAST CONCERN",TRUE,TRUE,FALSE,2,2,2,0,0,"Skin","species","Saguinus midas","Chromosome",143273090,10987047,NA,"2022-01-19",NA,3378990000,22,2,"insdc_open","toga2","Red-handed tamarin,Midas tamarin",NA,NA,"Saguinus",NA,"Cebidae","tetrapod"
"9515","Sapajus apella","Primates","Mammalia","Mammalia","LEAST CONCERN",TRUE,TRUE,TRUE,1,0,0,0,0,"Placenta","species","Sapajus apella","Scaffold",23742480,144042,NA,"2019-12-17",NA,3618600000,27,2,"insdc_open","not_in_toga","Tufted capuchin,Capuchin monkey;black-capped capuchin;tufted capuchin",NA,NA,"Sapajus",NA,"Cebidae","tetrapod"
"9455","Varecia variegata","Primates","Mammalia","Mammalia","CRITICALLY ENDANGERED",TRUE,TRUE,FALSE,2,1,1,0,0,"Skin","species","Varecia variegata","Chromosome",128811464,40155,NA,"2023-02-10",NA,3193170000,23,2,"insdc_open","toga2","Black-and-white Ruffed Lemur,ruffed lemur",NA,NA,"Varecia",NA,"Lemuridae","tetrapod"
"36228","Cercopithecus nictitans","Primates","Mammalia","Mammalia","ENDANGERED",TRUE,TRUE,FALSE,1,1,1,0,0,"skin/ear/traquea","species","Cercopithecus nictitans","Scaffold",31132,31127,NA,"2023-11-02",NA,4303200000,33,2,"insdc_open","toga1/2","Martin's putty-nosed guenon,White-nosed Guenon;white-nosed guenon",NA,"martini","Cercopithecus",NA,"Cercopithecidae","tetrapod"
"9546","Macaca sylvanus","Primates","Mammalia","Mammalia","ENDANGERED",TRUE,TRUE,FALSE,2,2,2,0,0,"Tissue","genus","Macaca fascicularis","Complete Genome",162126771,162126771,21276,"2024-09-18",NA,3423000000,21,2,"insdc_open","toga2","Barbary macaque,Barbary ape",NA,NA,"Macaca",NA,"Cercopithecidae","illumina"
"9580","Hylobates lar","Primates","Mammalia","Mammalia","ENDANGERED",TRUE,TRUE,FALSE,2,1,1,0,0,"Tissue","genus","Hylobates pileatus","Chromosome",131825309,17385161,NA,"2022-01-19",NA,3017130000,22,2,"insdc_open","toga2","White-handed Gibbon,White-handed gibbon",NA,NA,"Hylobates",NA,"Hylobatidae","illumina"
"67940","Nanger dama","Artiodactyla","Mammalia","Mammalia","CRITICALLY ENDANGERED",TRUE,TRUE,FALSE,20,10,10,0,0,"blood/placenta/ombelical cord","species","Nanger dama","Scaffold",37125998,37125998,NA,"2021-11-18",NA,3403440000,15,2,"insdc_open","toga1/2","Dama Gazelle,Dama gazelle","Nanger Dama","mhorr","Nanger","Antilopinae","Bovidae","illumina"
"9897","Aepyceros melampus","Artiodactyla","Mammalia","Mammalia","LEAST CONCERN",TRUE,TRUE,TRUE,8,6,6,0,0,"Tissue (ear)","species","Aepyceros melampus","Scaffold",344542,82459,NA,"2019-06-24",72.2,4586820000,30,2,"insdc_open","not_in_toga","Impala,Impala;impala",NA,NA,"Aepyceros","Aepycerotinae","Bovidae","illumina"
"56798","Hexaprotodon liberiensis","Artiodactyla","Mammalia","Mammalia","ENDANGERED",TRUE,TRUE,FALSE,1,1,1,0,0,"Tissue (skin)","species","Hexaprotodon liberiensis","Chromosome",142594368,20244513,NA,"2022-04-22",NA,3041580000,18,2,"insdc_open","toga2","Pygmi Hippopotamus,pygmy hippopotamus","Choeropsis liberiensis",NA,"Hexaprotodon",NA,"Hippopotamidae","silencer"
"9899","Ammotragus lervia","Artiodactyla","Mammalia","Mammalia","VULNERABLE",TRUE,TRUE,TRUE,7,5,5,0,0,"Tissue","species","Ammotragus lervia","Scaffold",1301762,52017,NA,"2023-04-03",94.3,3195615000,29,2,"insdc_open","not_in_toga","Barbary Sheep,aoudad",NA,"fassini","Ammotragus","Caprinae","Bovidae","tetrapod"
"9958","Oryx gazella","Artiodactyla","Mammalia","Mammalia","LEAST CONCERN",TRUE,TRUE,TRUE,1,1,1,0,0,"Tissue","species","Oryx gazella","Scaffold",1579191,19498,NA,"2018-12-14",NA,3892440000,28,2,"insdc_open","not_in_toga","Gemsbok,gemsbok",NA,NA,"Oryx","Antilopinae","Bovidae","illumina"
"59515","Addax nasomaculatus","Artiodactyla","Mammalia","Mammalia","CRITICALLY ENDANGERED",TRUE,TRUE,FALSE,2,2,0,2,0,"Blood","species","Addax nasomaculatus","Chromosome",92211068,72849686,NA,"2024-11-04",91.6,3892440000,28,2,"insdc_open","toga2","Addax",NA,NA,"Addax","Hippotraginae","Bovidae","tetrapod"
"9894","Giraffa camelopardalis","Artiodactyla","Mammalia","Mammalia","VULNERABLE",TRUE,TRUE,TRUE,2,2,2,0,0,NA,"species","Giraffa camelopardalis","Scaffold",3153258,25056,NA,"2023-04-03",NA,2709060000,15,2,"insdc_open","not_in_toga","Cameleopardis giraffe,Giraffe;Reticulated giraffe;giraffe",NA,NA,"Giraffa",NA,"Giraffidae","illumina"
"9840","Lama guanicoe","Artiodactyla","Mammalia","Mammalia","LEAST CONCERN",TRUE,TRUE,TRUE,4,3,3,0,0,NA,"species","Lama guanicoe","Scaffold",14786206,343812,NA,"2023-04-03",NA,3139380000,37,2,"insdc_open","toga1/2","Guanaco",NA,NA,"Lama",NA,"Camelidae","illumina"
"9927","Connochaetes taurinus","Artiodactyla","Mammalia","Mammalia","LEAST CONCERN",TRUE,TRUE,TRUE,1,1,1,0,0,NA,"species","Connochaetes taurinus","Scaffold",366224,70608,NA,"2019-06-24",NA,3853320000,29,2,"insdc_open","not_in_toga","Ble Wildebeest,brindled gnu",NA,NA,"Connochaetes","Alcelaphinae","Bovidae","illumina"
"69298","Tragelaphus spekii","Artiodactyla","Mammalia","Mammalia","LEAST CONCERN",TRUE,TRUE,FALSE,2,1,1,0,0,"Tissue (placenta/ombelical cordon)","species","Tragelaphus spekii","Scaffold",46427,9477,NA,"2023-04-03",NA,3853320000,15,2,"insdc_open","toga1/2","Sitatunga",NA,NA,"Tragelaphus","Bovinae","Bovidae","illumina"
"59531","Kobus leche","Artiodactyla","Mammalia","Mammalia","NEAR THREATENED",TRUE,TRUE,TRUE,1,1,0,1,0,"Blood","species","Kobus leche","Scaffold",3233651,66923,NA,"2023-04-03",NA,3853320000,25,2,"insdc_open","toga1/2",NA,"Southern Lechwe",NA,"Kobus","Reduncinae","Bovidae","tetrapod"
"9902","Bison bonasus","Artiodactyla","Mammalia","Mammalia","NEAR THREATENED",TRUE,TRUE,FALSE,3,3,2,1,0,"Blood/Tissue","species","Bison bonasus","Scaffold",104743180,91242619,NA,"2023-12-17",NA,4792200000,30,2,"insdc_open","toga1/2","Bison,European bison",NA,NA,"Bison","Bovinae","Bovidae","illumina"
"9837","Camelus bactrianus","Artiodactyla","Mammalia","Mammalia","CRITICALLY ENDANGERED",TRUE,TRUE,TRUE,2,2,2,0,0,"Tissue","species","Camelus bactrianus","Chromosome",79915242,54723239,NA,"2025-03-21",92.3,2577030000,35,2,"insdc_open","toga1","Bactrian Camel,Bactrian camel;Two-humped camel",NA,NA,"Camelus",NA,"Camelidae","illumina"
"69297","Tragelaphus eurycerus","Artiodactyla","Mammalia","Mammalia","NEAR THREATENED",TRUE,TRUE,FALSE,2,1,1,0,0,"Tissue","species","Tragelaphus eurycerus","Contig",21206903,21206903,NA,"2022-03-28",NA,3853320000,15,2,"insdc_open","toga1/2","Bongo,bongo",NA,NA,"Tragelaphus",NA,"Bovidae","illumina"
"9823","Sus scrofa","Artiodactyla","Mammalia","Mammalia","LEAST CONCERN",TRUE,TRUE,TRUE,2,2,2,0,0,"Tissue","species","Sus scrofa","Chromosome",88231837,48231277,NA,"2017-02-07",NA,2885100000,18,2,"insdc_open","toga2","Wild boar,pig",NA,NA,"Sus","Suinae","Suidae","illumina"
"59534","Oryx dammah","Artiodactyla","Mammalia","Mammalia","EXTINCT IN THE WILD",TRUE,TRUE,TRUE,3,2,2,0,1,"Tissue","species","Oryx dammah","Scaffold",100398400,374342,NA,"2020-09-25",NA,3892440000,28,2,"insdc_open","not_in_toga","Scimitar-horned Oryx,scimitar-horned oryx",NA,NA,"Oryx","Antilopinae","Bovidae","illumina"
"9870","Rangifer tarandus","Artiodactyla","Mammalia","Mammalia","VULNERABLE",TRUE,TRUE,TRUE,4,4,4,0,0,"Tissue/ovaries","species","Rangifer tarandus","Scaffold",69738971,146778,NA,"2023-09-04",NA,3334980000,35,2,"published","toga1","Reindeer,Reindeer, caribou;reindeer",NA,NA,"Rangifer",NA,"Cervidae","illumina"
"9925","Capra hircus","Artiodactyla","Mammalia","Mammalia","NA",TRUE,TRUE,TRUE,4,2,2,0,0,"Tissue","species","Capra hircus","Chromosome",87277232,26244591,20740,"2016-08-24",NA,3168720000,30,2,"insdc_open","toga2","Domestic goat,Domestic goat;goat",NA,NA,"Capra",NA,"Bovidae","illumina"
"43332","Elaphurus davidianus","Artiodactyla","Mammalia","Mammalia","EXTINCT IN THE WILD",TRUE,TRUE,TRUE,5,5,5,0,0,"Tissue (ear)","species","Elaphurus davidianus","Scaffold",3039716,32707,NA,"2021-12-01",94,3168720000,34,2,"insdc_open","toga1","Père David's deer,Pere David's deer",NA,NA,"Elaphurus",NA,"Cervidae","illumina"
"30532","Dama dama","Artiodactyla","Mammalia","Mammalia","LEAST CONCERN",TRUE,TRUE,FALSE,2,2,2,0,0,"Tissue","species","Dama dama","Chromosome",77069784,68791581,NA,"2024-10-18",NA,3168720000,34,2,"insdc_open","toga2","Fallow deer,Fallow deer;fallow deer",NA,NA,"Dama",NA,"Cervidae","tetrapod"
"59527","Beatragus hunteri","Artiodactyla","Mammalia","Mammalia","CRITICALLY ENDANGERED",TRUE,TRUE,TRUE,1,1,1,0,0,"Tissue","species","Beatragus hunteri","Scaffold",69303,57444,NA,"2019-01-16",NA,3853320000,19,2,"published","toga1",NA,NA,NA,"Beatragus",NA,"Bovidae","illumina"
"30521","Bos grunniens","Artiodactyla","Mammalia","Mammalia","VULNERABLE",TRUE,TRUE,TRUE,2,2,2,0,0,"Tissue","species","Bos grunniens","Chromosome",114386978,44716738,NA,"2019-06-10",NA,3569700000,30,2,"insdc_open","not_in_toga","Domestic yak,domestic yak",NA,NA,"Bos",NA,"Bovidae","silencer"
"9940","Ovis aries","Artiodactyla","Mammalia","Mammalia","NA",TRUE,TRUE,TRUE,3,3,3,0,0,"Tissue","species","Ovis aries","Chromosome",107697089,43178051,20643,"2023-07-20",NA,3227400000,27,2,"insdc_open","toga1","Mouflon,Sheep;sheep",NA,"musimon","Ovis",NA,"Bovidae","illumina"
"9901","Bison bison","Artiodactyla","Mammalia","Mammalia","NEAR THREATENED",TRUE,TRUE,TRUE,3,1,1,0,0,"Tissue","species","Bison bison","Scaffold",6873254,18844,NA,"2023-04-03",NA,4792200000,30,2,"insdc_open","toga1/2","American bison,Buffalo",NA,NA,"Bison",NA,"Bovidae","tetrapod"
"9833","Hippopotamus amphibius","Artiodactyla","Mammalia","Mammalia","VULNERABLE",TRUE,TRUE,TRUE,2,2,2,0,0,"Tissue","species","Hippopotamus amphibius","Chromosome",141669128,49478000,NA,"2023-04-03",95.2,3041580000,18,2,"published","toga1","Hippopotamus,hippopotamus",NA,NA,"Hippopotamus",NA,"Hippopotamidae","tetrapod"
"9888","Muntiacus muntjak","Artiodactyla","Mammalia","Mammalia","LEAST CONCERN",TRUE,TRUE,TRUE,1,1,1,0,0,"Tissue (skin)","species","Muntiacus muntjak","Chromosome",682452208,215534,25737,"2019-10-07",NA,3080700000,23,2,"insdc_open","not_in_toga","Southern Red Muntjac,Barking deer;muntjak",NA,NA,"Muntiacus",NA,"Cervidae","tetrapod"
"9739","Tursiops truncatus","Artiodactyla","Mammalia","Mammalia","LEAST CONCERN",TRUE,TRUE,TRUE,1,1,1,0,0,"Tissue","species","Tursiops truncatus","Chromosome",108430135,9729386,NA,"2024-12-12",89,3080700000,18,2,"published","not_in_toga","Bottlenose dolphin,Bottlenose dolphin;common bottlenose dolphin",NA,NA,"Tursiops",NA,"Delphinidae","illumina"
"9749","Delphinapterus leucas","Artiodactyla","Mammalia","Mammalia","LEAST CONCERN",TRUE,TRUE,TRUE,1,1,1,0,0,"Tissue","species","Delphinapterus leucas","Scaffold",31183418,196689,NA,"2019-09-03",90.7,3217620000,18,2,"insdc_open","toga1","Beluga Whale,Beluga whale;Beluga;beluga whale",NA,NA,"Delphinapterus",NA,"Monodontidae","illumina"
"9773","Megaptera novaeangliae","Artiodactyla","Mammalia","Mammalia","LEAST CONCERN",TRUE,TRUE,TRUE,1,1,1,0,0,"Tissue","species","Megaptera novaeangliae","Chromosome",107416641,36344089,NA,"2024-09-09",NA,2865540000,18,2,"published","toga2","Humpback Whale,Humpback whale;humpback whale",NA,NA,"Megaptera",NA,"Balaenopteridae","illumina"
"9728","Delphinus delphis","Artiodactyla","Mammalia","Mammalia","LEAST CONCERN",TRUE,TRUE,FALSE,1,0,1,0,0,"Tissue","species","Delphinus delphis","Chromosome",107080983,3627551,NA,"2024-09-07",95.4,3080700000,18,2,"published","toga2","Common Dolphin,Common dolphin;saddleback dolphin",NA,NA,"Delphinus",NA,"Delphinidae","silencer"
"9886","Muntiacus reevesi","Artiodactyla","Mammalia","Mammalia","LEAST CONCERN",TRUE,TRUE,TRUE,2,2,2,0,0,NA,"species","Muntiacus reevesi","Chromosome",114544513,5780196,26044,"2024-01-31",96.2,2924220000,23,2,"insdc_open","toga2","Muntiacus reevesi,Reeves's (Chinese) muntjac;Reeve's Muntjac;Reeves' muntjac",NA,NA,"Muntiacus",NA,"Cervidae","silencer"
"41426","Phacochoerus africanus","Artiodactyla","Mammalia","Mammalia","LEAST CONCERN",TRUE,TRUE,FALSE,5,4,4,0,0,"Tissue","species","Phacochoerus africanus","Chromosome",141887063,10602503,NA,"2021-02-19",95.6,2885100000,17,2,"insdc_open","toga2","Warthog,Common warthog",NA,NA,"Phacochoerus",NA,"Suidae","silencer"
"37751","Gazella dorcas","Artiodactyla","Mammalia","Mammalia","VULNERABLE",FALSE,TRUE,FALSE,13,9,9,0,0,"tissue (ear)","family","Bubalus kerabau","Chromosome",121846921,91172394,NA,"2023-03-31",NA,3447450000,15,2,"insdc_open","toga2",NA,NA,NA,"Gazella","Antilopinae","Bovidae","tetrapod"
"69301","Gazella cuvieri","Artiodactyla","Mammalia","Mammalia","VULNERABLE",FALSE,TRUE,FALSE,1,1,1,0,0,"Tissue","family","Bubalus kerabau","Chromosome",121846921,91172394,NA,"2023-03-31",NA,3447450000,16,2,"insdc_open","toga2",NA,NA,NA,"Gazella","Antilopinae","Bovidae","tetrapod"
"59528","Connochaetes gnou","Artiodactyla","Mammalia","Mammalia","LEAST CONCERN",TRUE,FALSE,FALSE,1,2,1,1,0,"Tissue","genus","Connochaetes taurinus","Scaffold",366224,70608,NA,"2019-06-24",NA,3853320000,29,2,"insdc_open","not_in_toga",NA,NA,NA,"Connochaetes",NA,"Bovidae","illumina"
"30531","Axis axis","Artiodactyla","Mammalia","Mammalia","LEAST CONCERN",TRUE,FALSE,FALSE,1,2,2,0,0,"Tissue","genus","Axis porcinus","Scaffold",20764858,172761,NA,"2018-11-20",NA,3168720000,33,2,"insdc_open","not_in_toga",NA,NA,NA,"Axis",NA,"Cervidae","illumina"
"273791","Potamochoerus porcus","Artiodactyla","Mammalia","Mammalia","LEAST CONCERN",TRUE,TRUE,FALSE,2,2,2,0,0,"Tissue","family","Phacochoerus africanus","Chromosome",141887063,10602503,NA,"2021-02-19",95.6,2885100000,17,2,"insdc_open","toga2",NA,NA,NA,"Potamochoerus",NA,"Suidae","tetrapod"
"80419","Capra pyrenaica","Artiodactyla","Mammalia","Mammalia","LEAST CONCERN",TRUE,FALSE,FALSE,1,1,1,0,0,"Tissue","genus","Capra aegagrus","Chromosome",91317560,19347,NA,"2015-04-24",88.2,3163830000,30,2,"insdc_open","not_in_toga",NA,NA,"hispanica","Capra",NA,"Bovidae","illumina"
