"scientific_name","species","subspecies","common_name","family","zims_species360","origin","sex","cell_type","type1","type2","type3","type4","karyotype","sample_id","cell_barcode","wgs","rna_seq","x14","iucn","superclass","data","animal_id","individual_id","lines_per_individual","iPSC","status"
"Calotriton arnoldi","Calotriton arnoldi",NA,"Montseny Brook newt","Salamandridae","OR193 son of TOR18+TOR16","CAPTIVE","U","Primary",NA,NA,NA,NA,NA,"A3","*A3*",NA,NA,NA,"CR","Amphibian",NA,"A3","I_A3",1,FALSE,FALSE
"Calotriton arnoldi","Calotriton arnoldi",NA,"Montseny Brook newt","Salamandridae","QGH19-05277-IA","CAPTIVE","U","Primary",NA,NA,NA,NA,NA,"A6","*A6*",NA,NA,"Calotriton arnoldi (iucnredlist.org)","CR","Amphibian",NA,"A6","I_A6",1,FALSE,FALSE
"Calotriton arnoldi","Calotriton arnoldi",NA,"Montseny Brook newt","Salamandridae","QGH20-05351-IA","CAPTIVE","U","Primary",NA,NA,NA,NA,NA,"A17","*A17*",NA,NA,"Taxonomy browser (Calotriton arnoldi) (nih.gov)","CR","Amphibian",NA,"A17","I_A17",1,FALSE,FALSE
"Calotriton arnoldi","Calotriton arnoldi",NA,"Montseny Brook newt","Salamandridae","QGH20-05351-IA","CAPTIVE","U","Primary",NA,NA,NA,NA,NA,"A28","*A28*","ORGONE_10_2",NA,NA,"CR","Amphibian",NA,"A28","I_A28",1,FALSE,FALSE
"Calotriton arnoldi","Calotriton arnoldi",NA,"Montseny Brook newt","Salamandridae","OR192, Any 2012, male","CAPTIVE","U","Primary",NA,NA,NA,NA,NA,"A83","*A83*",NA,NA,NA,"CR","Amphibian",NA,"A83","I_A83",1,FALSE,FALSE
"Calotriton arnoldi","Calotriton arnoldi",NA,"Montseny Brook newt","Salamandridae",NA,NA,NA,"Primary",NA,NA,NA,NA,NA,"A188","*A188*",NA,NA,NA,"CR","Amphibian",NA,"A188","I_A188",1,FALSE,FALSE
"Calotriton arnoldi","Calotriton arnoldi",NA,"Montseny Brook newt","Salamandridae",NA,NA,NA,"Primary",NA,NA,NA,NA,NA,"A220","*A220*",NA,NA,NA,"CR","Amphibian",NA,"A220","I_A220",1,FALSE,FALSE
"Calotriton arnoldi","Calotriton arnoldi",NA,"Montseny Brook newt","Salamandridae",NA,NA,NA,"Primary",NA,NA,NA,NA,NA,"A285","*A285*",NA,NA,NA,"CR","Amphibian",NA,"A285","I_A285",1,FALSE,FALSE
"Calotriton arnoldi","Calotriton arnoldi",NA,"Montseny Brook newt","Salamandridae",NA,NA,NA,"Primary",NA,NA,NA,NA,NA,"A364","*A364*",NA,NA,NA,"CR","Amphibian",NA,"A364","I_A364",1,FALSE,FALSE
"Calotriton arnoldi","Calotriton arnoldi",NA,"Montseny Brook newt","Salamandridae","QGH20-05351-IA","CAPTIVE",NA,"Primary",NA,NA,NA,NA,NA,"A602",NA,NA,NA,NA,"CR","Amphibian",NA,"A602","I_A602",1,FALSE,FALSE
"Calotriton arnoldi","Calotriton arnoldi",NA,"Montseny Brook newt","Salamandridae","QGH25-07332/ BARCELONA / 15138","CAPTIVE","U","Primary",NA,NA,NA,NA,NA,"A795",NA,NA,NA,NA,"CR","Amphibian",NA,"A795","I_A795",1,FALSE,FALSE
"Triturus marmoratus","Triturus marmoratus",NA,"Marbled Newt","Salamandridae","NO ZIMS","WILD","U","Primary",NA,NA,NA,NA,NA,"A642",NA,NA,NA,"https://www.iucnredlist.org/species/59477/219150517","VU","Amphibian",NA,"A642","I_A642",1,FALSE,FALSE
"Triturus marmoratus","Triturus marmoratus",NA,"Marbled Newt","Salamandridae","NO ZIMS","WILD","U","Primary",NA,NA,NA,NA,NA,"A643",NA,NA,NA,NA,"VU","Amphibian",NA,"A643","I_A643",1,FALSE,FALSE
"Triturus marmoratus","Triturus marmoratus",NA,"Marbled Newt","Salamandridae","BC0096","WILD","U","Primary",NA,NA,NA,NA,NA,"A650",NA,NA,NA,NA,"VU","Amphibian",NA,"A650","I_A650",1,FALSE,FALSE
"Triturus marmoratus","Triturus marmoratus",NA,"Marbled Newt","Salamandridae","BC00833","WILD","U","Primary",NA,NA,NA,NA,NA,"A651",NA,NA,NA,NA,"VU","Amphibian",NA,"A651","I_A651",1,FALSE,FALSE
"Ambystoma mexicanum","Ambystoma mexicanum",NA,"Axolotl","Ambystomatidae","MIG12-30088849","CAPTIVE",NA,"Primary",NA,NA,NA,NA,NA,"A41","*A41*",NA,NA,"https://www.iucnredlist.org/species/1095/53947343","CR","Amphibian",NA,"A41","I_A41",1,FALSE,FALSE
"Ambystoma mexicanum","Ambystoma mexicanum",NA,"Axolotl","Ambystomatidae","-","CAPTIVE",NA,"Primary",NA,NA,NA,NA,NA,"A351","*A351*",NA,NA,"https://www.ncbi.nlm.nih.gov/Taxonomy/Browser/wwwtax.cgi","CR","Amphibian",NA,"A351","I_A351",1,FALSE,FALSE
"Ambystoma mexicanum","Ambystoma mexicanum",NA,"Axolotl","Ambystomatidae","-","CAPTIVE",NA,"Primary",NA,NA,NA,NA,NA,"A352","*A352*",NA,NA,NA,"CR","Amphibian",NA,"A352","I_A352",1,FALSE,FALSE
"Ambystoma mexicanum","Ambystoma mexicanum",NA,"Axolotl","Ambystomatidae",NA,"CAPTIVE",NA,"Primary",NA,NA,NA,NA,NA,"A688",NA,NA,NA,NA,"CR","Amphibian",NA,"A688","I_A688",1,FALSE,FALSE
"Ambystoma mexicanum","Ambystoma mexicanum",NA,"Axolotl","Ambystomatidae",NA,"CAPTIVE",NA,"Primary",NA,NA,NA,NA,NA,"A771",NA,NA,NA,NA,"CR","Amphibian",NA,"A771","I_A771",1,FALSE,FALSE
"Ambystoma mexicanum","Ambystoma mexicanum",NA,"Axolotl","Ambystomatidae","MIG12-30088849","CAPTIVE","M","Primary",NA,NA,NA,NA,NA,"A785",NA,NA,NA,NA,"CR","Amphibian",NA,"A785","I_A785",1,FALSE,FALSE
"Pleurodeles waltl","Pleurodeles waltl",NA,"Sharp-ribbed Salamander","Salamandridae","-","CAPTIVE",NA,"Primary","WGS",NA,NA,NA,NA,"A203","*A203*","ABA20114",NA,NA,"NT","Amphibian",NA,"A203","I_A203",1,FALSE,FALSE
"Pleurodeles waltl","Pleurodeles waltl",NA,"Sharp-ribbed Salamander","Salamandridae","QGH23-06328-IA","-","U","Primary",NA,NA,NA,NA,NA,"A454",NA,NA,NA,"https://www.ncbi.nlm.nih.gov/Taxonomy/Browser/wwwtax.cgi?mode=Info&id=8319&lvl=3&lin=f&keep=1&srchmode=1&unlock","NT","Amphibian",NA,"A454","I_A454",1,FALSE,FALSE
"Pleurodeles waltl","Pleurodeles waltl",NA,"Sharp-ribbed Salamander","Salamandridae",NA,NA,"U","Fibro",NA,NA,NA,NA,NA,"A496",NA,NA,NA,NA,"NT","Amphibian",NA,"A496","I_A496",1,FALSE,TRUE
"Salamandra salamandra","Salamandra salamandra",NA,"Common Fire Salamander","Salamandridae",NA,"WILD","U","Primary",NA,NA,NA,NA,NA,"A649",NA,NA,NA,"https://www.iucnredlist.org/species/59467/219148292","VU","Amphibian",NA,"A649","I_A649",1,FALSE,FALSE
"Lissotriton helveticus","Lissotriton helveticus",NA,"Palmate Newt","Salamandridae","BC00871","WILD","U","Primary",NA,NA,NA,NA,NA,"A665",NA,NA,NA,NA,"LC","Amphibian",NA,"A665","I_A665",1,FALSE,FALSE
"Alytes muletensis","Alytes muletensis",NA,"Mallorcan midwife toad","Discoglossidae","MIG12-29917973","CAPTIVE","U","Primary",NA,NA,NA,NA,NA,"A26","*A26*",NA,NA,"https://www.iucnredlist.org/species/977/89697685","EN","Amphibian",NA,"A26","I_A26",1,FALSE,FALSE
"Alytes muletensis","Alytes muletensis",NA,"Mallorcan midwife toad","Discoglossidae",NA,"CAPTIVE","U","Primary",NA,NA,NA,NA,NA,"A481",NA,"ABA23936",NA,"https://www.miteco.gob.es/es/biodiversidad/temas/inventarios-nacionales/anfibios_12_tcm30-98887.pdf","EN","Amphibian",NA,"A481","I_A481",1,FALSE,FALSE
"Alytes muletensis","Alytes muletensis",NA,"Mallorcan midwife toad","Discoglossidae",NA,"CAPTIVE","U","Primary",NA,NA,NA,NA,NA,"A487",NA,NA,NA,"http://digital.csic.es/bitstream/10261/108319/3/alymul_v4.pdf","EN","Amphibian",NA,"A487","I_A487",1,FALSE,FALSE
"Alytes muletensis","Alytes muletensis",NA,"Mallorcan midwife toad","Discoglossidae",NA,"CAPTIVE","U","Primary",NA,NA,NA,NA,NA,"A488",NA,NA,NA,"https://www.ncbi.nlm.nih.gov/Taxonomy/Browser/wwwtax.cgi?id=97955","EN","Amphibian",NA,"A488","I_A488",1,FALSE,FALSE
"Alytes muletensis","Alytes muletensis",NA,"Mallorcan midwife toad","Discoglossidae","QGH23-06294/BARCELONA / 14254","CAPTIVE","F","Primary",NA,NA,NA,NA,NA,"A812",NA,NA,NA,NA,"EN","Amphibian",NA,"A812","I_A812",1,FALSE,FALSE
"Agalychnis callidryas","Agalychnis callidryas",NA,"Red-eyed Treefrog","Phyllomedusidae","-","CAPTIVE",NA,"Primary",NA,NA,NA,NA,NA,"A378","*A378*",NA,NA,"https://www.iucnredlist.org/species/55290/3028059","LC","Amphibian",NA,"A378","I_A378",1,FALSE,FALSE
"Xenopus longipes","Xenopus longipes",NA,"Lake Oku Clawed Frog","Pipidae",NA,"CAPTIVE","U","Primary",NA,NA,NA,NA,NA,"A604",NA,NA,NA,NA,"CR","Amphibian",NA,"A604","I_A604",1,FALSE,FALSE
"Xenopus longipes","Xenopus longipes",NA,"Lake Oku Clawed Frog","Pipidae",NA,"CAPTIVE","U","Primary",NA,NA,NA,NA,NA,"A653",NA,NA,NA,NA,"CR","Amphibian",NA,"A653","I_A653",1,FALSE,FALSE
"Xenopus allofraseri","Xenopus allofraseri",NA,"False Fraser's Clawed Frog","Pipidae",NA,"CAPTIVE","U","Primary",NA,NA,NA,NA,NA,"A605",NA,NA,NA,"https://www.iucnredlist.org/species/89257106/89674955","LC","Amphibian",NA,"A605","I_A605",1,FALSE,FALSE
"Xenopus laevis","Xenopus laevis",NA,"African Clawed Frog","Pipidae",NA,"CAPTIVE","U","Primary","SEQ",NA,NA,NA,NA,"A606",NA,"ABA20168",NA,NA,"LC","Amphibian",NA,"A606","I_A606",1,FALSE,FALSE
"Xenopus tropicalis","Xenopus tropicalis",NA,"Tropical Clawed Frog","Pipidae",NA,"CAPTIVE","U","Fibro",NA,NA,NA,NA,NA,"A608",NA,NA,NA,"https://www.iucnredlist.org/species/89256756/107607050","LC","Amphibian",NA,"A608","I_A608",1,FALSE,TRUE
"Xenopus boumbaensis","Xenopus boumbaensis",NA,"Mawa Clawed Frog","Pipidae",NA,"CAPTIVE","U","Primary",NA,NA,NA,NA,NA,"A607",NA,NA,NA,"https://www.iucnredlist.org/species/58171/177346384","NT","Amphibian",NA,"A607","I_A607",1,FALSE,FALSE
"Bufo spinosus","Bufo spinosus",NA,"Spiny Toad","Bufonidae","BC01019","WILD","U","Primary",NA,NA,NA,NA,"WGS","A644",NA,"ABA23953",NA,"https://www.iucnredlist.org/species/88316046/89696452","LC","Amphibian",NA,"A644","I_A644",1,FALSE,FALSE
"Bufo spinosus","Bufo spinosus",NA,"Spiny Toad","Bufonidae","BC00980","WILD","U","Primary",NA,NA,NA,NA,NA,"A667",NA,NA,NA,NA,"LC","Amphibian",NA,"A667","I_A667",1,FALSE,FALSE
"Rana pyrenaica","Rana pyrenaica",NA,"Pyrenean Frog","Ranidae",NA,"WILD","U","Primary",NA,NA,NA,NA,NA,"A647",NA,NA,NA,"https://www.iucnredlist.org/species/19183/227233345","EN","Amphibian",NA,"A647","I_A647",1,FALSE,FALSE
"Xenopus muelleri","Xenopus muelleri",NA,"Müller's Clawed Toad","Pipidae",NA,"CAPTIVE","U","Primary",NA,NA,NA,NA,NA,"A654",NA,NA,NA,"https://www.iucnredlist.org/species/107580991/107581762","LC","Amphibian",NA,"A654","I_A654",1,FALSE,FALSE
"Xenopus borealis","Xenopus borealis",NA,"Marsabit Clawed Frog","Pipidae",NA,"CAPTIVE","U","Primary",NA,NA,NA,NA,NA,"A655",NA,NA,NA,"https://www.iucnredlist.org/species/58170/18397690","LC","Amphibian",NA,"A655","I_A655",1,FALSE,FALSE
"Xenopus fischbergi","Xenopus fischbergi",NA,"Fischberg's Clawed Frog","Pipidae",NA,"CAPTIVE","U","Primary",NA,NA,NA,NA,NA,"A656",NA,NA,NA,"https://www.iucnredlist.org/species/89257028/97016843","LC","Amphibian",NA,"A656","I_A656",1,FALSE,FALSE
"Discoglossus pictus","Discoglossus pictus",NA,"Painted Frog","Alytidae","BC01032","WILD","U","Primary",NA,NA,NA,NA,NA,"A663",NA,NA,NA,"https://www.iucnredlist.org/species/55270/89700379","LC","Amphibian",NA,"A663","I_A663",1,FALSE,FALSE
"Discoglossus pictus","Discoglossus pictus",NA,"Painted Frog","Alytidae","BC01019","WILD","U","Primary","RNA",NA,NA,NA,NA,"A664",NA,NA,NA,NA,"LC","Amphibian",NA,"A664","I_A664",1,FALSE,FALSE
"Epidalea calamita","Epidalea calamita",NA,"Natterjack Toad","Bufonidae","BC00809","WILD","U","Fibro","DNA","RNA",NA,NA,NA,"A666",NA,NA,NA,NA,"LC","Amphibian",NA,"A666","I_A666",1,FALSE,TRUE
"Hyla meridionalis","Hyla meridionalis",NA,"Stripeless Treefrog","Hylidae","BC001129","WILD","U","Fibro","DNA",NA,NA,NA,NA,"A668",NA,NA,NA,"https://www.iucnredlist.org/species/173109790/89701354","LC","Amphibian",NA,"A668","I_A668",1,FALSE,TRUE
"Hyla meridionalis","Hyla meridionalis",NA,"Stripeless Treefrog","Hylidae","BC00912","WILD","U","Primary",NA,NA,NA,NA,NA,"A669",NA,NA,NA,NA,"LC","Amphibian",NA,"A669","I_A669",1,FALSE,FALSE
"Pelodytes punctatus","Pelodytes punctatus",NA,"Pelodytes punctatus","Pelodytidae","BC01076","WILD","U","Primary",NA,NA,NA,NA,NA,"A670",NA,NA,NA,"https://www.iucnredlist.org/species/173111497/218083218","LC","Amphibian",NA,"A670","I_A670",1,FALSE,FALSE
"Pelophylax perezi","Pelophylax perezi",NA,"Perez's Frog","Ranidae","BC00888","WILD","U","Primary",NA,NA,NA,NA,NA,"A671",NA,NA,NA,"https://www.iucnredlist.org/species/58692/227226945","LC","Amphibian",NA,"A671","I_A671",1,FALSE,FALSE
"Pelophylax perezi","Pelophylax perezi",NA,"Perez's Frog","Ranidae","QGH25-07608-IA","CAPTIVE","F","Fibro",NA,NA,NA,NA,NA,"A699",NA,NA,NA,NA,"LC","Amphibian",NA,"A699","I_A699",1,FALSE,TRUE
"Pelophylax perezi","Pelophylax perezi",NA,"Perez's Frog","Ranidae","QGH25-07664-IA","WILD","U","Primary",NA,NA,NA,NA,NA,"A800",NA,NA,NA,NA,"LC","Amphibian",NA,"A800","I_A800",1,FALSE,FALSE
"Leptodactylus fallax","Leptodactylus fallax",NA,"Mountain Chicken","Leptodactylidae","25340557 / BARCELONA / 12880","CAPTIVE","M","Fibro",NA,NA,NA,NA,NA,"A700",NA,NA,NA,NA,"CR","Amphibian",NA,"A700","I_A700",1,FALSE,TRUE
"Epipedobates tricolor","Epipedobates tricolor",NA,"Phantasmal Poison Frog","Dendrobatidae","-","CAPTIVE","U","Primary",NA,NA,NA,NA,NA,"A842",NA,NA,NA,"https://www.iucnredlist.org/species/55239/98647137","VU","Amphibian",NA,"A842","I_A842",1,FALSE,FALSE
"Aldabrachelys gigantea","Aldabrachelys gigantea",NA,"Aldabra giant tortoise","Testudinidae","QGH19-05103/JEREZ / ALDABRA3","WILD","U","Primary",NA,NA,NA,NA,NA,"A71",NA,NA,NA,"https://www.iucnredlist.org/species/9010/12949962","VU","Reptiles",NA,"A71","I_A71",1,FALSE,FALSE
"Aldabrachelys gigantea","Aldabrachelys gigantea",NA,"Aldabra giant tortoise","Testudinidae","QGH12-00157/BARCELONA / 11586","WILD","U","Fibro","DNA","RNA","WGS","RNA-Seq",NA,"A581",NA,"ABA20105","BB5630","https://www.ncbi.nlm.nih.gov/Taxonomy/Browser/wwwtax.cgi?id=167804","VU","Reptiles",NA,"A581","I_A581",1,FALSE,TRUE
"Terrapene nelsoni","Terrapene nelsoni",NA,"Spotted Box Turtle","Emydidae","FRW17-00799/JEREZ / TENE07","U","M","Primary",NA,NA,NA,NA,NA,"A108",NA,NA,NA,"https://iucn-tftsg.org/terrapene-nelsoni-060/","DD","Reptiles",NA,"A108","I_A108",1,FALSE,FALSE
"Terrapene nelsoni","Terrapene nelsoni",NA,"Spotted Box Turtle","Emydidae","FRW17-00798/JEREZ / TENE06","U","F","Primary","SEQ",NA,NA,NA,NA,"A82",NA,"ABA20171",NA,"https://www.iucnredlist.org/species/21643/97298467","DD","Reptiles",NA,"A82","I_A82",1,FALSE,FALSE
"Graptemys pseudogeographica","Graptemys pseudogeographica",NA,"Map turtle","Emydidae","QGH23-06415-IA","U","U","Fibro","DNA","RNA","RNA-Seq","WGS",NA,"A480",NA,"ABA20142","BB5618","https://www.iucnredlist.org/species/165600/97424024","LC","Reptiles",NA,"A480","I_A480",1,FALSE,TRUE
"Caretta caretta","Caretta caretta",NA,"Loggerhead Turtle","Cheloniidae","-",NA,NA,"PBMc",NA,NA,NA,NA,NA,"A152",NA,NA,NA,"https://reptile-database.reptarium.cz/species?genus=Caretta&species=caretta","VU","Reptiles",NA,"A152","I_A152",1,FALSE,TRUE
"Stigmochelys pardalis","Stigmochelys pardalis",NA,"Leopard Tortoise","Testudinidae","FRW18-00897/JEREZ / PAR-5","U","U","Primary","WGS",NA,NA,NA,NA,"A88",NA,"ABA23940",NA,"https://www.iucnredlist.org/species/163449/1009442","LC","Reptiles",NA,"A88","I_A88",1,FALSE,FALSE
"Testudo hermanni hermanni","Testudo hermanni","hermanni","Balkan Hermann's tortoise","Testudinidae","20910513/BARCELONA / 9831","U","F","Primary",NA,NA,NA,NA,NA,"A184",NA,NA,NA,"https://www.iucnredlist.org/species/21650/9306703","EN","Reptiles",NA,"A184","I_A184",1,FALSE,FALSE
"Heosemys spinosa","Heosemys spinosa",NA,"Spiny Turtle","Geoemydidae","6169827","WILD","M","Primary",NA,NA,NA,NA,NA,"A244",NA,"ABA20135",NA,NA,"EN","Reptiles",NA,"A244","I_A244",1,FALSE,FALSE
"Mauremys leprosa","Mauremys leprosa",NA,"Mediterranean turtel","Geoemydidae","QGH19-05061/BARCELONA / 13386","CAPTIVE","M","Primary","WGS",NA,NA,NA,NA,"A549",NA,"ABA20149",NA,"https://www.iucnredlist.org/species/158468/5199555","VU","Reptiles",NA,"A549","I_A549",1,FALSE,FALSE
"Mauremys leprosa","Mauremys leprosa",NA,"Mediterranean turtel","Geoemydidae","QGH20-05454 / BARCELONA / 13743","UNDETERMINED","U","Primary",NA,NA,NA,NA,NA,"A569",NA,NA,NA,NA,"VU","Reptiles",NA,"A569","I_A569",1,FALSE,FALSE
"Mauremys leprosa","Mauremys leprosa",NA,"Mediterranean turtel","Geoemydidae","QGH21-05541/BARCELONA / 13811","CAPTIVE","M","Primary",NA,NA,NA,NA,NA,"A603",NA,NA,NA,NA,"VU","Reptiles",NA,"A603","I_A603",1,FALSE,FALSE
"Macrochelys temminckii","Macrochelys temminckii",NA,"Alligator snapping turtle","Chelydridae","23771982","CAPTIVE","F","Primary",NA,NA,NA,NA,NA,"A356",NA,NA,NA,"https://www.iucnredlist.org/species/12589/97272309","VU","Reptiles",NA,"A356","I_A356",1,FALSE,FALSE
"Cuora amboinensis kamaroma","Cuora amboinensis","kamaroma","Southeast Asian box turtle","Geoemydidae",NA,"UNKNOWN","M","Primary",NA,NA,NA,NA,NA,"A551",NA,NA,NA,"https://www.iucnredlist.org/species/5958/3078812","VU","Reptiles",NA,"A551","I_A551",1,FALSE,FALSE
"Chlamydosaurus kingii","Chlamydosaurus kingii",NA,"Frilled Lizard","Agamidae","QGH16-04206","CAPTIVE","F","Primary",NA,NA,NA,NA,NA,"A294",NA,NA,NA,"https://www.iucnredlist.org/species/170384/21644690","LC","Reptiles",NA,"A294","I_A294",1,FALSE,FALSE
"Chlamydosaurus kingii","Chlamydosaurus kingii",NA,"Frilled Lizard","Agamidae","-",NA,NA,"Primary",NA,NA,NA,NA,NA,"A110",NA,NA,NA,"https://reptile-database.reptarium.cz/species?genus=Chlamydosaurus&species=kingii&search_param=%28%28search%3D%27Chlamydosaurus+kingii%27%29%29","LC","Reptiles",NA,"A110","I_A110",1,FALSE,FALSE
"Chlamydosaurus kingii","Chlamydosaurus kingii",NA,"Frilled Lizard","Agamidae","QGH18-04854 / BARCELONA / 13175","CAPTIVE","F","Primary",NA,NA,NA,NA,NA,"A579",NA,NA,NA,"https://www.ncbi.nlm.nih.gov/Taxonomy/Browser/wwwtax.cgi","LC","Reptiles",NA,"A579","I_A579",1,FALSE,FALSE
"Chlamydosaurus kingii","Chlamydosaurus kingii",NA,"Frilled Lizard","Agamidae","QGH18-04839/ BARCELONA / 13159","CAPTIVE","M","Primary",NA,NA,NA,NA,NA,"A586",NA,NA,NA,NA,"LC","Reptiles",NA,"A586","I_A586",1,FALSE,FALSE
"Chlamydosaurus kingii","Chlamydosaurus kingii",NA,"Frilled Lizard","Agamidae","QGH18-04917/ BARCELONA / 13227","CAPTIVE","F","Primary",NA,NA,NA,NA,NA,"A585",NA,NA,NA,NA,"LC","Reptiles",NA,"A585","I_A585",1,FALSE,FALSE
"Chamaeleo chamaeleon","Chamaeleo chamaeleon",NA,"Mediterranean Chameleon","Chamaeleonidae","CRAS 663/20",NA,NA,"Primary",NA,NA,NA,NA,NA,"A91",NA,NA,NA,"https://www.iucnredlist.org/species/157246/743434","LC","Reptiles",NA,"A91","I_A91",1,FALSE,FALSE
"Chamaeleo chamaeleon","Chamaeleo chamaeleon",NA,"Mediterranean Chameleon","Chamaeleonidae","-","WILD","F","Fibro","DNA",NA,NA,NA,NA,"A213",NA,NA,NA,"https://www.ncbi.nlm.nih.gov/Taxonomy/Browser/wwwtax.cgi?mode=Info&id=91907&lvl=3&lin=f&keep=1&srchmode=1&unlock","LC","Reptiles",NA,"A213","I_A213",1,FALSE,TRUE
"Varanus albigularis","Varanus albigularis",NA,"White-throated monitor","Varanidae","QGH18-04891/ID: BARCELONA / 13202","DECOMISO/INDETERM","F","Fibro","DNA","RNA","RNA-seq",NA,NA,"A173",NA,NA,"BB5608","https://www.iucnredlist.org/species/22473612/22473630","LC","Reptiles",NA,"A173","I_A173",1,FALSE,TRUE
"Uromastyx acanthinura","Uromastyx acanthinura",NA,"North African Spiny-tailed Lizard","Agamidae","BARCELONA / 11362",NA,"F","Primary","WGS",NA,NA,NA,NA,"A242",NA,"ABA20120",NA,"https://reptile-database.reptarium.cz/species?genus=Uromastyx&species=acanthinura","NT","Reptiles",NA,"A242","I_A242",1,FALSE,FALSE
"Uromastyx acanthinura","Uromastyx acanthinura",NA,"North African Spiny-tailed Lizard","Agamidae",NA,NA,NA,"Primary",NA,NA,NA,NA,NA,"A679",NA,NA,NA,"https://www.ncbi.nlm.nih.gov/Taxonomy/Browser/wwwtax.cgi?mode=Info&id=52167&lvl=3&lin=f&keep=1&srchmode=1&unlock","NT","Reptiles",NA,"A679","I_A679",1,FALSE,FALSE
"Varanus prasinus","Varanus prasinus",NA,"Emerald monitor","Varanidae","BHG15-00445/BARCELONA / 12643","CAPTIVE","M","Fibro","DNA","WGS",NA,NA,NA,"A268",NA,"ABA20137",NA,"https://www.iucnredlist.org/species/42485751/101752115","LC","Reptiles",NA,"A268","I_A268",1,FALSE,TRUE
"Furcifer pardalis","Furcifer pardalis",NA,"Panther chameleon","Chamaeleonidae","TLJ22-01287/BIOPARCVA / C10","CAPTIVE","F","Primary",NA,NA,NA,NA,NA,"A314",NA,NA,NA,"https://www.iucnredlist.org/species/172955/6947909","LC","Reptiles",NA,"A314","I_A314",1,FALSE,FALSE
"Furcifer pardalis","Furcifer pardalis",NA,"Panther chameleon","Chamaeleonidae","-","CAPTIVE",NA,"Primary",NA,NA,NA,NA,NA,"A844",NA,NA,NA,NA,"LC","Reptiles",NA,"A844","I_A844",1,FALSE,FALSE
"Dracaena guianensis","Dracaena guianensis",NA,"Caiman lizard","Teiidae","17968157/Barcelona9399","CAPTIVE","F","Fibro","DNA",NA,NA,NA,NA,"A452",NA,NA,NA,"https://www.iucnredlist.org/species/44579645/44579652","LC","Reptiles",NA,"A452","I_A452",1,FALSE,TRUE
"Eublepharis macularius","Eublepharis macularius",NA,"Leopard gecko","Eublepharidae",NA,"CAPTIVE","M","Primary","WGS",NA,NA,NA,NA,"A479",NA,"ABA23930",NA,"https://www.iucnredlist.org/species/164745/1072324","LC","Reptiles",NA,"A479","I_A479",1,FALSE,FALSE
"Python regius","Python regius",NA,"Python regius","Pythonidae","17963991","CAPTIVE","F","Primary",NA,NA,NA,NA,NA,"A328",NA,NA,NA,"https://www.iucnredlist.org/species/177562/15340592","LC","Reptiles",NA,"A328","I_A328",1,FALSE,FALSE
"Python regius","Python regius",NA,"Python regius","Pythonidae","MIG12-28325971 / BARCELONA / 1005","WILD","F","Primary","WGS",NA,NA,NA,NA,"A578",NA,"ABA23931",NA,NA,"LC","Reptiles",NA,"A578","I_A578",1,FALSE,FALSE
"Python breitensteini","Python breitensteini",NA,"Bornean blood python","Pythonidae","15808636/Barcelona/7300","CAPTIVE","F","Primary",NA,NA,NA,NA,NA,"A396",NA,NA,NA,NA,"LC","Reptiles",NA,"A396","I_A396",1,FALSE,FALSE
"Lampropeltis triangulum sinaloae","Lampropeltis triangulum","sinaloae","Sinaloan milksnake","Colubridae","17967337/BARCELONA / 8241","CAPTIVE","F","Primary","WGS",NA,NA,NA,NA,"A363",NA,"ABA23929",NA,"https://www.iucnredlist.org/species/197493/2490171","LC","Reptiles",NA,"A363","I_A363",1,FALSE,FALSE
"Lampropeltis pyromelana","Lampropeltis pyromelana",NA,"Sonoran mountain kingsnake","Colubridae","AP26-0041",NA,NA,"Fibro",NA,NA,NA,NA,NA,"A778",NA,NA,NA,NA,"LC","Reptiles",NA,"A778","I_A778",1,FALSE,TRUE
"Acrantophis dumerili","Acrantophis dumerili",NA,"Dumeril's ground boa","Boidae","QGH13-01358/BARCELONA / 12003","CAPTIVE","F","Primary",NA,NA,NA,NA,NA,"A518",NA,NA,NA,"https://www.iucnredlist.org/species/282/13054798","LC","Reptiles",NA,"A518","I_A518",1,FALSE,FALSE
"Acrantophis dumerili","Acrantophis dumerili",NA,"Dumeril's ground boa","Boidae","QGH18-04916/: BARCELONA / 13226","CAPTIVE","U","Primary","WGS",NA,NA,NA,NA,"A550",NA,"ABA19318",NA,NA,"LC","Reptiles",NA,"A550","I_A550",1,FALSE,FALSE
"Malpolon monspessulanus","Malpolon monspessulanus",NA,"Western Montpellier Snake","Psammophiidae","-",NA,NA,"Primary",NA,NA,NA,NA,NA,"A546",NA,NA,NA,"https://www.iucnredlist.org/species/157262/5064665","LC","Reptiles",NA,"A546","I_A546",1,FALSE,FALSE
"Malpolon monspessulanus","Malpolon monspessulanus",NA,"Western Montpellier Snake","Psammophiidae","QGH20-05512/BARCELONA / 13789","CAPTIVE","F","Fibro",NA,NA,NA,NA,NA,"A721",NA,NA,NA,NA,"LC","Reptiles",NA,"A721","I_A721",1,FALSE,TRUE
"Malpolon monspessulanus","Malpolon monspessulanus",NA,"Western Montpellier Snake","Psammophiidae","MCNB","WILD",NA,"Primary",NA,NA,NA,NA,NA,"A836",NA,NA,NA,NA,"LC","Reptiles",NA,"A836","I_A836",1,FALSE,FALSE
"Malpolon monspessulanus","Malpolon monspessulanus",NA,"Western Montpellier Snake","Psammophiidae","MCNB","WILD",NA,"Primary",NA,NA,NA,NA,NA,"A817",NA,NA,NA,NA,"LC","Reptiles",NA,"A817","I_A817",1,FALSE,FALSE
"Macroprotodon mauritanicus","Macroprotodon mauritanicus",NA,"False Smooth Snake","Colubridae",NA,NA,NA,"Fibro","DNA","RNA",NA,NA,NA,"A545",NA,NA,NA,"https://www.iucnredlist.org/species/61533/204862390","LC","Reptiles",NA,"A545","I_A545",1,FALSE,TRUE
"Macroprotodon mauritanicus","Macroprotodon mauritanicus",NA,"False Smooth Snake","Colubridae","MCNB/CN 23559","WILD",NA,"Primary",NA,NA,NA,NA,NA,"A813",NA,NA,NA,NA,"LC","Reptiles",NA,"A813","I_A813",1,FALSE,FALSE
"Macroprotodon mauritanicus","Macroprotodon mauritanicus",NA,"False Smooth Snake","Colubridae","MCNB/CN23560","WILD",NA,"Primary",NA,NA,NA,NA,NA,"A814",NA,NA,NA,NA,"LC","Reptiles",NA,"A814","I_A814",1,FALSE,FALSE
"Hemorrhois hippocrepis","Hemorrhois hippocrepis",NA,"Horseshoe Whip Snake","Colubridae",NA,NA,NA,"Primary",NA,NA,NA,NA,NA,"A547",NA,NA,NA,"https://www.iucnredlist.org/species/61509/12495496","LC","Reptiles",NA,"A547","I_A547",1,FALSE,FALSE
"Coronella girondica","Coronella girondica",NA,"Southern Smooth Snake","Colubridae","Tarragona",NA,NA,"Fibro","DNA","WGS",NA,NA,NA,"A563",NA,"ABA20101",NA,"https://www.iucnredlist.org/species/61491/86249650","LC","Reptiles",NA,"A563","I_A563",1,FALSE,TRUE
"Coronella girondica","Coronella girondica",NA,"Southern Smooth Snake","Colubridae","MCNB (23562)",NA,NA,"Primary",NA,NA,NA,NA,NA,"A806",NA,NA,NA,NA,"LC","Reptiles",NA,"A806","I_A806",1,FALSE,FALSE
"Coronella girondica","Coronella girondica",NA,"Southern Smooth Snake","Colubridae","MCNB(CN23563)",NA,NA,"Primary",NA,NA,NA,NA,NA,"A807",NA,NA,NA,NA,"LC","Reptiles",NA,"A807","I_A807",1,FALSE,FALSE
"Pantherophis guttatus","Pantherophis guttatus",NA,"Red Cornsnake","Colubridae","QGH15-02318/: BARCELONA / 12468","UNDETERMINED","U","Fibro","DNA","WGS",NA,NA,NA,"A564",NA,"ABA20109",NA,"https://www.iucnredlist.org/species/63863/71740603","LC","Reptiles",NA,"A564","I_A564",1,FALSE,TRUE
"Macroprotodon brevis","Macroprotodon brevis",NA,"Iberian False Smooth Snake","Colubridae","CN13589 Extremadura","UNDETERMINED","U","Fibro","DNA","RNA","WGS","RNA-Seq",NA,"A566",NA,"ABA20107","BB5631","https://www.iucnredlist.org/es/species/61532/12508324","NT","Reptiles",NA,"A566","I_A566",1,FALSE,TRUE
"Coronella austriaca","Coronella austriaca",NA,"Smooth Snake","Colubridae",NA,"UNDETERMINED","U","Primary","WGS",NA,NA,NA,NA,"A597",NA,"ABA20153",NA,"https://www.iucnredlist.org/species/157284/748852","LC","Reptiles",NA,"A597","I_A597",1,FALSE,FALSE
"Hierophis viridiflavus","Hierophis viridiflavus",NA,"Western Whip Snake","Colubridae",NA,"WILD","U","Fibro","DNA","RNA","WGS","RNA-Seq",NA,"A575",NA,"ABA20122","BB5632","https://www.iucnredlist.org/species/61449/137844938","LC","Reptiles",NA,"A575","I_A575",1,FALSE,TRUE
"Hierophis viridiflavus","Hierophis viridiflavus",NA,"Western Whip Snake","Colubridae","MCNB/CN23384",NA,"U","Primary",NA,NA,NA,NA,NA,"A804",NA,NA,NA,NA,"LC","Reptiles",NA,"A804","I_A804",1,FALSE,FALSE
"Natrix helvetica","Natrix helvetica",NA,"European Grass Snake","Natricidae",NA,"WILD","U","Primary",NA,NA,NA,NA,NA,"A576",NA,"ABA20151",NA,"https://www.iucnredlist.org/species/165594257/165594282","LC","Reptiles",NA,"A576","I_A576",1,FALSE,FALSE
"Natrix helvetica","Natrix helvetica",NA,"European Grass Snake","Natricidae","MCNB/CN23561",NA,"U","Primary",NA,NA,NA,NA,NA,"A805",NA,NA,NA,NA,"LC","Reptiles",NA,"A805","I_A805",1,FALSE,FALSE
"Natrix natrix","Natrix natrix",NA,"Grass Snake","Natricidae",NA,"WILD","U","Primary",NA,NA,NA,NA,NA,"A693",NA,NA,NA,"https://www.iucnredlist.org/species/165594334/545209","LC","Reptiles",NA,"A693","I_A693",1,FALSE,FALSE
"Natrix maura","Natrix maura",NA,"Viperine Snake","Natricidae","MCNB","WILD","U","Primary",NA,NA,NA,NA,NA,"A838",NA,NA,NA,"https://www.iucnredlist.org/species/61538/137854248","LC","Reptiles",NA,"A838","I_A838",1,FALSE,FALSE
"Natrix maura","Natrix maura",NA,"Viperine Snake","Natricidae","MCNB","WILD","U","Primary",NA,NA,NA,NA,NA,"A837",NA,NA,NA,NA,"LC","Reptiles",NA,"A837","I_A837",1,FALSE,FALSE
"Natrix maura","Natrix maura",NA,"Viperine Snake","Natricidae","MCNB","WILD","U","Primary",NA,NA,NA,NA,NA,"A186",NA,NA,NA,NA,"LC","Reptiles",NA,"A186","I_A186",1,FALSE,FALSE
"Natrix astreptophora","Natrix astreptophora",NA,"Red-eyed Grass Snake","Natricidae","MCNB","WILD","U","Primary",NA,NA,NA,NA,NA,"A815",NA,NA,NA,"https://www.iucnredlist.org/species/165594036/165594039","LC","Reptiles",NA,"A815","I_A815",1,FALSE,FALSE
"Zamenis scalaris","Zamenis scalaris",NA,"Ladder Snake","Colubridae","CN13609 Tarragona","WILD","U","Fibro","WGS",NA,NA,NA,NA,"A562",NA,"ABA20150",NA,"https://www.iucnredlist.org/species/61565/137857016","LC","Reptiles",NA,"A562","I_A562",1,FALSE,TRUE
"Zamenis longissimus","Zamenis longissimus",NA,"Aesculapian Ratsnake","Colubridae","CN13594 Vall d'Aran","WILD","U","Primary","WGS",NA,NA,NA,NA,"A561",NA,"ABA20121",NA,"https://www.iucnredlist.org/species/157266/49063773","LC","Reptiles",NA,"A561","I_A561",1,FALSE,FALSE
"Corucia zebrata","Corucia zebrata",NA,"Prehensile-tailed skink","Scincidae","QGH20-05473/BARCELONA / 13766","CAPTIVE","U","Primary",NA,NA,NA,NA,NA,"A370",NA,NA,NA,"https://www.iucnredlist.org/species/196593/2463961","NT","Reptiles",NA,"A370","I_A370",1,FALSE,FALSE
"Corucia zebrata","Corucia zebrata",NA,"Prehensile-tailed skink","Scincidae","QGH24-06766 / BARCELONA / 14624","CAPTIVE","U","Primary",NA,NA,NA,NA,NA,"A584",NA,NA,NA,NA,"NT","Reptiles",NA,"A584","I_A584",1,FALSE,FALSE
"Corucia zebrata","Corucia zebrata",NA,"Prehensile-tailed skink","Scincidae","24712322 - BARCELONA / 9368","CAPTIVE","F","Primary",NA,NA,NA,NA,NA,"A627",NA,NA,NA,NA,"NT","Reptiles",NA,"A627","I_A627",1,FALSE,FALSE
"Caribicus warreni","Caribicus warreni",NA,"Giant hispaniolan galliwasp","Anguidae","24035004/BARCELONA / 10181","CAPTIVE","M","Fibro","DNA","RNA","WGS","RNA-Seq",NA,"A535",NA,"ABA20010","BB5566","https://www.iucnredlist.org/species/39260/115172613","VU","Reptiles",NA,"A535","I_A535",1,FALSE,TRUE
"Caribicus warreni","Caribicus warreni",NA,"Giant hispaniolan galliwasp","Anguidae","24035005 / BARCELONA / 10182","CAPTIVE","M","Primary",NA,NA,NA,NA,NA,"A702",NA,NA,NA,NA,"VU","Reptiles",NA,"A702","I_A702",1,FALSE,FALSE
"Ctenosaura bakeri","Ctenosaura bakeri",NA,"Utila Spiny-tailed Iguana","Iguanidae","20822283 - BARCELONA / 9852","LOAN","F","Fibro","DNA","WGS",NA,NA,NA,"A567",NA,"ABA20103",NA,"https://www.iucnredlist.org/es/species/44181/125203850","CR","Reptiles",NA,"A567","I_A567",1,FALSE,TRUE
"Timon lepidus","Timon lepidus",NA,"Ocellated Lizard","Lacertidae","-","WILD","U","Primary","WGS",NA,NA,NA,NA,"A598",NA,"ABA20154",NA,"https://www.iucnredlist.org/species/218293375/137858480","LC","Reptiles",NA,"A598","I_A598",1,FALSE,FALSE
"Timon nevadensis","Timon nevadensis",NA,"Sierra Nevada Ocellated Lizard","Lacertidae","MCNB","WILD","U","Primary",NA,NA,NA,NA,NA,"A835",NA,NA,NA,"https://www.iucnredlist.org/species/200064594/207063060","LC","Reptiles",NA,"A835","I_A835",1,FALSE,FALSE
"Timon nevadensis","Timon nevadensis",NA,"Sierra Nevada Ocellated Lizard","Lacertidae","MCNB","WILD","U","Primary",NA,NA,NA,NA,NA,"A833",NA,NA,NA,NA,"LC","Reptiles",NA,"A833","I_A833",1,FALSE,FALSE
"Psammodromus algirus","Psammodromus algirus",NA,"Large Psammodromus","Lacertidae","-","WILD","U","Primary",NA,NA,NA,NA,NA,"A681",NA,NA,NA,"https://www.iucnredlist.org/species/42668917/245088884","LC","Reptiles",NA,"A681","I_A681",1,FALSE,FALSE
"Psammodromus algirus","Psammodromus algirus",NA,"Large Psammodromus","Lacertidae",NA,"WILD","U","Primary",NA,NA,NA,NA,NA,"A682",NA,NA,NA,NA,"LC","Reptiles",NA,"A682","I_A682",1,FALSE,FALSE
"Psammodromus algirus","Psammodromus algirus",NA,"Large Psammodromus","Lacertidae",NA,"WILD","U","Primary",NA,NA,NA,NA,NA,"A683",NA,NA,NA,NA,"LC","Reptiles",NA,"A683","I_A683",1,FALSE,FALSE
"Acanthodactylus erythrurus","Acanthodactylus erythrurus",NA,"Spiny-footed Lizard","Lacertidae",NA,"WILD","U","Primary",NA,NA,NA,NA,NA,"A697",NA,NA,NA,"https://www.iucnredlist.org/species/61456/207646900","LC","Reptiles",NA,"A697","I_A697",1,FALSE,FALSE
"Acanthodactylus erythrurus","Acanthodactylus erythrurus",NA,"Spiny-footed Lizard","Lacertidae",NA,"WILD","U","Primary",NA,NA,NA,NA,NA,"A698",NA,NA,NA,NA,"LC","Reptiles",NA,"A698","I_A698",1,FALSE,FALSE
"Psammodromus edwarsianus","Psammodromus edwarsianus",NA,"Edwards's Psannodromus","Lacertidae","MCNB","WILD","U","Primary",NA,NA,NA,NA,NA,"A829",NA,NA,NA,"https://www.iucnredlist.org/species/42668029/42668047","LC","Reptiles",NA,"A829","I_A829",1,FALSE,FALSE
"Psammodromus edwarsianus","Psammodromus edwarsianus",NA,"Edwards's Psannodromus","Lacertidae","MCNB","WILD","U","Fibro",NA,NA,NA,NA,NA,"A822",NA,NA,NA,NA,"LC","Reptiles",NA,"A822","I_A822",1,FALSE,TRUE
"Podarcis hispanicus","Podarcis hispanicus",NA,"Spanish Wall Lizard","Lacertidae","MCNB","WILD","U","Primary",NA,NA,NA,NA,NA,"A827",NA,NA,NA,"https://www.iucnredlist.org/species/204865442/137855369","LC","Reptiles",NA,"A827","I_A827",1,FALSE,FALSE
"Podarcis hispanicus","Podarcis hispanicus",NA,"Spanish Wall Lizard","Lacertidae","MCNB","WILD","U","Primary",NA,NA,NA,NA,NA,"A826",NA,NA,NA,NA,"LC","Reptiles",NA,"A826","I_A826",1,FALSE,FALSE
"Podarcis pityusensis","Podarcis pityusensis",NA,"Ibiza Wall Lizard","Lacertidae","QGH26-08212/BARCELONA / 15994","CAPTIVE","M","Primary",NA,NA,NA,NA,NA,"A811",NA,NA,NA,"https://www.iucnredlist.org/species/17800/137843475","EN","Reptiles",NA,"A811","I_A811",1,FALSE,FALSE
"Ctenosaura similis","Ctenosaura similis",NA,"Common Spiny-tailed Iguana","Iguanidae","MIG12-28325622/BARCELONA / 7693","WILD","F","Fibro","RNA",NA,NA,NA,NA,"A624",NA,NA,NA,NA,"LC","Reptiles",NA,"A624","I_A624",1,FALSE,TRUE
"Sceloporus serrifer","Sceloporus serrifer",NA,"Blue spiny lizard","Phrynosomatidae","QGH19-05133/BARCELONA / 13458","CAPTIVE","F","Primary",NA,NA,NA,NA,NA,"A623",NA,NA,NA,NA,"LC","Reptiles",NA,"A623","I_A623",1,FALSE,FALSE
"Sceloporus serrifer","Sceloporus serrifer",NA,"Blue spiny lizard","Phrynosomatidae","QGH24-06809/BARCELONA / 14662","CAPTIVE","M","Fibro",NA,NA,NA,NA,NA,"A752",NA,NA,NA,NA,"LC","Reptiles",NA,"A752","I_A752",1,FALSE,TRUE
"Sceloporus serrifer","Sceloporus serrifer",NA,"Blue spiny lizard","Phrynosomatidae","QGH19-05121/ BARCELONA / 13445","CAPTIVE","F","Primary",NA,NA,NA,NA,NA,"A757",NA,NA,NA,NA,"LC","Reptiles",NA,"A757","I_A757",1,FALSE,FALSE
"Sceloporus serrifer","Sceloporus serrifer",NA,"Blue spiny lizard","Phrynosomatidae","QGH19-05122/BARCELONA / 13446","CAPTIVE","F","Primary",NA,NA,NA,NA,NA,"A758",NA,NA,NA,NA,"LC","Reptiles",NA,"A758","I_A758",1,FALSE,FALSE
"Heloderma suspectum","Heloderma suspectum",NA,"Gila monster","Helodermatidae","QGH18-04894/BARCELONA / 13205","UNKNOWN","U","Primary",NA,NA,NA,NA,NA,"A799",NA,NA,NA,"https://www.iucnredlist.org/species/9865/13022716","NT","Reptiles",NA,"A799","I_A799",1,FALSE,FALSE
"Heloderma suspectum","Heloderma suspectum",NA,"Gila monster","Helodermatidae","QGH18-04894/BARCELONA / 13205","CAPTIVE","F","Primary",NA,NA,NA,NA,NA,"A834",NA,NA,NA,NA,"NT","Reptiles",NA,"A834","I_A834",1,FALSE,FALSE
"Blanus cinereus","Blanus cinereus",NA,"Iberian Worm Lizard","Blanidae","MCNB","WILD","U","Primary",NA,NA,NA,NA,NA,"A832",NA,NA,NA,"https://www.iucnredlist.org/species/204702171/137846946","LC","Reptiles",NA,"A832","I_A832",1,FALSE,FALSE
"Blanus cinereus","Blanus cinereus",NA,"Iberian Worm Lizard","Blanidae","MCNB","WILD","U","Primary",NA,NA,NA,NA,NA,"A831",NA,NA,NA,NA,"LC","Reptiles",NA,"A831","I_A831",1,FALSE,FALSE
"Blanus cinereus","Blanus cinereus",NA,"Iberian Worm Lizard","Blanidae","MCNB","WILD","U","Primary",NA,NA,NA,NA,NA,"A830",NA,NA,NA,NA,"LC","Reptiles",NA,"A830","I_A830",1,FALSE,FALSE
"Chalcides bedriagai","Chalcides bedriagai",NA,"Bedriaga's Skink","Scincidae","MCNB","WILD","U","Primary",NA,NA,NA,NA,NA,"A828",NA,NA,NA,"https://www.iucnredlist.org/species/61472/137847259","LC","Reptiles",NA,"A828","I_A828",1,FALSE,FALSE
"Anguis fragilis","Anguis fragilis",NA,"Slow Worm","Anguidae","MCNB","WILD","U","Primary",NA,NA,NA,NA,NA,"A820",NA,NA,NA,"https://www.iucnredlist.org/species/47113126/204902180","LC","Reptiles",NA,"A820","I_A820",1,FALSE,FALSE
"Anguis fragilis","Anguis fragilis",NA,"Slow Worm","Anguidae","MCNB","WILD","U","Primary",NA,NA,NA,NA,NA,"A821",NA,NA,NA,NA,"LC","Reptiles",NA,"A821","I_A821",1,FALSE,FALSE
"Anguis fragilis","Anguis fragilis",NA,"Slow Worm","Anguidae","MCNB","WILD","U","Primary",NA,NA,NA,NA,NA,"A802",NA,NA,NA,NA,"LC","Reptiles",NA,"A802","I_A802",1,FALSE,FALSE
"Hemidactylus turcicus","Hemidactylus turcicus",NA,"Turkish Gecko","Gekkonidae","MCNB","WILD","U","Primary",NA,NA,NA,NA,NA,"A803",NA,NA,NA,"https://www.iucnredlist.org/species/157261/5063993","LC","Reptiles",NA,"A803","I_A803",1,FALSE,FALSE
"Paleosuchus palpebrosus","Paleosuchus palpebrosus",NA,"Dwarf caiman","Alligatoridae","MIG12-29661824/BARCELONA / 11356","CAPTIVE","U","Primary",NA,NA,NA,NA,NA,"A264",NA,NA,NA,"https://www.iucnredlist.org/species/46587/3009946","LC","Reptiles",NA,"A264","I_A264",1,FALSE,FALSE
"Crocodylus rhombifer","Crocodylus rhombifer",NA,"Cuban Crocodile","Crocodylidae","MIG12-29661824/ BARCELONA / 5277","UNKNOWN","F","Fibro","DNA","RNA","WGS","RNA-Seq",NA,"A361","*A361*","ORGONE_24/ABA23924","BB5614",NA,"CR","Reptiles",NA,"A361","I_A361",1,FALSE,TRUE
"Osteolaemus tetraspis","Osteolaemus tetraspis",NA,"Dwarf crocodile","Crocodylidae","17965110/BARCELONA / 595","WILD","F","Fibro","DNA",NA,NA,NA,NA,"A428","*A428*",NA,NA,"https://www.iucnredlist.org/species/15635/4931429","VU","Reptiles",NA,"A428","I_A428",1,FALSE,TRUE
"Scissirostrum dubium","Scissirostrum dubium",NA,"Grosbeak Starling","Sturnidae","QGH16-04022","CAPTIVE","M","Primary",NA,NA,NA,NA,NA,"A22",NA,NA,NA,NA,"LC","Birds","https://www.iucnredlist.org/species/22711001/132091764","A22","I_A22",1,FALSE,FALSE
"Scissirostrum dubium","Scissirostrum dubium",NA,"Grosbeak Starling","Sturnidae","enbryo's wings","CAPTIVE",NA,"Fibro","DNA","RNA","RNA-Seq","WGS",NA,"A303",NA,"ABA23286","BB5604",NA,"LC","Birds","https://www.ncbi.nlm.nih.gov/Taxonomy/Browser/wwwtax.cgi","A303","I_A303",1,FALSE,TRUE
"Scissirostrum dubium","Scissirostrum dubium",NA,"Grosbeak Starling","Sturnidae","QGH20-05382","CAPTIVE","F","Fibro","DNA","RNA","RNA-Seq",NA,NA,"A312","*A312*",NA,"BB1541",NA,"LC","Birds","https://www.gbif.org/species/2489124","A312","I_A312",1,FALSE,TRUE
"Scissirostrum dubium","Scissirostrum dubium",NA,"Grosbeak Starling","Sturnidae","MIG12-29239572 /BARCELONA / 10422","CAPTIVE","M","Primary",NA,NA,NA,NA,NA,"A559",NA,NA,NA,NA,"LC","Birds",NA,"A559","I_A559",1,FALSE,FALSE
"Scissirostrum dubium","Scissirostrum dubium",NA,"Grosbeak Starling","Sturnidae","QGH16-04177/BARCELONA / 12794","CAPTIVE","M","Fibro",NA,NA,NA,NA,NA,"A658",NA,NA,NA,NA,"LC","Birds",NA,"A658","I_A658",1,FALSE,TRUE
"Scissirostrum dubium","Scissirostrum dubium",NA,"Grosbeak Starling","Sturnidae","QGH25-07637 / BARCELONA / 15442","CAPTIVE","U","Primary",NA,NA,NA,NA,NA,"A707",NA,NA,NA,NA,"LC","Birds",NA,"A707","I_A707",1,FALSE,FALSE
"Ficedula hypoleuca","Ficedula hypoleuca",NA,"European pied flycatcher","Muscicapidae","QGH20-05449-IA",NA,NA,"Primary",NA,NA,NA,NA,NA,"A38",NA,"ABA23932",NA,NA,"LC","Birds","https://www.gbif.org/search?q=Ficedula%20Hypoleuca","A38","I_A38",1,FALSE,FALSE
"Lamprotornis superbus","Lamprotornis superbus",NA,"Superb Starling","Sturnidae","MIG12-28643043",NA,NA,"Primary",NA,NA,NA,NA,NA,"A39",NA,"ABA23933",NA,NA,"LC","Birds","https://www.iucnredlist.org/species/22710767/119270077","A39","I_A39",1,FALSE,FALSE
"Hirundo rustica","Hirundo rustica",NA,"Barb Swallow","Hirundinidae","CRAS 60/21",NA,NA,"Primary",NA,NA,NA,NA,NA,"A117",NA,NA,NA,NA,"LC","Birds","https://www.iucnredlist.org/species/22712252/137668645","A117","I_A117",1,FALSE,FALSE
"Chloris chloris","Chloris chloris",NA,"European Greenfinch","Fringillidae","CRAS 75/21",NA,NA,"Primary",NA,NA,NA,NA,NA,"A122",NA,NA,NA,NA,"LC","Birds","https://www.iucnredlist.org/species/22720330/132000123","A122","I_A122",1,FALSE,FALSE
"Delichon urbicum","Delichon urbicum",NA,"Northern House Martin","Hirundinidae","CRAS 111/21",NA,NA,"Primary",NA,NA,NA,NA,NA,"A135",NA,NA,NA,NA,"LC","Birds","https://www.iucnredlist.org/species/103811886/118748864","A135","I_A135",1,FALSE,FALSE
"Carduelis carduelis","Carduelis carduelis",NA,"European Goldfinch","Fringillidae","SN1",NA,NA,"Primary",NA,NA,NA,NA,NA,"A134",NA,NA,NA,NA,"LC","Birds","https://www.iucnredlist.org/species/103764950/152615959","A134","I_A134",1,FALSE,FALSE
"Lanius senator","Lanius senator",NA,"Woodchat Shrike","Laniidae","CRAS 28/22",NA,NA,"Primary",NA,NA,NA,NA,NA,"A293",NA,NA,NA,NA,"LC","Birds",NA,"A293","I_A293",1,FALSE,FALSE
"Cyanocorax yncas","Cyanocorax yncas",NA,"Green jay","Corvidae","MIG12-29349059/BARCELONA / 11008","CAPTIVE","F","Fibro","DNA","RNA","RNA-Seq",NA,NA,"A508",NA,NA,"BB5621",NA,"LC","Birds",NA,"A508","I_A508",1,FALSE,TRUE
"Copsychus malabaricus","Copsychus malabaricus",NA,"White-rumped shama","Muscicapidae","QGH24-06841/BARCELONA / 14687","CAPTIVE","U","Fibro","RNA","DNA","WGS",NA,NA,"A619",NA,"ABA20169",NA,NA,"LC","Birds","https://www.iucnredlist.org/species/103894856/183077961","A619","I_A619",1,FALSE,TRUE
"Copsychus malabaricus","Copsychus malabaricus",NA,"White-rumped shama","Muscicapidae","QGH24-06840/: BARCELONA / 14686","CAPTIVE","U","Primary",NA,NA,NA,NA,NA,"A620",NA,NA,NA,NA,"LC","Birds",NA,"A620","I_A620",1,FALSE,FALSE
"Copsychus malabaricus","Copsychus malabaricus",NA,"White-rumped shama","Muscicapidae","DVY22-05555/BARCELONA / 14286","CAPTIVE","F","Primary",NA,NA,NA,NA,NA,"A728",NA,NA,NA,NA,"LC","Birds",NA,"A728","I_A728",1,FALSE,FALSE
"Leucopsar rothschildi","Leucopsar rothschildi",NA,"Bali Myna","Sturnidae","QGH25-07507 / BARCELONA / 15315","CAPTIVE","U","Primary",NA,NA,NA,NA,NA,"A676",NA,NA,NA,NA,"CR","Birds","https://www.iucnredlist.org/species/22710912/183006359","A676","I_A676",1,FALSE,FALSE
"Corvus albus","Corvus albus",NA,"Pied Crow","Corvidae","21389427/BARCELONA / 9896","CAPTIVE","M","Primary",NA,NA,NA,NA,NA,"A701",NA,NA,NA,NA,"LC","Birds",NA,"A701","I_A701",1,FALSE,FALSE
"Erithacus rubecula","Erithacus rubecula",NA,"European robin","Muscicapidae","QGH23-06473-IA","WILD","U","Primary",NA,NA,NA,NA,NA,"A760",NA,NA,NA,NA,"LC","Birds","https://www.iucnredlist.org/species/22709675/131953953","A760","I_A760",1,FALSE,FALSE
"Cyanerpes cyaneus","Cyanerpes cyaneus",NA,"Red-legged honeycreeper","Thraupidae",NA,NA,NA,"Primary",NA,NA,NA,NA,NA,"A786",NA,NA,NA,NA,"LC","Birds",NA,"A786","I_A786",1,FALSE,FALSE
"Cardinalis cardinalis","Cardinalis cardinalis",NA,"Northern cardinal","Cardinalidae","VKM22-06355/BARCELONA / 14500","CAPTIVE","M","Primary",NA,NA,NA,NA,NA,"A823",NA,NA,NA,NA,"LC","Birds","https://www.iucnredlist.org/species/22723819/132024136","A823","I_A823",1,FALSE,FALSE
"Cardinalis cardinalis","Cardinalis cardinalis",NA,"Northern cardinal","Cardinalidae","QTR24-09538/BARCELONA / 15742","CAPTIVE","F","Primary",NA,NA,NA,NA,NA,"A791",NA,NA,NA,NA,"LC","Birds",NA,"A791","I_A791",1,FALSE,FALSE
"Lonchura oryzivora","Lonchura oryzivora",NA,"Java Sparrow","Estrildidae","QGH26-08163/BARCELONA / 15948","CAPTIVE","U","Primary",NA,NA,NA,NA,NA,"A809",NA,NA,NA,NA,"EN","Birds","https://www.iucnredlist.org/species/22719912/183133210","A809","I_A809",1,FALSE,FALSE
"Amazona autumnalis","Amazona autumnalis",NA,"Lilacine Amazon","Psittacidae","MIG12-28921127/ BARCELONA / 12368","CAPTIVE","M","Primary",NA,NA,NA,NA,NA,"A380",NA,NA,NA,NA,"CR","Birds","https://www.gbif.org/species/7533598","A380","I_A380",1,FALSE,FALSE
"Amazona autumnalis","Amazona autumnalis",NA,"Lilacine Amazon","Psittacidae","QGH22-06108/Barcelona/14141","CAPTIVE","M","Primary",NA,NA,NA,NA,NA,"A25",NA,NA,NA,NA,"CR","Birds",NA,"A25","I_A25",1,FALSE,FALSE
"Amazona autumnalis","Amazona autumnalis",NA,"Lilacine Amazon","Psittacidae","QGH22-06108/ BARCELONA / 14141","CAPTIVE","M","Primary",NA,NA,NA,NA,NA,"A486",NA,NA,NA,NA,"CR","Birds",NA,"A486","I_A486",1,FALSE,FALSE
"Amazona autumnalis","Amazona autumnalis",NA,"Lilacine Amazon","Psittacidae","26739895/ BARCELONA / 13878","CAPTIVE","F","Fibro",NA,NA,NA,NA,NA,"A720",NA,NA,NA,NA,"CR","Birds",NA,"A720","I_A720",1,FALSE,TRUE
"Guaruba guarouba","Guaruba guarouba",NA,"Golden conure","Psittaciformes","MIG12-28325141","WILD","M","Fibro","DNA",NA,NA,NA,NA,"A248","*A248*",NA,NA,NA,"VU","Birds","https://www.iucnredlist.org/species/22724703/132029835","A248","I_A248",1,FALSE,TRUE
"Guaruba guarouba","Guaruba guarouba",NA,"Golden conure","Psittaciformes","MIG12-28325427/ BARCELONA / 4335","CAPTIVE","F","Primary",NA,NA,NA,NA,NA,"A784",NA,NA,NA,NA,"VU","Birds",NA,"A784","I_A784",1,FALSE,FALSE
"Trichoglossus moluccanus","Trichoglossus moluccanus",NA,"Australian rainbow lorikeet","Psittacidae","WKP17-01371","CAPTIVE","U","Primary",NA,NA,NA,NA,NA,"A273",NA,NA,NA,NA,"LC","Birds",NA,"A273","I_A273",1,FALSE,FALSE
"Trichoglossus moluccanus","Trichoglossus moluccanus",NA,"Australian rainbow lorikeet","Psittacidae","-",NA,NA,"Primary",NA,NA,NA,NA,NA,"A410",NA,NA,NA,NA,"LC","Birds",NA,"A410","I_A410",1,FALSE,FALSE
"Trichoglossus moluccanus","Trichoglossus moluccanus",NA,"Australian rainbow lorikeet","Psittacidae","WKP13-00289/ MADRID Z / LOR55","CAPTIVE","F","Primary",NA,NA,NA,NA,NA,"A797",NA,NA,NA,NA,"LC","Birds",NA,"A797","I_A797",1,FALSE,FALSE
"Eclectus roratus","Eclectus roratus",NA,"Eclectus parrot","Psittacidae","WKP18-01463","-","M","Fibro","DNA",NA,NA,NA,NA,"A281","*A281*",NA,NA,NA,"LC","Birds",NA,"A281","I_A281",1,FALSE,TRUE
"Anodorhynchus hyacinthinus","Anodorhynchus hyacinthinus",NA,"Hyacinth macaw","Psittacidae","QGH22-06092-IA","-","M","Fibro",NA,NA,NA,NA,NA,"A329",NA,NA,NA,NA,"VU","Birds","https://www.iucnredlist.org/species/22685516/93077457","A329","I_A329",1,FALSE,TRUE
"Anodorhynchus hyacinthinus","Anodorhynchus hyacinthinus",NA,"Hyacinth macaw","Psittacidae","QGH22-06100-IA",NA,NA,"Primary",NA,NA,NA,NA,NA,"A337","*A337*",NA,NA,NA,"VU","Birds",NA,"A337","I_A337",1,FALSE,FALSE
"Agapornis nigrigenis","Agapornis nigrigenis",NA,"Black-cheeked Lovebird","Psittacidae","MIG12-29591016","CAPTIVE","M","Primary",NA,NA,NA,NA,NA,"A49",NA,NA,NA,NA,"VU","Birds","https://www.iucnredlist.org/species/22685360/93069915","A49","I_A49",1,FALSE,FALSE
"Agapornis nigrigenis","Agapornis nigrigenis",NA,"Black-cheeked Lovebird","Psittacidae","DKL17-04749/ BARCELONA / 13256","CAPTIVE","F","Primary",NA,NA,NA,NA,NA,"A388",NA,NA,NA,NA,"VU","Birds","https://www.gbif.org/species/2479545","A388","I_A388",1,FALSE,FALSE
"Agapornis nigrigenis","Agapornis nigrigenis",NA,"Black-cheeked Lovebird","Psittacidae","QGH22-06204-IA/27","-","U","Primary",NA,NA,NA,NA,NA,"A401",NA,NA,NA,NA,"VU","Birds",NA,"A401","I_A401",1,FALSE,FALSE
"Agapornis nigrigenis","Agapornis nigrigenis",NA,"Black-cheeked Lovebird","Psittacidae","QGH22-06205-IA/28","-","U","Primary",NA,NA,NA,NA,NA,"A402",NA,NA,NA,NA,"VU","Birds",NA,"A402","I_A402",1,FALSE,FALSE
"Agapornis nigrigenis","Agapornis nigrigenis",NA,"Black-cheeked Lovebird","Psittacidae","QGH22-06225-IA","CAPTIVE","U","Primary",NA,NA,NA,NA,NA,"A415",NA,NA,NA,NA,"VU","Birds",NA,"A415","I_A415",1,FALSE,FALSE
"Agapornis nigrigenis","Agapornis nigrigenis",NA,"Black-cheeked Lovebird","Psittacidae","MIG12-29591015/BARCELONA / 10887","CAPTIVE","M","Primary",NA,NA,NA,NA,NA,"A499",NA,NA,NA,NA,"VU","Birds",NA,"A499","I_A499",1,FALSE,FALSE
"Agapornis nigrigenis","Agapornis nigrigenis",NA,"Black-cheeked Lovebird","Psittacidae","QGH23-06424/BARCELONA/14328","CAPTIVE","U","Fibro","DNA","WGS",NA,NA,NA,"A512",NA,"ABA20165",NA,NA,"VU","Birds",NA,"A512","I_A512",1,FALSE,TRUE
"Agapornis nigrigenis","Agapornis nigrigenis",NA,"Black-cheeked Lovebird","Psittacidae","QGH23-06487/BARCELONA / 14384","CAPTIVE","F","Fibro","DNA",NA,NA,NA,NA,"A515",NA,NA,NA,NA,"VU","Birds",NA,"A515","I_A515",1,FALSE,TRUE
"Agapornis nigrigenis","Agapornis nigrigenis",NA,"Black-cheeked Lovebird","Psittacidae","QGH25-06871  -  BARCELONA / 14709","CAPTIVE","U","Primary",NA,NA,NA,NA,NA,"A634",NA,NA,NA,NA,"VU","Birds",NA,"A634","I_A634",1,FALSE,FALSE
"Agapornis nigrigenis","Agapornis nigrigenis",NA,"Black-cheeked Lovebird","Psittacidae","QGH23-06483 / BARCELONA / 14380","CAPTIVE","F","Primary",NA,NA,NA,NA,NA,"A661",NA,NA,NA,NA,"VU","Birds",NA,"A661","I_A661",1,FALSE,FALSE
"Agapornis nigrigenis","Agapornis nigrigenis",NA,"Black-cheeked Lovebird","Psittacidae","QGH22-06017/14063","CAPTIVE","M","Primary",NA,NA,NA,NA,NA,"A734",NA,NA,NA,NA,"VU","Birds",NA,"A734","I_A734",1,FALSE,FALSE
"Aratinga solstitialis","Aratinga solstitialis",NA,"Sun Parakeet","Psittacidae",NA,NA,NA,"Fibro","DNA","RNA","WGS","RNA-Seq",NA,"A185","*A185*","ABA20128","BB5612",NA,"EN","Birds","https://www.iucnredlist.org/species/62233372/95192947","A185","I_A185",1,FALSE,TRUE
"Eos reticulata","Eos reticulata",NA,"Blue-streaked lory","Psittacidae","27181800/BARCELONA / 10564","CAPTIVE","F","Fibro",NA,NA,NA,NA,NA,"A354","*A354*",NA,NA,NA,"NT","Birds",NA,"A354","I_A354",1,FALSE,TRUE
"Ara chloropterus","Ara chloropterus",NA,"Red-and-green Macaw","Psittacidae","25767166/BARCELONA / 7344","UNKNOWN","M","Fibro","DNA","WGS",NA,NA,NA,"A362","*A362*","ABA20126",NA,NA,"LC","Birds","https://www.iucnredlist.org/species/22685566/163776409","A362","I_A362",1,FALSE,TRUE
"Amazona aestiva","Amazona aestiva",NA,"Blue-fronted amazon","Psittacidae","MIG12-28842346","CAPTIVE","F","Primary","WGS",NA,NA,NA,NA,"A367",NA,"ABA19319",NA,NA,"NT","Birds",NA,"A367","I_A367",1,FALSE,FALSE
"Amazona brasiliensis","Amazona brasiliensis",NA,"Red-tailed amazon","Psittacidae","MIG12-21379186/BARCELONA / 10462","CAPTIVE","M","Primary","WGS",NA,NA,NA,NA,"A383",NA,"ABA23947",NA,NA,"NT","Birds","https://www.iucnredlist.org/species/22686296/118478685","A383","I_A383",1,FALSE,FALSE
"Amazona viridigenalis","Amazona viridigenalis",NA,"Green-cheeked amazon","Psittacidae","17692016 / BARCELONA / 9565","CAPTIVE","F","Primary",NA,NA,NA,NA,NA,"A723",NA,NA,NA,NA,"EN","Birds","https://www.iucnredlist.org/species/22686259/152441187","A723","I_A723",1,FALSE,FALSE
"Ara ararauna","Ara ararauna",NA,"Blue-and-yellow macaw","Psittacidae","MIG12-28326023/ BARCELONA / 2083","WILD","M","Fibro","DNA","WGS",NA,NA,NA,"A441","*A441*","ABA20127",NA,NA,"LC","Birds","https://www.iucnredlist.org/species/22685539/131917270","A441","I_A441",1,FALSE,TRUE
"Ara ararauna","Ara ararauna",NA,"Blue-and-yellow macaw","Psittacidae","WKP15-00490/MADRID Z / GAZ55","CAPTIVE","U","Primary",NA,NA,NA,NA,NA,"A458",NA,NA,NA,NA,"LC","Birds",NA,"A458","I_A458",1,FALSE,FALSE
"Ara rubrogenys","Ara rubrogenys",NA,"Red-fronted macaw","Psittacidae","27918567/MADRID Z / AR7","UNKOWN","F?","Fibro","DNA","SEQ",NA,NA,NA,"A527",NA,NA,NA,NA,"CR","Birds",NA,"A527","I_A527",1,FALSE,TRUE
"Ara rubrogenys","Ara rubrogenys",NA,"Red-fronted macaw","Psittacidae",NA,NA,NA,"Primary",NA,NA,NA,NA,NA,"A662",NA,NA,NA,NA,"CR","Birds",NA,"A662","I_A662",1,FALSE,FALSE
"Loriculus galgulus","Loriculus galgulus",NA,"Blue-crowned parrot","Psittacidae","DKL23-07910/ BARCELONA / 15127","CAPTIVE","F","Primary",NA,NA,NA,NA,NA,"A759",NA,NA,NA,NA,"LC","Birds","https://www.iucnredlist.org/species/22685384/280973898","A759","I_A759",1,FALSE,FALSE
"Nycticorax nycticorax","Nycticorax nycticorax",NA,"Black-crowned night heron","Ardeida","QGH20-05437","CAPTIVE","U","Primary",NA,NA,NA,NA,NA,"A42",NA,NA,NA,NA,"LC","Birds","https://www.iucnredlist.org/species/22697211/155515762","A42","I_A42",1,FALSE,FALSE
"Nycticorax nycticorax","Nycticorax nycticorax",NA,"Black-crowned night heron","Ardeida","QGH20-05427","CAPTIVE","M","Primary",NA,NA,NA,NA,NA,"A47/A43",NA,NA,NA,NA,"LC","Birds","https://www.gbif.org/species/2480863","A47","I_A47",2,FALSE,FALSE
"Nycticorax nycticorax","Nycticorax nycticorax",NA,"Black-crowned night heron","Ardeida","QGH21-05659","CAPTIVE","U","Primary",NA,NA,NA,NA,NA,"A128",NA,NA,NA,NA,"LC","Birds",NA,"A128","I_A128",1,FALSE,FALSE
"Nycticorax nycticorax","Nycticorax nycticorax",NA,"Black-crowned night heron","Ardeida","QGH18-04841/QGH18-04841",NA,NA,"Primary",NA,NA,NA,NA,NA,"A229",NA,NA,NA,NA,"LC","Birds",NA,"A229","I_A229",1,FALSE,FALSE
"Nycticorax nycticorax","Nycticorax nycticorax",NA,"Black-crowned night heron","Ardeida","QGH22-06035/BARCELONA/14079",NA,NA,"Fibro","DNA","RNA","WGS","RNA-Seq",NA,"A326","*A326*","ABA23499","BB5588",NA,"LC","Birds",NA,"A326","I_A326",1,FALSE,TRUE
"Nycticorax nycticorax","Nycticorax nycticorax",NA,"Black-crowned night heron","Ardeida","SM3",NA,NA,"Primary",NA,NA,NA,NA,NA,"A125","*A125*",NA,NA,NA,"LC","Birds",NA,"A125","I_A125",1,FALSE,FALSE
"Nycticorax nycticorax","Nycticorax nycticorax",NA,"Black-crowned night heron","Ardeida","QGH22-06124 / BARCELONA / 14154","CAPTIVE","F","Fibro","DNA","RNA","WGS",NA,NA,"A587",NA,"ABA23420",NA,NA,"LC","Birds",NA,"A587","I_A587",1,FALSE,TRUE
"Nycticorax nycticorax","Nycticorax nycticorax",NA,"Black-crowned night heron","Ardeida","MIG12-28824979 / BARCELONA / 5772","CAPTIVE","M","Primary",NA,NA,NA,NA,NA,"A617",NA,NA,NA,NA,"LC","Birds",NA,"A617","I_A617",1,FALSE,FALSE
"Ciconia ciconia","Ciconia ciconia",NA,"White stork","Ciconiformes","CRAS 78/21",NA,NA,"Primary",NA,NA,NA,NA,NA,"A126",NA,NA,NA,NA,"LC","Birds","https://www.iucnredlist.org/species/22697691/86248677","A126","I_A126",1,FALSE,FALSE
"Ciconia ciconia","Ciconia ciconia",NA,"White stork","Ciconiformes","CRAS 21/21",NA,NA,"Primary",NA,NA,NA,NA,NA,"A80",NA,NA,NA,NA,"LC","Birds","https://www.gbif.org/species/2481912","A80","I_A80",1,FALSE,FALSE
"Ciconia ciconia","Ciconia ciconia",NA,"White stork","Ciconiformes","CRAS 47/21",NA,NA,"Fibro","DNA","K",NA,NA,"Ciconia ciconia A101","A101","*A101*",NA,NA,NA,"LC","Birds",NA,"A101","I_A101",1,FALSE,TRUE
"Platalea leucorodia","Platalea leucorodia",NA,"Eurasian spoonbill","Threskiornithidae","QGH16-02512","CAPTIVE","M","Primary",NA,NA,NA,NA,NA,"A93",NA,NA,NA,NA,"LC","Birds","https://www.iucnredlist.org/species/22697555/155460986","A93","I_A93",1,FALSE,FALSE
"Platalea leucorodia","Platalea leucorodia",NA,"Eurasian spoonbill","Threskiornithidae","MIG-28179109/BARCELONA7847","CAPTIVE","M","Fibro","DNA","WGS",NA,NA,NA,"A263","*A263*","ABA20113",NA,NA,"LC","Birds","https://www.gbif.org/species/2480801","A263","I_A263",1,FALSE,TRUE
"Platalea leucorodia","Platalea leucorodia",NA,"Eurasian spoonbill","Threskiornithidae","25901715 / BARCELONA / 10484","CAPTIVE","F","Primary",NA,NA,NA,NA,NA,"A652",NA,NA,NA,NA,"LC","Birds",NA,"A652","I_A652",1,FALSE,FALSE
"Platalea leucorodia","Platalea leucorodia",NA,"Eurasian spoonbill","Threskiornithidae","MIG12-29016956/BARCELONA / 3292","CAPTIVE","M","Primary",NA,NA,NA,NA,NA,"A727",NA,NA,NA,NA,"LC","Birds",NA,"A727","I_A727",1,FALSE,FALSE
"Platalea leucorodia","Platalea leucorodia",NA,"Eurasian spoonbill","Threskiornithidae","MIG12-29105023/3244","CAPTIVE","M","Primary",NA,NA,NA,NA,NA,"A745",NA,NA,NA,NA,"LC","Birds",NA,"A745","I_A745",1,FALSE,FALSE
"Platalea leucorodia","Platalea leucorodia",NA,"Eurasian spoonbill","Threskiornithidae","MIG12-28824992/BARCELONA / 4492","CAPTIVE","F","Primary",NA,NA,NA,NA,NA,"A808",NA,NA,NA,NA,"LC","Birds",NA,"A808","I_A808",1,FALSE,FALSE
"Platalea leucorodia","Platalea leucorodia",NA,"Eurasian spoonbill","Threskiornithidae","QGH17-04526/BARCELONA / 12973","CAPTIVE","F","Primary",NA,NA,NA,NA,NA,"A810",NA,NA,NA,NA,"LC","Birds",NA,"A810","I_A810",1,FALSE,FALSE
"Platalea ajaja","Platalea ajaja",NA,"Roseate spoonbill","Threskiornithid","MIG12-29661875/BARCELONA / 10746","CAPTIVE","M","Primary",NA,NA,NA,NA,NA,"A316",NA,NA,NA,NA,"LC","Birds","https://www.iucnredlist.org/species/22697574/93621961","A316","I_A316",1,FALSE,FALSE
"Plegadis falcinellus","Plegadis falcinellus",NA,"Glossy Ibis","Threskiornithidae","CRAS 67/21",NA,NA,"Primary",NA,NA,NA,NA,NA,"A119","*A119*",NA,NA,NA,"LC","Birds","https://www.iucnredlist.org/species/22697422/155528413","A119","I_A119",1,FALSE,FALSE
"Plegadis falcinellus","Plegadis falcinellus",NA,"Glossy Ibis","Threskiornithidae","25328829","CAPTIVE","M","Fibro","DNA",NA,NA,NA,NA,"A251",NA,NA,NA,NA,"LC","Birds","https://species.nbnatlas.org/species/NBNSYS0000000254#sequences","A251","I_A251",1,FALSE,TRUE
"Plegadis falcinellus","Plegadis falcinellus",NA,"Glossy Ibis","Threskiornithidae","42/21",NA,NA,"Primary",NA,NA,NA,NA,NA,"A114",NA,NA,NA,NA,"LC","Birds",NA,"A114","I_A114",1,FALSE,FALSE
"Plegadis falcinellus","Plegadis falcinellus",NA,"Glossy Ibis","Threskiornithidae","MIG12-28824985/ BARCELONA / 5327","CAPTIVE","M","Primary",NA,NA,NA,NA,NA,"A389",NA,NA,NA,NA,"LC","Birds",NA,"A389","I_A389",1,FALSE,FALSE
"Geronticus eremita","Geronticus eremita",NA,"Waldrapp ibis","Threskiornithidae","SN1",NA,NA,"Primary",NA,NA,NA,NA,NA,"A131",NA,NA,NA,NA,"EN","Birds",NA,"A131","I_A131",1,FALSE,FALSE
"Geronticus eremita","Geronticus eremita",NA,"Waldrapp ibis","Threskiornithidae","VVM20-02434/JEREZ / IE2023","CAPTIVE","M","Primary",NA,NA,NA,NA,NA,"A86",NA,NA,NA,NA,"EN","Birds","https://www.iucnredlist.org/species/22697488/130895601","A86","I_A86",1,FALSE,FALSE
"Geronticus eremita","Geronticus eremita",NA,"Waldrapp ibis","Threskiornithidae","FRW20-01048/JEREZ / IE2014","CAPTIVE","U","Primary",NA,NA,NA,NA,NA,"A69",NA,NA,NA,NA,"EN","Birds","https://animaldiversity.org/accounts/Geronticus_eremita/","A69","I_A69",1,FALSE,FALSE
"Geronticus eremita","Geronticus eremita",NA,"Waldrapp ibis","Threskiornithidae","FRW20-01045/JEREZ / IE2011","CAPTIVE","U","Primary",NA,NA,NA,NA,NA,"A68",NA,NA,NA,NA,"EN","Birds",NA,"A68","I_A68",1,FALSE,FALSE
"Geronticus eremita","Geronticus eremita",NA,"Waldrapp ibis","Threskiornithidae","ZDW17-03177/BARCELONA / 13500","CAPTIVE","F","Primary",NA,NA,NA,NA,NA,"A254","*A254*",NA,NA,NA,"EN","Birds",NA,"A254","I_A254",1,FALSE,FALSE
"Geronticus eremita","Geronticus eremita",NA,"Waldrapp ibis","Threskiornithidae","QGH23-06354/BARCELONA / 14289","CAPTIVE","F","Fibro","DNA",NA,NA,NA,NA,"A466",NA,NA,NA,NA,"EN","Birds",NA,"A466","I_A466",1,FALSE,TRUE
"Geronticus eremita","Geronticus eremita",NA,"Waldrapp ibis","Threskiornithidae","QGH24-06585/BARCELONA / 14460","CAPTIVE","U","Primary",NA,NA,NA,NA,NA,"A540",NA,NA,NA,NA,"EN","Birds",NA,"A540","I_A540",1,FALSE,FALSE
"Geronticus eremita","Geronticus eremita",NA,"Waldrapp ibis","Threskiornithidae","ZNK23-01029 / BARCELONA / 14269","CAPTIVE","F","Primary",NA,NA,NA,NA,NA,"A710",NA,NA,NA,NA,"EN","Birds",NA,"A710","I_A710",1,FALSE,FALSE
"Eudocimus ruber","Eudocimus ruber",NA,"Scarlet Ibis","Threskiornithidae",NA,"CAPTIVE",NA,"Fibro","DNA","RNA","WGS","RNA-Seq",NA,"A519",NA,"ABA20104/A519_1(Novogen)","BB5574",NA,"LC","Birds",NA,"A519","I_A519",1,FALSE,TRUE
"Eudocimus ruber","Eudocimus ruber",NA,"Scarlet Ibis","Threskiornithidae","MIG12-28706350","CAPTIVE","M","Fibro",NA,NA,NA,NA,NA,"A235","*A235*",NA,NA,NA,"LC","Birds",NA,"A235","I_A235",1,FALSE,TRUE
"Eudocimus ruber","Eudocimus ruber",NA,"Scarlet Ibis","Threskiornithidae","MIG12-28706348/BARCELONA / 11080","CAPTIVE","M","Primary",NA,NA,NA,NA,NA,"A438",NA,NA,NA,NA,"LC","Birds",NA,"A438","I_A438",1,FALSE,FALSE
"Threskiornis aethiopicus","Threskiornis aethiopicus",NA,"Sacred ibis","Threskiornithidae","27920372/MADRID Z / IS48","UNKNOWN","U","Fibro",NA,NA,NA,NA,NA,"A230","*A230*",NA,NA,NA,"LC","Birds","https://www.iucnredlist.org/species/22697510/132068562","A230","I_A230",1,FALSE,TRUE
"Butorides striata","Butorides striata",NA,"Striated heron","Ardeidae","QGH17-04483","CAPTIVE","M","Fibro","DNA",NA,NA,NA,NA,"A107","*A107*",NA,NA,NA,"LC","Birds",NA,"A107","I_A107",1,FALSE,TRUE
"Butorides striata","Butorides striata",NA,"Striated heron","Ardeidae","QGH12-00159/BARCELONA / 11588","CAPTIVE","M","Primary",NA,NA,NA,NA,NA,"A433",NA,NA,NA,NA,"LC","Birds","https://www.iucnredlist.org/species/22728182/94973442","A433","I_A433",1,FALSE,FALSE
"Butorides striata","Butorides striata",NA,"Striated heron","Ardeidae","QGH12-00157/BARCELONA / 11586","CAPTIVE","F","Primary",NA,NA,NA,NA,NA,"A580",NA,NA,NA,NA,"LC","Birds","https://www.gbif.org/species/2480824","A580","I_A580",1,FALSE,FALSE
"Ixobrychus minutus","Ixobrychus minutus",NA,"Little bittern","Ardeidae","VKM13-00879/BARCELONA / 12860","CAPTIVE","F","Primary","WGS",NA,NA,NA,NA,"A385",NA,"ABA20140",NA,NA,"LC","Birds","https://www.iucnredlist.org/species/22735766/155511258","A385","I_A385",1,FALSE,FALSE
"Gallinula chloropus","Gallinula chloropus",NA,"Common Moorhen","Rallidae","CRAS 56/21",NA,NA,"Primary",NA,NA,NA,NA,NA,"A106",NA,NA,NA,NA,"LC","Birds","https://www.iucnredlist.org/species/62120190/155506651","A106","I_A106",1,FALSE,FALSE
"Gallinula chloropus","Gallinula chloropus",NA,"Common Moorhen","Rallidae","CRAS 25/21",NA,NA,"Primary","WGS",NA,NA,NA,NA,"A89",NA,"ABA23925",NA,NA,"LC","Birds",NA,"A89","I_A89",1,FALSE,FALSE
"Psophia crepitans","Psophia crepitans",NA,"Grey-winged Trumpeter","Gruiformes","FRW15-00565","CAPTIVE","F","Primary",NA,NA,NA,NA,NA,"A100",NA,NA,NA,NA,"NT","Birds","https://www.iucnredlist.org/species/45478181/95158441","A100","I_A100",1,FALSE,FALSE
"Porphyrio porphyrio porphyrio","Porphyrio porphyrio","porphyrio","Purple Swamphen","Rallidae","24712340/ BARCELONA / 9736",NA,"F","Primary","WGS",NA,NA,NA,NA,"A565",NA,"ABA20115",NA,NA,"LC","Birds","https://www.iucnredlist.org/species/22692792/155531172","A565","I_A565",1,FALSE,FALSE
"Marmaronetta angustirostris","Marmaronetta angustirostris",NA,"Marbled Teal","Anatidae","24953210","CAPTIVE","F","Fibro",NA,NA,NA,NA,NA,"A87",NA,NA,NA,NA,"VU","Birds","https://www.gbif.org/species/2498390","A87","I_A87",1,FALSE,TRUE
"Netta peposaca","Netta peposaca",NA,"Rosy-billed Pochard","Anatidae","27919208","CAPTIVE","F","Fibro","DNA","SEQ",NA,NA,NA,"A104",NA,"ABA20172",NA,NA,"LC","Birds","https://www.iucnredlist.org/species/22680351/92856953","A104","I_A104",1,FALSE,TRUE
"Anas platyrhynchos","Anas platyrhynchos",NA,"Mallard","Anatidae","EC 11/21",NA,NA,"Fibro","DNA","RNA","WGS",NA,NA,"A112",NA,"ABA23941",NA,NA,"LC","Birds","https://www.gbif.org/species/9761484","A112","I_A112",1,FALSE,TRUE
"Netta rufina","Netta rufina",NA,"Red-crested Pochard","Anatidae","PC028",NA,NA,"Fibro",NA,NA,NA,NA,NA,"A199",NA,NA,NA,NA,"LC","Birds","https://www.iucnredlist.org/species/22680348/86012189","A199","I_A199",1,FALSE,TRUE
"Chauna torquata","Chauna torquata",NA,"Southern screamer","Anhimidae","MIG12-28179183","CAPTIVE","M","Fibro","DNA","WGS","RNA-Seq",NA,NA,"A302",NA,"ABA23978","BB5611",NA,"LC","Birds","https://www.iucnredlist.org/species/22679729/92826769","A302","I_A302",1,FALSE,TRUE
"Cygnus atratus","Cygnus atratus",NA,"Black swan","Anatidae","27919208","CAPTIVE","F","Fibro","DNA",NA,NA,NA,NA,"A317","*A317*",NA,NA,NA,"LC","Birds","https://www.iucnredlist.org/species/22679843/131907524","A317","I_A317",1,FALSE,TRUE
"Cygnus melancoryphus","Cygnus melancoryphus",NA,"Black-necked swan","Anatidae",NA,"CAPTIVE","F","Fibro","DNA","RNA","RNA-Seq","WGS",NA,"A503","ABA20143","BB5619",NA,NA,"LC","Birds","https://www.iucnredlist.org/species/22679846/92832118","A503","I_A503",1,FALSE,TRUE
"Apus pallidus","Apus pallidus",NA,"Pallid Swift","Apodidae","CRAS 58/21",NA,NA,"Primary",NA,NA,NA,NA,NA,"A113",NA,NA,NA,NA,"LC","Birds","https://www.iucnredlist.org/species/22686815/155463151","A113","I_A113",1,FALSE,FALSE
"Apus pallidus","Apus pallidus",NA,"Pallid Swift","Apodidae","CRAS 365/21",NA,NA,"Primary",NA,NA,NA,NA,NA,"A180",NA,NA,NA,NA,"LC","Birds","https://www.gbif.org/species/5228695","A180","I_A180",1,FALSE,FALSE
"Apus pallidus","Apus pallidus",NA,"Pallid Swift","Apodidae","CRAS 45/21",NA,NA,"Primary",NA,NA,NA,NA,NA,"A99",NA,NA,NA,NA,"LC","Birds",NA,"A99","I_A99",1,FALSE,FALSE
"Apus apus","Apus apus",NA,"Common swift","Apodidae","55/21",NA,NA,"Primary",NA,NA,NA,NA,NA,"A111",NA,NA,NA,NA,"LC","Birds","https://www.iucnredlist.org/species/22686800/86111691","A111","I_A111",1,FALSE,FALSE
"Streptopelia decaocto","Streptopelia decaocto",NA,"Eurasian Collared-dove","Columbidae","CRAS 65/21",NA,NA,"Fibro","K",NA,NA,NA,"Streptopelia decaocto A118","A118","*A118*",NA,NA,NA,"LC","Birds","https://www.iucnredlist.org/species/22727811/154457750","A118","I_A118",1,FALSE,TRUE
"Columba livia","Columba livia",NA,"Rock Dove","Columbidae","CRAS 68/21",NA,NA,"Primary","WGS",NA,NA,NA,NA,"A120",NA,"ABA23942",NA,NA,"LC","Birds","https://www.iucnredlist.org/species/22690066/155493121","A120","I_A120",1,FALSE,FALSE
"Columba palumbus","Columba palumbus",NA,"Common Woodpigeon","Columbidae","SM4",NA,NA,"Primary",NA,NA,NA,NA,NA,"A123",NA,NA,NA,NA,"LC","Birds","https://www.iucnredlist.org/species/22690103/131924602","A123","I_A123",1,FALSE,FALSE
"Ptilinopus melanospilus","Ptilinopus melanospilus",NA,"Black-naped Fruit-dove","Columbidae","MIG12-28149323","CAPTIVE","F","Fibro","DNA","WGS",NA,NA,NA,"A253","*A253*","ABA20136",NA,NA,"LC","Birds","https://www.iucnredlist.org/species/22691558/93316491","A253","I_A253",1,FALSE,TRUE
"Ptilinopus melanospilus","Ptilinopus melanospilus",NA,"Black-naped Fruit-dove","Columbidae","MIG12-30088886/BARCELONA / 11413","CAPTIVE","M","Primary",NA,NA,NA,NA,NA,"756",NA,NA,NA,NA,"LC","Birds",NA,"756","I_756",1,FALSE,FALSE
"Zenaida graysoni","Zenaida graysoni",NA,"Socorro dove","Columbidae","DMP17-00807","CAPTIVE","F","Fibro","DNA",NA,NA,NA,NA,"A255","*A255*","ORGONE_27",NA,NA,"EW","Birds","https://www.iucnredlist.org/species/22690740/178409463","A255","I_A255",1,FALSE,TRUE
"Gallicolumba luzonica","Gallicolumba luzonica",NA,"Luzon bleeding-heart dove","Columbidae","15949977","CAPTIVE","M","Primary",NA,NA,NA,NA,NA,"A266",NA,NA,NA,NA,"NT","Birds","https://www.iucnredlist.org/species/22690979/93297883","A266","I_A266",1,FALSE,FALSE
"Gallicolumba luzonica","Gallicolumba luzonica",NA,"Luzon bleeding-heart dove","Columbidae","QGH20-05524/ BARCELONA / 13798",NA,NA,"Primary",NA,NA,NA,NA,NA,"A406",NA,NA,NA,NA,"NT","Birds",NA,"A406","I_A406",1,FALSE,FALSE
"Gallicolumba luzonica","Gallicolumba luzonica",NA,"Luzon bleeding-heart dove","Columbidae","VKM21-05794/VKM21-05794","CAPTIVE","M","Fibro","DNA","RNA","WGS","RNA-Seq",NA,"A411","*A411*","ABA20125","BB5576",NA,"NT","Birds",NA,"A411","I_A411",1,FALSE,TRUE
"Gallicolumba luzonica","Gallicolumba luzonica",NA,"Luzon bleeding-heart dove","Columbidae","QGH24-06543/: BARCELONA / 14428","CAPTIVE","UNKNOWN","Primary",NA,NA,NA,NA,NA,"A539",NA,NA,NA,NA,"NT","Birds",NA,"A539","I_A539",1,FALSE,FALSE
"Gallicolumba luzonica","Gallicolumba luzonica",NA,"Luzon bleeding-heart dove","Columbidae","QGH24-06529/ BARCELONA / 14418","CAPTIVE","UNKNOWN","Primary",NA,NA,NA,NA,NA,"A556",NA,NA,NA,NA,"NT","Birds",NA,"A556","I_A556",1,FALSE,FALSE
"Gallicolumba crinigera","Gallicolumba crinigera",NA,"Mindanao bleeding-heart dove","Columbidae","CFF12-00331/BARCELONA / 12121","CAPTIVE","M","Fibro",NA,NA,NA,NA,NA,"A722",NA,NA,NA,NA,"VU","Birds","https://www.iucnredlist.org/species/22690991/219164912","A722","I_A722",1,FALSE,TRUE
"Caloenas nicobarica","Caloenas nicobarica",NA,"Nicobar pigeon","Columbidae","QGH15-02298","CAPTIVE","F","Primary",NA,NA,NA,NA,NA,"A338",NA,NA,NA,NA,"NT","Birds","https://www.iucnredlist.org/species/22690974/178136167","A338","I_A338",1,FALSE,FALSE
"Caloenas nicobarica","Caloenas nicobarica",NA,"Nicobar pigeon","Columbidae","QGH21-05860 / BARCELONA / 13970","CAPTIVE","M","Fibro","DNA",NA,NA,NA,NA,"A571",NA,NA,NA,NA,"NT","Birds",NA,"A571","I_A571",1,FALSE,TRUE
"Caloenas nicobarica","Caloenas nicobarica",NA,"Nicobar pigeon","Columbidae","QGH24-06764 - BARCELONA / 14622","CAPTIVE","U","Primary","WGS",NA,NA,NA,NA,"A591",NA,"ABA20008",NA,NA,"NT","Birds",NA,"A591","I_A591",1,FALSE,FALSE
"Caloenas nicobarica","Caloenas nicobarica",NA,"Nicobar pigeon","Columbidae","MIG12-29655779/BARCELONA / 11240","CAPTIVE","F","Primary",NA,NA,NA,NA,NA,"A755",NA,NA,NA,NA,"NT","Birds",NA,"A755","I_A755",1,FALSE,FALSE
"Ptilinopus superbus","Ptilinopus superbus",NA,"Eastern Superb Fruit-dove","Columbidae",NA,NA,NA,"Primary","WGS",NA,NA,NA,NA,"A521",NA,"ABA20116",NA,NA,"LC","Birds","https://www.iucnredlist.org/species/22725273/94889123","A521","I_A521",1,FALSE,FALSE
"Otidiphaps nobilis aruensis","Otidiphaps nobilis","aruensis","White-naped Pheasant-pigeon","Columbidae","QGH25-08128/BARCELONA / 15919","CAPTIVE","U","Fibro",NA,NA,NA,NA,NA,"A763",NA,NA,NA,NA,"VU","Birds",NA,"A763","I_A763",1,FALSE,TRUE
"Spheniscus demersus","Spheniscus demersus",NA,"Jackass penguin","Spheniscidae","24208794/MADRID Z / PJ19","CAPTIVE","M","Fibro",NA,NA,NA,NA,NA,"A144","*A144*",NA,NA,NA,"EN","Birds","https://www.iucnredlist.org/species/22697810/157423361","A144","I_A144",1,FALSE,TRUE
"Spheniscus demersus","Spheniscus demersus",NA,"Jackass penguin","Spheniscidae","WKP13-00159/MADRID Z / PJ61","CAPTIVE","F","Primary",NA,NA,NA,NA,NA,"A430",NA,NA,NA,NA,"EN","Birds","https://www.gbif.org/species/5229384","A430","I_A430",1,FALSE,FALSE
"Spheniscus demersus","Spheniscus demersus",NA,"Jackass penguin","Spheniscidae","8297685/ID: MADRID Z / PJ29","CAPTIVE","F","Fibro","DNA",NA,NA,NA,NA,"A431","*A431*",NA,NA,NA,"EN","Birds","https://animaldiversity.org/accounts/Spheniscus_demersus/","A431","I_A431",1,FALSE,TRUE
"Spheniscus demersus","Spheniscus demersus",NA,"Jackass penguin","Spheniscidae","8297512 / MADRID Z / PJ26","CAPTIVE","F","Primary",NA,NA,NA,NA,NA,"A767",NA,NA,NA,NA,"EN","Birds",NA,"A767","I_A767",1,FALSE,FALSE
"Spheniscus humboldti","Spheniscus humboldti",NA,"Humboldt penguin","Spheniscidae","19146851","CAPTIVE","M","Primary",NA,NA,NA,NA,NA,"A299",NA,NA,NA,NA,"VU","Birds","https://www.iucnredlist.org/species/22697817/182714418","A299","I_A299",1,FALSE,FALSE
"Spheniscus humboldti","Spheniscus humboldti",NA,"Humboldt penguin","Spheniscidae","MIG12-28033500/BARCELONA / 5029","CAPTIVE","M","Fibro",NA,NA,NA,NA,NA,"A386","*A386*",NA,NA,NA,"VU","Birds",NA,"A386","I_A386",1,FALSE,TRUE
"Spheniscus humboldti","Spheniscus humboldti",NA,"Humboldt penguin","Spheniscidae","QGH25-07615 / BARCELONA / 15424","CAPTIVE","U","Fibro",NA,NA,NA,NA,NA,"A703",NA,NA,NA,NA,"VU","Birds",NA,"A703","I_A703",1,FALSE,TRUE
"Spheniscus humboldti","Spheniscus humboldti",NA,"Humboldt penguin","Spheniscidae","6613267/BARCELONA / 4273","CAPTIVE","M","Primary",NA,NA,NA,NA,NA,"A714",NA,NA,NA,NA,"VU","Birds",NA,"A714","I_A714",1,FALSE,FALSE
"Spheniscus humboldti","Spheniscus humboldti",NA,"Humboldt penguin","Spheniscidae",NA,"CAPTIVE",NA,"Primary",NA,NA,NA,NA,NA,"A716",NA,NA,NA,NA,"VU","Birds",NA,"A716","I_A716",1,FALSE,FALSE
"Spheniscus humboldti","Spheniscus humboldti",NA,"Humboldt penguin","Spheniscidae",NA,"CAPTIVE",NA,"Fibro",NA,NA,NA,NA,NA,"A717",NA,NA,NA,NA,"VU","Birds",NA,"A717","I_A717",1,FALSE,TRUE
"Spheniscus humboldti","Spheniscus humboldti",NA,"Humboldt penguin","Spheniscidae","25626661 / BARCELONA / 7097","CAPTIVE","F","Primary",NA,NA,NA,NA,NA,"A725",NA,NA,NA,NA,"VU","Birds",NA,"A725","I_A725",1,FALSE,FALSE
"Halcyon malimbica","Halcyon malimbica",NA,"Blue-breasted kingfisher","Alcedinidae","QGH15-02460","CAPTIVE","M","Primary","WGS",NA,NA,NA,NA,"A155",NA,"ABA23943",NA,NA,"LC","Birds","https://www.iucnredlist.org/species/22683269/92981938","A155","I_A155",1,FALSE,FALSE
"Dacelo novaeguineae","Dacelo novaeguineae",NA,"Laughing kookaburra","Alcedinidae","MIG12-28802202/BARCELONA / 12619","CAPTIVE","F","Primary",NA,NA,NA,NA,NA,"A407",NA,NA,NA,NA,"LC","Birds",NA,"A407","I_A407",1,FALSE,FALSE
"Dromaius novaehollandiae","Dromaius novaehollandiae",NA,"Common Emu","Casuariidae","27919533/MADRID Z / EMU10","UNKNOWN","U","Primary",NA,NA,NA,NA,NA,"A158",NA,NA,NA,NA,"LC","Birds","https://www.iucnredlist.org/species/22678117/131902466","A158","I_A158",1,FALSE,FALSE
"Dromaius novaehollandiae","Dromaius novaehollandiae",NA,"Common Emu","Casuariidae","27919534/MADRID Z / EMU11","CAPTIVE","F","Primary",NA,NA,NA,NA,NA,"A749",NA,NA,NA,NA,"LC","Birds","https://www.gbif.org/species/2495134","A749","I_A749",1,FALSE,FALSE
"Phoenicopterus roseus","Phoenicopterus roseus",NA,"Greater Flamingo","Phoenicopteriformes","FRW21-01235/JEREZ / FL30","CAPTIVE","F","Primary",NA,NA,NA,NA,NA,"A181",NA,NA,NA,NA,"LC","Birds","https://www.iucnredlist.org/fr/species/22697360/155527405","A181","I_A181",1,FALSE,FALSE
"Phoenicopterus ruber","Phoenicopterus ruber",NA,"American flamingo","Phoenicopteriformes","27917629/MADRID Z / FLR32","CAPTIVE","M","Primary",NA,NA,NA,NA,NA,"A231",NA,NA,NA,NA,"LC","Birds",NA,"A231","I_A231",1,FALSE,FALSE
"Phoenicopterus ruber","Phoenicopterus ruber",NA,"American flamingo","Phoenicopteriformes","ap22-00215","CAPTIVE",NA,"Primary",NA,NA,NA,NA,NA,"A358",NA,"ABA23938",NA,NA,"LC","Birds",NA,"A358","I_A358",1,FALSE,FALSE
"Phoenicopterus ruber","Phoenicopterus ruber",NA,"American flamingo","Phoenicopteriformes","27917637/MADRID Z / FLR70","CAPTIVE","F","Fibro","WGS",NA,NA,NA,NA,"A690",NA,"A690_1",NA,NA,"LC","Birds",NA,"A690","I_A690",1,FALSE,TRUE
"Phoenicopterus ruber","Phoenicopterus ruber",NA,"American flamingo","Phoenicopteriformes","QGH22-06070/BARCELONA / 14110","CAPTIVE","F","Fibro",NA,NA,NA,NA,NA,"A715",NA,NA,NA,NA,"LC","Birds",NA,"A715","I_A715",1,FALSE,TRUE
"Phoenicopterus ruber","Phoenicopterus ruber",NA,"American flamingo","Phoenicopteriformes","27917922 / MADRID Z / FLR143","CAPTIVE","F","Primary",NA,NA,NA,NA,NA,"A770",NA,NA,NA,NA,"LC","Birds",NA,"A770","I_A770",1,FALSE,FALSE
"Phoenicopterus chilensis","Phoenicopterus chilensis",NA,"Chilean flamingo","Phoenicopteridae","17967909/1156",NA,"M","Primary",NA,NA,NA,NA,NA,"A739",NA,NA,NA,NA,"NT","Birds","https://www.iucnredlist.org/species/22697365/132068236","A739","I_A739",1,FALSE,FALSE
"Phoenicopterus chilensis","Phoenicopterus chilensis",NA,"Chilean flamingo","Phoenicopteridae","17967912/BARCELONA / 1162","WILD","M","Fibro","DNA","RNA","WGS",NA,NA,"A531",NA,NA,"BB5620",NA,"NT","Birds",NA,"A531","I_A531",1,FALSE,TRUE
"Phoenicopterus chilensis","Phoenicopterus chilensis",NA,"Chilean flamingo","Phoenicopteridae","17967919/BARCELONA / 1176","WILD","M","Fibro","DNA","WGS",NA,NA,NA,"A595",NA,"A595_1",NA,NA,"NT","Birds",NA,"A595","I_A595",1,FALSE,TRUE
"Colius striatus","Colius striatus",NA,"Speckled Mousebird","Coliidae","QGH21-05850","CAPTIVE","U","Primary",NA,NA,NA,NA,NA,"A243",NA,NA,NA,NA,"LC","Birds","https://www.iucnredlist.org/species/22683776/93000568","A243","I_A243",1,FALSE,FALSE
"Colius striatus","Colius striatus",NA,"Speckled Mousebird","Coliidae","QGH14-02099/BARCELONA / 12241","CAPTIVE","M","Fibro","DNA","WGS",NA,NA,NA,"A323","*A323*","ABA20132",NA,NA,"LC","Birds",NA,"A323","I_A323",1,FALSE,TRUE
"Colius striatus","Colius striatus",NA,"Speckled Mousebird","Coliidae","QTR12-00743 / BARCELONA / 12098","CAPTIVE","F","Primary",NA,NA,NA,NA,NA,"A601",NA,NA,NA,NA,"LC","Birds",NA,"A601","I_A601",1,FALSE,FALSE
"Eurypyga helias","Eurypyga helias",NA,"Sunbittern","Eurypygidae","TPC14-02438/BARCELONA / 12461","CAPTIVE","F","Primary","WGS",NA,NA,NA,NA,"A257",NA,"ABA23928",NA,NA,"LC","Birds",NA,"A257","I_A257",1,FALSE,FALSE
"Musophaga violacea","Musophaga violacea",NA,"Violet turaco","Musophagidae","NGK18-00247","CAPTIVE","M","Primary",NA,NA,NA,NA,NA,"A261",NA,NA,NA,NA,"LC","Birds","https://www.iucnredlist.org/species/22688387/93195573","A261","I_A261",1,FALSE,FALSE
"Crinifer piscator","Crinifer piscator",NA,"Western grey plantain-eater","Musophagidae","MIG12-29221099/: BARCELONA / 11238","UNKNOWN","F","Primary","WGS",NA,NA,NA,NA,"A536",NA,"ABA20147",NA,NA,"LC","Birds",NA,"A536","I_A536",1,FALSE,FALSE
"Gallus gallus domestic","Gallus gallus","domestic","Domestic chicken","Phasianidae","WKP15-00483","CAPTIVE","M","Fibro","DNA",NA,NA,NA,NA,"A297","*A297*",NA,NA,NA,"LC","Birds",NA,"A297","I_A297",1,FALSE,TRUE
"Lophura edwardsi","Lophura edwardsi",NA,"Vietnam pheasant","Phasianidae","QGH22-06035/BARCELONA / 14079","CAPTIVE","U","Fibro","DNA",NA,NA,NA,NA,"A325","*A325*",NA,NA,NA,"CR","Birds","https://www.iucnredlist.org/species/45354985/129928203","A325","I_A325",1,FALSE,TRUE
"Rollulus rouloul","Rollulus rouloul",NA,"Crested Partridge","Phasianidae","QGH24-06625 - BARCELONA / 14498","CAPTIVE","F","Primary",NA,NA,NA,NA,NA,"A594",NA,"ABA23939",NA,NA,"VU","Birds",NA,"A594","I_A594",1,FALSE,FALSE
"Polyplectron napoleonis","Polyplectron napoleonis",NA,"Palawan peacock pheasant","Phasianidae","QGH16-04017","CAPTIVE","F","Fibro","DNA",NA,NA,NA,NA,"A330","*A330*",NA,NA,NA,"VU","Birds","https://www.iucnredlist.org/species/22679398/132051467","A330","I_A330",1,FALSE,TRUE
"Polyplectron napoleonis","Polyplectron napoleonis",NA,"Palawan peacock pheasant","Phasianidae","MIG12-28325583/BARCELONA / 6405","CAPTIVE","M","Fibro","DNA",NA,NA,NA,NA,"A421","*A421*",NA,NA,NA,"VU","Birds",NA,"A421","I_A421",1,FALSE,TRUE
"Pavo cristatus","Pavo cristatus",NA,"Indian Peafowl","Phasianidae",NA,"UNKNOWN","U","Fibro","RNA",NA,NA,NA,NA,"A483",NA,NA,NA,NA,"LC","Birds","https://www.iucnredlist.org/species/22679435/92814454","A483","I_A483",1,FALSE,TRUE
"Pavo cristatus","Pavo cristatus",NA,"Indian Peafowl","Phasianidae",NA,"CAPTIVE","U","Fibro","DNA","RNA","WGS","RNA-Seq",NA,"A517",NA,"ABA20110","BB5597",NA,"LC","Birds",NA,"A517","I_A517",1,FALSE,TRUE
"Pavo cristatus","Pavo cristatus",NA,"Indian Peafowl","Phasianidae","MIG12-29917985/ BARCELONA / PAVO","CAPTIVE","F","Fibro",NA,NA,NA,NA,NA,"A626",NA,NA,NA,NA,"LC","Birds",NA,"A626","I_A626",1,FALSE,TRUE
"Pavo cristatus","Pavo cristatus",NA,"Indian Peafowl","Phasianidae","QGH22-05954-IA",NA,"M","Primary",NA,NA,NA,NA,NA,"A660",NA,NA,NA,NA,"LC","Birds",NA,"A660","I_A660",1,FALSE,FALSE
"Bucorvus leadbeateri","Bucorvus leadbeateri",NA,"Southern ground hornbill","Bucorvidae","QGH22-06111","CAPTIVE","U","Fibro","DNA",NA,NA,NA,NA,"A344","*A344*",NA,NA,NA,"VU","Birds","https://www.iucnredlist.org/species/22682638/92955067","A344","I_A344",1,FALSE,TRUE
"Penelopides panini panini","Penelopides panini","panini","Tarictic hornbill","Bucerotidae","HMB20-05416 / BARCELONA / 13801","CAPTIVE","M","Fibro","DNA","RNA","WGS","RNA-Seq",NA,"A573",NA,"ABA20112","BB5633",NA,"EN","Birds","https://www.iucnredlist.org/es/species/22682494/184683355","A573","I_A573",1,FALSE,TRUE
"Penelopides panini panini","Penelopides panini","panini","Tarictic hornbill","Bucerotidae","RGZ17-04098/ BARCELONA / 13285","CAPTIVE","F","Primary",NA,NA,NA,NA,NA,"A776",NA,NA,NA,NA,"EN","Birds",NA,"A776","I_A776",1,FALSE,FALSE
"Jacana jacana","Jacana jacana",NA,"Wattled jacana","Jacanidae","QGH13-00872","WILD","M","Fibro","DNA","RNA","WGS","RNA-Seq",NA,"A346","*A346*","ABA23494","BB5580",NA,"LC","Birds","https://www.iucnredlist.org/species/22693553/163616643","A346","I_A346",1,FALSE,TRUE
"Larus michahellis","Larus michahellis",NA,"Yellow-legged Gull","Laridae","QGH22-05899-IA","WILD","U","Fibro",NA,NA,NA,NA,NA,"A744",NA,NA,NA,NA,"LC","Birds",NA,"A744","I_A744",1,FALSE,TRUE
"Recurvirostra avosetta","Recurvirostra avosetta",NA,"Pied avocet","Recurvirostridae","QTR24-09538/BARCELONA / 15742","UNKNOWN","F","Primary",NA,NA,NA,NA,NA,"A787",NA,NA,NA,NA,"LC","Birds","https://www.iucnredlist.org/species/22693712/177125045","A787","I_A787",1,FALSE,FALSE
"Otus scops scops","Otus scops","scops","Eurasian scops owl","Strigidae","MIG12-28179259","CAPTIVE","M","Primary",NA,NA,NA,NA,NA,"A24",NA,NA,NA,NA,"LC","Birds","https://www.iucnredlist.org/species/155019854/155020110","A24","I_A24",1,FALSE,FALSE
"Otus scops scops","Otus scops","scops","Eurasian scops owl","Strigidae","25996946","CAPTIVE","F","Primary",NA,NA,NA,NA,NA,"A319",NA,NA,NA,NA,"LC","Birds","https://www.gbif.org/species/7060344","A319","I_A319",1,FALSE,FALSE
"Otus scops scops","Otus scops","scops","Eurasian scops owl","Strigidae","MIG12-28179174/BARCELONA / 10914","CAPTIVE","M","Primary",NA,NA,NA,NA,NA,"A449",NA,NA,NA,NA,"LC","Birds",NA,"A449","I_A449",1,FALSE,FALSE
"Otus scops scops","Otus scops","scops","Eurasian scops owl","Strigidae","MIG12-29239659 / BARCELONA / 9138","CAPTIVE","F","Primary",NA,NA,NA,NA,NA,"A552",NA,"ABA23937",NA,NA,"LC","Birds",NA,"A552","I_A552",1,FALSE,FALSE
"Otus scops scops","Otus scops","scops","Eurasian scops owl","Strigidae","MIG12-29661874/ BARCELONA / 7342","WILD","F","Primary",NA,NA,NA,NA,NA,"A554",NA,NA,NA,NA,"LC","Birds",NA,"A554","I_A554",1,FALSE,FALSE
"Otus scops scops","Otus scops","scops","Eurasian scops owl","Strigidae","24034909/ BARCELONA / 9137","CAPTIVE","M","Primary",NA,NA,NA,NA,NA,"A672",NA,NA,NA,NA,"LC","Birds",NA,"A672","I_A672",1,FALSE,FALSE
"Tyto alba","Tyto alba",NA,"Common Barn-owl","Tytonidae","27918191/MADRID Z / LCH32","CAPTIVE","M","Fibro","DNA","RNA","WGS","RNA-Seq",NA,"A232","*A232*","ABA23502","BB5610",NA,"LC","Birds","https://www.iucnredlist.org/species/22688504/155542941","A232","I_A232",1,FALSE,TRUE
"Bubo scandiacus","Bubo scandiacus",NA,"Snowy Owl","Strigidae","24865002/MADRID Z / BUN2","CAPTIVE","M","Primary","WGS",NA,NA,NA,NA,"A177",NA,"ABA23926",NA,NA,"VU","Birds","https://www.itis.gov/servlet/SingleRpt/SingleRpt?search_topic=TSN&search_value=686683#null","A177","I_A177",1,FALSE,FALSE
"Strix aluco","Strix aluco",NA,"Tawny Owl","Strigidae",NA,NA,NA,"Primary","WGS",NA,NA,NA,NA,"A256",NA,"ABA23927",NA,NA,"LC","Birds",NA,"A256","I_A256",1,FALSE,FALSE
"Tauraco erythrolophus","Tauraco erythrolophus",NA,"Red-crested turaco","Musophagidae","TRC15-00347/BARCELONA / 12900","CAPTIVE","F","Primary",NA,NA,NA,NA,NA,"A371",NA,NA,NA,NA,"LC","Birds",NA,"A371","I_A371",1,FALSE,FALSE
"Tauraco erythrolophus","Tauraco erythrolophus",NA,"Red-crested turaco","Musophagidae","WKP15-00482/MADRID Z / TUCR5","CAPTIVE","F","Fibro","DNA","RNA","RNA-Seq","WGS",NA,"A548",NA,"ABA20160","BB5627",NA,"LC","Birds",NA,"A548","I_A548",1,FALSE,TRUE
"Tauraco leucotis","Tauraco leucotis",NA,"White-cheeked turaco","Musophagidae","WKP13-00227/MADRID Z / TURA3","CAPTIVE","F","Primary","WGS",NA,NA,NA,NA,"A372",NA,"ABA23945",NA,NA,"LC","Birds","https://www.iucnredlist.org/species/22688355/95213742","A372","I_A372",1,FALSE,FALSE
"Tauraco schalowi","Tauraco schalowi",NA,"Schalow's turaco","Musophagidae","WKP13-00267/MADRID Z / TUS3","CAPTIVE","M","Fibro","DNA","RNA","WGS","RNA-Seq",NA,"A543",NA,"ABA20119","BB5606",NA,"LC","Birds",NA,"A543","I_A543",1,FALSE,TRUE
"Falco naumanni","Falco naumanni",NA,"Lesser Kestrel","Falconidae","WKP22-01969/MADRID Z / CEP38","CAPTIVE","F","Primary",NA,NA,NA,NA,NA,"A387",NA,NA,NA,NA,"LC","Birds","https://www.iucnredlist.org/species/22696357/205768513","A387","I_A387",1,FALSE,FALSE
"Falco naumanni","Falco naumanni",NA,"Lesser Kestrel","Falconidae","WKP22-01966/MADRID Z / CEP35","CAPTIVE","F","Primary",NA,NA,NA,NA,NA,"A455",NA,NA,NA,NA,"LC","Birds",NA,"A455","I_A455",1,FALSE,FALSE
"Falco cherrug","Falco cherrug",NA,"Saker falcon","Falconidae","WKP18-01465 - MADRID Z / HS10","UNKNOWN","U","Primary",NA,NA,NA,NA,NA,"A631",NA,"ABA23951",NA,NA,"EN","Birds","https://www.iucnredlist.org/species/22696495/204182473","A631","I_A631",1,FALSE,FALSE
"Ramphastos toco","Ramphastos toco",NA,"Toco toucan","Ramphastidae","VMT19-40119/MADRID Z / TC7","CAPTIVE","M","Fibro","DNA","WGS",NA,NA,NA,"A435","*A435*","ABA23918",NA,NA,"LC","Birds",NA,"A435","I_A435",1,FALSE,TRUE
"Parabuteo unicinctus","Parabuteo unicinctus",NA,"Harris' hawk/bay-winged hawk","Accipitridae","27920118/MADRID Z / HHA1","CAPTIVE","U","Primary","WGS",NA,NA,NA,NA,"A477",NA,"ABA23949",NA,NA,"LC","Birds","https://www.iucnredlist.org/species/22695838/93529685","A477","I_A477",1,FALSE,FALSE
"Astur gentilis","Astur gentilis",NA,"Northern Goshawk","Accipitridae",NA,NA,NA,"Primary",NA,NA,NA,NA,NA,"A320",NA,NA,NA,NA,"LC","Birds","https://www.iucnredlist.org/species/22695683/198505113","A320","I_A320",1,FALSE,FALSE
"Haliaeetus leucocephalus","Haliaeetus leucocephalus",NA,"Bald Eagle","Accipitridae","27918336","CAPTIVE","M","Fibro","DNA",NA,NA,NA,NA,"A250","*A250*",NA,NA,NA,"LC","Birds",NA,"A250","I_A250",1,FALSE,TRUE
"Aquila adalberti","Aquila adalberti",NA,"Spanish imperial eagle","Accipitridae","27920118/MADRID Z / HHA1","WILD","F","Fibro",NA,NA,NA,NA,NA,"A750",NA,NA,NA,NA,"VU","Birds","https://www.iucnredlist.org/species/22696042/205085721","A750","I_A750",1,FALSE,TRUE
"Aegypius monachus","Aegypius monachus",NA,"Cinereous vulture","Accipitridae","JLG15-01585 / BARCELONA / 13800","CAPTIVE","M","Fibro",NA,NA,NA,NA,NA,"A790",NA,NA,NA,NA,"NT","Birds","https://www.iucnredlist.org/species/22695231/154915043","A790","I_A790",1,FALSE,TRUE
"Casuarius casuarius","Casuarius casuarius",NA,"Southern cassowary","Casuariidae","MIG12-28433325/MADRID Z / CAS6","CAPTIVE","M","Fibro","DNA","RNA","WGS","RNA-Seq",NA,"A500",NA,"ABA20009","BB5567",NA,"LC","Birds","https://www.iucnredlist.org/species/22678108/131902050","A500","I_A500",1,FALSE,TRUE
"Rhea americana","Rhea americana",NA,"Greater rhea","Rheidae","QGL17-00566/MADRID Z / RH18","CAPTIVE","F","Fibro","DNA","WGS",NA,NA,NA,"A513",NA,"ABA20118/A513_1(Novogen)",NA,NA,"NT","Birds","https://www.iucnredlist.org/species/22678073/219615764","A513","I_A513",1,FALSE,TRUE
"Rhea americana","Rhea americana",NA,"Greater rhea","Rheidae","WKP24-02122/MADRID Z / RH19","CAPTIVE","F","Fibro","DNA",NA,NA,NA,NA,"A630",NA,NA,NA,NA,"NT","Birds",NA,"A630","I_A630",1,FALSE,TRUE
"Rhea pennata","Rhea pennata",NA,"Lesser Rhea","Struthioniformes",NA,"CAPTIVE","M","Primary",NA,NA,NA,NA,NA,"A840",NA,NA,NA,NA,"LC","Birds","https://www.iucnredlist.org/species/22678081/217016710","A840","I_A840",1,FALSE,FALSE
"Pelecanus crispus","Pelecanus crispus",NA,"Dalmatian pelican","Pelecanidae","25328800/ BARCELONA / 2299","CAPTIVE","M","Fibro","DNA","RNA","WGS","RNA-Seq",NA,"A502",NA,"ABA20111","BB5598",NA,"NT","Birds","https://www.iucnredlist.org/species/22697599/122838534","A502","I_A502",1,FALSE,TRUE
"Pelecanus rufescens","Pelecanus rufescens",NA,"Pink-backed Pelican","Pelecanidae","JLD21-01863/ MADRID Z / PEL28","CAPTIVE","F","Primary",NA,NA,NA,NA,NA,"A685",NA,NA,NA,NA,"LC","Birds","https://www.iucnredlist.org/species/22697595/265010010","A685","I_A685",1,FALSE,FALSE
"Pelecanus rufescens","Pelecanus rufescens",NA,"Pink-backed Pelican","Pelecanidae","JLD21-01924/ MADRID Z / PEL27","CAPTIVE","F","Primary",NA,NA,NA,NA,NA,"A687",NA,NA,NA,NA,"LC","Birds",NA,"A687","I_A687",1,FALSE,FALSE
"Pelecanus rufescens","Pelecanus rufescens",NA,"Pink-backed Pelican","Pelecanidae","JLD21-01868 / MADRID Z / PEL26","CAPTIVE","F","Primary",NA,NA,NA,NA,NA,"A768",NA,NA,NA,NA,"LC","Birds",NA,"A768","I_A768",1,FALSE,FALSE
"Pelecanus rufescens","Pelecanus rufescens",NA,"Pink-backed Pelican","Pelecanidae","JLD21-01923 / MADRID Z / PEL29","CAPTIVE","M","Fibro",NA,NA,NA,NA,NA,"A769",NA,NA,NA,NA,"LC","Birds",NA,"A769","I_A769",1,FALSE,TRUE
"Trachyphonus erythrocephalus","Trachyphonus erythrocephalus",NA,"Red-and-yellow barbet","Lybiidae","DKL21-06992/BARCELONA / 14024","CAPTIVE","F","Primary","WGS",NA,NA,NA,NA,"A516",NA,"ABA20144",NA,NA,"LC","Birds","https://www.iucnredlist.org/species/22681889/92924667","A516","I_A516",1,FALSE,FALSE
"Trachyphonus erythrocephalus","Trachyphonus erythrocephalus",NA,"Red-and-yellow barbet","Lybiidae","QGH15-02432 - BARCELONA / 12584","CAPTIVE","M","Primary",NA,NA,NA,NA,NA,"A636",NA,NA,NA,NA,"LC","Birds",NA,"A636","I_A636",1,FALSE,FALSE
"Trachyphonus erythrocephalus","Trachyphonus erythrocephalus",NA,"Red-and-yellow barbet","Lybiidae","QGH22-06140 / BARCELONA / 14163","CAPTIVE","F","Fibro","WGS",NA,NA,NA,NA,"A695",NA,"A695_1",NA,NA,"LC","Birds",NA,"A695","I_A695",1,FALSE,TRUE
"Sarcoramphus papa","Sarcoramphus papa",NA,"King Vulture","Cathartidae","MIG12-29830332/MADRID Z / ZOR2","CAPTIVE","F","Fibro","DNA",NA,NA,NA,NA,"A692",NA,NA,NA,NA,"LC","Birds","https://www.iucnredlist.org/species/22697645/228983760","A692","I_A692",1,FALSE,TRUE
