"scientific_name","species","subspecies","common_name","family","zims_species360","origin","sex","cell_type","type1","type2","type3","type4","karyotype","sample_id","cell_barcode","wgs","rna_seq","x15","iucn","iPSC","animal_id","individual_id","lines_per_individual","status","superclass"
"Nanger dama mhorr","Nanger dama","mhorr","Mhorr Gazelle","Bovidae","QGH20-05342/13650","CAPTIVE","M","Fibro",NA,NA,NA,NA,NA,"A216/A207","*A216/A207*",NA,NA,NA,"CR",FALSE,"A216","I_A216",2,TRUE,"Mammalia"
"Nanger dama mhorr","Nanger dama","mhorr","Mhorr Gazelle","Bovidae","QGH20-05342/13650","CAPTIVE","M","Fibro",NA,NA,NA,NA,NA,"A216/A207","*A216/A207*",NA,NA,NA,"CR",FALSE,"A207","I_A216",2,TRUE,"Mammalia"
"Nanger dama mhorr","Nanger dama","mhorr","Mhorr Gazelle","Bovidae","11268",NA,NA,"Fibro","DNA","K",NA,NA,"Nanger Dama Mohr a85","A85","*A85*",NA,NA,"https://www.iucnredlist.org/species/8968/50186128","CR",FALSE,"A85","I_A85",1,TRUE,"Mammalia"
"Nanger dama mhorr","Nanger dama","mhorr","Mhorr Gazelle","Bovidae","QGH19-05159","CAPTIVE","F","Primary",NA,NA,NA,NA,NA,"A20","*A20*",NA,NA,"https://www.ncbi.nlm.nih.gov/Taxonomy/Browser/wwwtax.cgi?lvl=0&id=67940","CR",FALSE,"A20","I_A20",1,FALSE,"Mammalia"
"Nanger dama mhorr","Nanger dama","mhorr","Mhorr Gazelle","Bovidae","QGH19-05123","CAPTIVE","F","Fibro","DNA","WGS",NA,NA,NA,"A19","*A19*","ORGONE_02/L-AD19",NA,"https://animaldiversity.org/accounts/Nanger_dama/","CR",FALSE,"A19","I_A19",1,TRUE,"Mammalia"
"Nanger dama mhorr","Nanger dama","mhorr","Mhorr Gazelle","Bovidae","MIG12-29591142/BARCELONA / 11341","CAPTIVE","F","Primary",NA,NA,NA,NA,NA,"A156/A405",NA,NA,NA,NA,"CR",FALSE,"A156","I_A156",2,FALSE,"Mammalia"
"Nanger dama mhorr","Nanger dama","mhorr","Mhorr Gazelle","Bovidae","MIG12-29591142/BARCELONA / 11341","CAPTIVE","F","Primary",NA,NA,NA,NA,NA,"A156/A405",NA,NA,NA,NA,"CR",FALSE,"A405","I_A156",2,FALSE,"Mammalia"
"Nanger dama mhorr","Nanger dama","mhorr","Mhorr Gazelle","Bovidae","MIG12-28152170/BARCELONA13063","CAPTIVE","M","Fibro","K",NA,NA,NA,"Nanger Dama Mhorr A171","A171","*A171*",NA,NA,NA,"CR",FALSE,"A171","I_A171",1,TRUE,"Mammalia"
"Nanger dama mhorr","Nanger dama","mhorr","Mhorr Gazelle","Bovidae",NA,NA,NA,"Primary",NA,NA,NA,NA,NA,"A215",NA,NA,NA,NA,"CR",FALSE,"A215","I_A215",1,FALSE,"Mammalia"
"Nanger dama mhorr","Nanger dama","mhorr","Mhorr Gazelle","Bovidae","QGH22-06087","CAPTIVE",NA,"Primary",NA,NA,NA,NA,NA,"A334",NA,NA,NA,NA,"CR",FALSE,"A334","I_A334",1,FALSE,"Mammalia"
"Nanger dama mhorr","Nanger dama","mhorr","Mhorr Gazelle","Bovidae","QGH22-06088","CAPTIVE","F","Primary",NA,NA,NA,NA,NA,"A335",NA,NA,NA,NA,"CR",FALSE,"A335","I_A335",1,FALSE,"Mammalia"
"Nanger dama mhorr","Nanger dama","mhorr","Mhorr Gazelle","Bovidae","MIG12-29854099/MADRID Z / GAD26","CAPTIVE","F","Primary",NA,NA,NA,NA,NA,"A393",NA,NA,NA,NA,"CR",FALSE,"A393","I_A393",1,FALSE,"Mammalia"
"Nanger dama mhorr","Nanger dama","mhorr","Mhorr Gazelle","Bovidae","QGH16-04153/barcelona/12778","CAPTIVE","F","Primary",NA,NA,NA,NA,NA,"A397",NA,NA,NA,NA,"CR",FALSE,"A397","I_A397",1,FALSE,"Mammalia"
"Nanger dama mhorr","Nanger dama","mhorr","Mhorr Gazelle","Bovidae","QGH17-04511/barcelona/12963","CAPTIVE","F","Primary",NA,NA,NA,NA,NA,"A398",NA,NA,NA,NA,"CR",FALSE,"A398","I_A398",1,FALSE,"Mammalia"
"Nanger dama mhorr","Nanger dama","mhorr","Mhorr Gazelle","Bovidae",NA,NA,NA,"Fibro","DNA","K",NA,NA,"Nanger Dama Mhorr A9","A9","*A9*","L-AD9",NA,NA,"CR",FALSE,"A9","I_A9",1,TRUE,"Mammalia"
"Nanger dama mhorr","Nanger dama","mhorr","Mhorr Gazelle","Bovidae","MIG12-29320182/ BARCELONA / 11263","CAPTIVE","F","Primary",NA,NA,NA,NA,NA,"A447",NA,NA,NA,NA,"CR",FALSE,"A447","I_A447",1,FALSE,"Mammalia"
"Nanger dama mhorr","Nanger dama","mhorr","Mhorr Gazelle","Bovidae","ALM20-00023/: ELCHE SAF / 1789","CAPTIVE","F","Fibro","DNA","RNA",NA,NA,NA,"A468",NA,NA,NA,NA,"CR",FALSE,"A468","I_A468",1,TRUE,"Mammalia"
"Nanger dama mhorr","Nanger dama","mhorr","Mhorr Gazelle","Bovidae","QGH24-06588/: BARCELONA / 14463","CAPTIVE","U","Fibro","DNA","RNA","WGS","RNA-Seq",NA,"A544",NA,"ABA23461","BB1572",NA,"CR",FALSE,"A544","I_A544",1,TRUE,"Mammalia"
"Nanger dama mhorr","Nanger dama","mhorr","Mhorr Gazelle","Bovidae","QGH17-04511 / BARCELONA / 12963",NA,NA,"Fibro","DNA","RNA","WGS","RNA-Seq",NA,"A599",NA,"ABA23417","BB5587",NA,"CR",FALSE,"A599","I_A599",1,TRUE,"Mammalia"
"Nanger dama mhorr","Nanger dama","mhorr","Mhorr Gazelle","Bovidae","MLJ16-01181/MADRID Z / GAD43","CAPTIVE","F","Fibro","RNA",NA,NA,NA,NA,"A632",NA,NA,NA,NA,"CR",FALSE,"A632","I_A632",1,TRUE,"Mammalia"
"Nanger dama mhorr","Nanger dama","mhorr","Mhorr Gazelle","Bovidae","QGH25-07517 / BARCELONA / 15325","CAPTIVE","U","Primary",NA,NA,NA,NA,NA,"A680",NA,NA,NA,NA,"CR",FALSE,"A680","I_A680",1,FALSE,"Mammalia"
"Nanger dama mhorr","Nanger dama","mhorr","Mhorr Gazelle","Bovidae","QGH16-04260 / BARCELONA / 12876","CAPTIVE","F","Primary",NA,NA,NA,NA,NA,"A718",NA,NA,NA,NA,"CR",FALSE,"A718","I_A718",1,FALSE,"Mammalia"
"Nanger dama mhorr","Nanger dama","mhorr","Mhorr Gazelle","Bovidae","QGH16-04019 / BARCELONA / 12685","CAPTIVE","F","Primary",NA,NA,NA,NA,NA,"A724",NA,NA,NA,NA,"CR",FALSE,"A724","I_A724",1,FALSE,"Mammalia"
"Nanger dama mhorr","Nanger dama","mhorr","Mhorr Gazelle","Bovidae","QGH26-08181/ BARCELONA / 15962","CAPTIVE","F","Primary",NA,NA,NA,NA,NA,"A801",NA,NA,NA,NA,"CR",FALSE,"A801","I_A801",1,FALSE,"Mammalia"
"Gazella dorcas","Gazella dorcas",NA,"Dorcas Gazelle","Bovidae","MIG12-29435084/BARCELONA11047","CAPTIVE","M","Fibro","K","WGS","RNA-Seq",NA,"Gazella Dorcas A18","A18","*A18*","L-AD18","BB5623",NA,"VU",FALSE,"A18","I_A18",1,TRUE,"Mammalia"
"Gazella dorcas","Gazella dorcas",NA,"Dorcas Gazelle","Bovidae","WKP15-00424/BARCELONA13589","CAPTIVE","M","Fibro","K",NA,NA,NA,"Gazella Dorcas A148","A148","*A148*",NA,NA,"https://www.iucnredlist.org/species/8969/50186334","VU",FALSE,"A148","I_A148",1,TRUE,"Mammalia"
"Gazella dorcas","Gazella dorcas",NA,"Dorcas Gazelle","Bovidae","FRW18-00814/JEREZ / GDO333","CAPTIVE","F","Primary",NA,NA,NA,NA,NA,"A96",NA,NA,NA,"https://animaldiversity.org/accounts/Gazella_dorcas/","VU",FALSE,"A96","I_A96",1,FALSE,"Mammalia"
"Gazella dorcas","Gazella dorcas",NA,"Dorcas Gazelle","Bovidae","QGH16-04140","CAPTIVE","M","Fibro",NA,NA,NA,NA,NA,"A283","*A283*",NA,NA,NA,"VU",FALSE,"A283","I_A283",1,TRUE,"Mammalia"
"Gazella dorcas","Gazella dorcas",NA,"Dorcas Gazelle","Bovidae","MIG12-29435079","CAPTIVE","F","Fibro","DNA",NA,NA,NA,NA,"A21","*A21*","L-AD21",NA,NA,"VU",FALSE,"A21","I_A21",1,TRUE,"Mammalia"
"Gazella dorcas","Gazella dorcas",NA,"Dorcas Gazelle","Bovidae","QGH18-04728/BARCELONA / 13096","CAPTIVE","M","Fibro","K",NA,NA,NA,"Gazella Dorcas A167","A167","*A167*",NA,NA,NA,"VU",FALSE,"A167","I_A167",1,TRUE,"Mammalia"
"Gazella dorcas","Gazella dorcas",NA,"Dorcas Gazelle","Bovidae","QGH2306333-IA","CAPTIVE","U","Primary",NA,NA,NA,NA,NA,"A456",NA,NA,NA,NA,"VU",FALSE,"A456","I_A456",1,FALSE,"Mammalia"
"Gazella dorcas","Gazella dorcas",NA,"Dorcas Gazelle","Bovidae","QGH23-06339/BARCELONA / 14280","CAPTIVE","F","Fibro",NA,NA,NA,NA,NA,"A465",NA,NA,NA,NA,"VU",FALSE,"A465","I_A465",1,TRUE,"Mammalia"
"Gazella dorcas","Gazella dorcas",NA,"Dorcas Gazelle","Bovidae",NA,NA,NA,"Fibro","DNA","RNA",NA,NA,NA,"A523",NA,NA,NA,NA,"VU",FALSE,"A523","I_A523",1,TRUE,"Mammalia"
"Gazella dorcas","Gazella dorcas",NA,"Dorcas Gazelle","Bovidae","MIG12-29435068 / BARCELONA / 11110","CAPTIVE","F","Fibro","DNA","WGS",NA,NA,NA,"A589",NA,"A589_1",NA,NA,"VU",FALSE,"A589","I_A589",1,TRUE,"Mammalia"
"Gazella dorcas","Gazella dorcas",NA,"Dorcas Gazelle","Bovidae","MIG12-29435074/BARCELONA / 10897","CAPTIVE","F","Fibro",NA,NA,NA,NA,NA,"A691",NA,NA,NA,NA,"VU",FALSE,"A691","I_A691",1,TRUE,"Mammalia"
"Gazella dorcas","Gazella dorcas",NA,"Dorcas Gazelle","Bovidae","QGH17-04698/BARCELONA / 13077","CAPTIVE","F","Primary",NA,NA,NA,NA,NA,"A783",NA,NA,NA,NA,"VU",FALSE,"A783","I_A783",1,FALSE,"Mammalia"
"Gazella dorcas","Gazella dorcas",NA,"Dorcas Gazelle","Bovidae","QGH17-04513/ BARCELONA / 12965","CAPTIVE","F","Primary",NA,NA,NA,NA,NA,"A798",NA,NA,NA,NA,"VU",FALSE,"A798","I_A798",1,FALSE,"Mammalia"
"Aepyceros melampus","Aepyceros melampus",NA,"Impala","Bovidae","QGH21-05797","CAPTIVE","U","Primary",NA,NA,NA,NA,NA,"A166",NA,NA,NA,NA,"LC",FALSE,"A166","I_A166",1,FALSE,"Mammalia"
"Aepyceros melampus","Aepyceros melampus",NA,"Impala","Bovidae","QGH20-05395","CAPTIVE","M","Fibro",NA,NA,NA,NA,NA,"A280",NA,NA,NA,"https://www.ncbi.nlm.nih.gov/Taxonomy/Browser/wwwtax.cgi?mode=Info&id=9897","LC",FALSE,"A280","I_A280",1,TRUE,"Mammalia"
"Aepyceros melampus","Aepyceros melampus",NA,"Impala","Bovidae","QGH19-05174/BARCELONA13498","CAPTIVE","M","Fibro","DNA","K","RNA","WGS",NA,"A67","*A67*","ABA23453","BB1567","https://www.iucnredlist.org/species/550/50180828","LC",FALSE,"A67","I_A67",1,TRUE,"Mammalia"
"Aepyceros melampus","Aepyceros melampus",NA,"Impala","Bovidae","QGH19-05221/BARCELONA13544","CAPTIVE","F","Fibro","K",NA,NA,NA,"Aepyceros melampus A129","A129","*A129*",NA,NA,"https://animaldiversity.org/accounts/Aepyceros_melampus/","LC",FALSE,"A129","I_A129",1,TRUE,"Mammalia"
"Aepyceros melampus","Aepyceros melampus",NA,"Impala","Bovidae","QGH21-05739/BARCELONA13905","CAPTIVE","U","Primary",NA,NA,NA,NA,NA,"A147",NA,NA,NA,"https://costarica.inaturalist.org/taxa/120012-Aepyceros-melampus-petersi","LC",FALSE,"A147","I_A147",1,FALSE,"Mammalia"
"Aepyceros melampus","Aepyceros melampus",NA,"Impala","Bovidae","QGH22-06136/BARCELONA / 14160","CAPTIVE","M","Fibro","DNA",NA,NA,NA,NA,"A425","*A425*",NA,NA,NA,"LC",FALSE,"A425","I_A425",1,TRUE,"Mammalia"
"Aepyceros melampus","Aepyceros melampus",NA,"Impala","Bovidae","QGH18-04846/BARCELONA / 13168","CAPTIVE","F","Fibro","DNA","RNA","WGS","RNA-Seq",NA,"A583",NA,"ABA20123","BB1588",NA,"LC",FALSE,"A583","I_A583",1,TRUE,"Mammalia"
"Aepyceros melampus","Aepyceros melampus",NA,"Impala","Bovidae","QGH24-06755 / BARCELONA / 14616","CAPTIVE","F","Fibro","DNA",NA,NA,NA,NA,"A588",NA,NA,NA,NA,"LC",FALSE,"A588","I_A588",1,TRUE,"Mammalia"
"Aepyceros melampus","Aepyceros melampus",NA,"Impala","Bovidae",NA,"CAPTIVE","U","Primary",NA,NA,NA,NA,NA,"A839",NA,NA,NA,NA,"LC",FALSE,"A839","I_A839",1,FALSE,"Mammalia"
"Oryx gazella","Oryx gazella",NA,"Gemsbok","Bovidae","ORGA-02",NA,NA,"Fibro","DNA","K","RNA","WGS","Oryx gazele A78","A78","*A78*","ABA23486","BB1576","https://www.iucnredlist.org/species/15573/166485425","LC",FALSE,"A78","I_A78",1,TRUE,"Mammalia"
"Gazella cuvieri","Gazella cuvieri",NA,"Cuvier's Gazelle","Bovidae",NA,NA,NA,"Fibro","DNA","RNA","RNA-Seq","WGS",NA,"A79","*A79*","ABA20158","BB5624","https://www.iucnredlist.org/species/8967/50186003","VU",FALSE,"A79","I_A79",1,TRUE,"Mammalia"
"Oryx dammah","Oryx dammah",NA,"Scimitar-horned Oryx","Bovidae","17968259/BARCELONA6321","CAPTIVE","F","Fibro","K","DNA","RNA","WGS","Oryx dammah A169","A169","*A169*","ORGONE_21","BB5589","https://www.iucnredlist.org/species/15568/50191470","EW",TRUE,"A169","I_A169",1,TRUE,"Mammalia"
"Oryx dammah","Oryx dammah",NA,"Scimitar-horned Oryx","Bovidae","QGH20-05339","CAPTIVE","F","Fibro","K","DNA","RNA","WGS",NA,"A245","*A245*","ABA23231","BB5590","https://www.ncbi.nlm.nih.gov/Taxonomy/Browser/wwwtax.cgi?id=59534","EW",FALSE,"A245","I_A245",1,TRUE,"Mammalia"
"Oryx dammah","Oryx dammah",NA,"Scimitar-horned Oryx","Bovidae","QGH20-05394","CAPTIVE","M","Primary",NA,NA,NA,NA,NA,"A246",NA,NA,NA,"https://animaldiversity.org/accounts/Oryx_dammah/","EW",FALSE,"A246","I_A246",1,FALSE,"Mammalia"
"Oryx dammah","Oryx dammah",NA,"Scimitar-horned Oryx","Bovidae","SVT16-02905/BARCELONA / 13281","CAPTIVE","M","Fibro",NA,NA,NA,NA,NA,"A777",NA,NA,NA,NA,"EW",FALSE,"A777","I_A777",1,TRUE,"Mammalia"
"Addax nasomaculatus","Addax nasomaculatus",NA,"Addax","Bovidae",NA,NA,NA,"PBMc",NA,NA,NA,NA,NA,"A201","*A201*",NA,NA,"https://www.iucnredlist.org/species/512/50180603","CR",FALSE,"A201","I_A201",1,TRUE,"Mammalia"
"Addax nasomaculatus","Addax nasomaculatus",NA,"Addax","Bovidae","-",NA,NA,"PBMc",NA,NA,NA,NA,NA,"A74","*A74*",NA,NA,"https://www.ncbi.nlm.nih.gov/Taxonomy/Browser/wwwtax.cgi","CR",FALSE,"A74","I_A74",1,TRUE,"Mammalia"
"Connochaetes taurinus","Connochaetes taurinus",NA,"Blue Wildebeest","Bovidae","19494545/BARCELONA9345","CAPTIVE","M","Fibro","DNA","K","RNA","WGS","Connochaetes taurinus A182","A182","*A182*","ABA23484","BB1539","https://www.iucnredlist.org/species/5229/163322525","LC",FALSE,"A182","I_A182",1,TRUE,"Mammalia"
"Connochaetes gnou","Connochaetes gnou",NA,"Black Wildebeest","Bovidae","MIG12-29654178/MADRID Z / NCB28","CAPTIVE","M","Fibro","DNA","WGS",NA,NA,NA,"A204","*A204*","ABA23293",NA,"https://www.iucnredlist.org/species/5228/50184962","LC",FALSE,"A204","I_A204",1,TRUE,"Mammalia"
"Connochaetes gnou","Connochaetes gnou",NA,"Black Wildebeest","Bovidae","-",NA,NA,"PBMc",NA,NA,NA,NA,NA,"A7","*A7*",NA,NA,"https://animaldiversity.org/accounts/Connochaetes_gnou/","LC",FALSE,"A7","I_A7",1,TRUE,"Mammalia"
"Tragelaphus spekii","Tragelaphus spekii",NA,"Sitatunga","Bovidae","MIG12-28842211","CAPTIVE",NA,"Primary",NA,NA,NA,NA,NA,"A115",NA,NA,NA,"https://www.iucnredlist.org/species/22050/115164901","LC",FALSE,"A115","I_A115",1,FALSE,"Mammalia"
"Tragelaphus spekii","Tragelaphus spekii",NA,"Sitatunga","Bovidae",NA,NA,NA,"Fibro",NA,NA,NA,NA,NA,"A221","*A221*",NA,NA,"https://animaldiversity.org/accounts/Tragelaphus_spekii/","LC",FALSE,"A221","I_A221",1,TRUE,"Mammalia"
"Kobus leche","Kobus leche",NA,"Kobus leche","Bovidae","-",NA,NA,"PBMc",NA,NA,NA,NA,NA,"A136","*A136*",NA,NA,"https://www.iucnredlist.org/species/11033/50189021","NT",FALSE,"A136","I_A136",1,TRUE,"Mammalia"
"Bison bonasus","Bison bonasus",NA,"Bison","Bovidae","27918709/MADRID Z / BE19","CAPTIVE","F","Fibro","K","DNA","RNA","WGS","Bison bonasus A172","A172","*A172*","ABA20130","BB5561","https://www.iucnredlist.org/species/2814/45156279","NT",FALSE,"A172","I_A172",1,TRUE,"Mammalia"
"Bison bonasus","Bison bonasus",NA,"Bison","Bovidae","26854224","CAPTIVE","F","Fibro","DNA","RNA","SEQ",NA,NA,"A307","*A307*","ABA23232","BB5562","https://animaldiversity.org/accounts/Bison_bonasus/","NT",FALSE,"A307","I_A307",1,TRUE,"Mammalia"
"Bison bonasus","Bison bonasus",NA,"Bison","Bovidae","-",NA,NA,"PBMc",NA,NA,NA,NA,NA,"A137","*A137*",NA,NA,"https://www.ncbi.nlm.nih.gov/Taxonomy/Browser/wwwtax.cgi?lvl=0&id=9902","NT",FALSE,"A137","I_A137",1,TRUE,"Mammalia"
"Bison bison","Bison bison",NA,"American bison","Bovidae","27917966/MADRID Z / BA12","CAPTIVE","F","Primary",NA,NA,NA,NA,NA,"A497",NA,NA,NA,"https://www.iucnredlist.org/species/2815/123789863","NT",FALSE,"A497","I_A497",1,FALSE,"Mammalia"
"Bison bison","Bison bison",NA,"American bison","Bovidae","MIG12-29480582/MADRID Z / BA13","CAPTIVE","M","Primary",NA,NA,NA,NA,NA,"A498",NA,NA,NA,NA,"NT",FALSE,"A498","I_A498",1,FALSE,"Mammalia"
"Bison bison","Bison bison",NA,"American bison","Bovidae","27921795/: MADRID Z / BA11","CAPTIVE","M","Fibro","DNA","RNA",NA,NA,NA,"A507",NA,NA,NA,NA,"NT",FALSE,"A507","I_A507",1,TRUE,"Mammalia"
"Tragelaphus eurycerus","Tragelaphus eurycerus",NA,"Bongo","Bovidae","MIG12-28671173/BARCELONA / 11159","CAPTIVE","M","Fibro","DNA",NA,NA,NA,NA,"A427","*A427*",NA,NA,"https://animaldiversity.org/accounts/Tragelaphus_eurycerus/","NT",FALSE,"A427","I_A427",1,TRUE,"Mammalia"
"Tragelaphus eurycerus","Tragelaphus eurycerus",NA,"Bongo","Bovidae","QGH19-05305/BARCELONA / 13622","CAPTIVE","F","Primary",NA,NA,NA,NA,NA,"A146",NA,NA,NA,NA,"NT",FALSE,"A146","I_A146",1,FALSE,"Mammalia"
"Ammotragus lervia fassini","Ammotragus lervia","fassini","Barbary Sheep","Bovidae","QGH20-05470-IA","-","M","Fibro","RNA","DNA",NA,NA,NA,"A45","*A45*",NA,NA,"https://www.iucnredlist.org/species/1151/3288917","VU",FALSE,"A45","I_A45",1,TRUE,"Mammalia"
"Ammotragus lervia fassini","Ammotragus lervia","fassini","Barbary Sheep","Bovidae","QGH20-05466","CAPTIVE","U","Primary",NA,NA,NA,NA,NA,"A44","*A44*",NA,NA,"https://animaldiversity.org/accounts/Ammotragus_lervia/","VU",FALSE,"A44","I_A44",1,FALSE,"Mammalia"
"Ammotragus lervia fassini","Ammotragus lervia","fassini","Barbary Sheep","Bovidae","QGH20-05469-IA","-","M","Fibro","DNA","K",NA,NA,"Ammotragus lervia fassini A46","A46","*A46*",NA,NA,"https://www.ncbi.nlm.nih.gov/Taxonomy/Browser/wwwtax.cgi?id=9899","VU",FALSE,"A46","I_A46",1,TRUE,"Mammalia"
"Ammotragus lervia fassini","Ammotragus lervia","fassini","Barbary Sheep","Bovidae","QGH21-05618","-","U","Fibro","DNA","K",NA,NA,"Ammotragus lervia fassini A94","A94","*A94*",NA,NA,NA,"VU",FALSE,"A94","I_A94",1,TRUE,"Mammalia"
"Ammotragus lervia fassini","Ammotragus lervia","fassini","Barbary Sheep","Bovidae","QGH24-06746 / BARCELONA / 14609","-",NA,"Fibro","DNA","RNA","WGS","RNA-Seq",NA,"A572",NA,"ABA19320/A572_1","BB5560",NA,"VU",FALSE,"A572","I_A572",1,TRUE,"Mammalia"
"Ammotragus lervia fassini","Ammotragus lervia","fassini","Barbary Sheep","Bovidae","MIG12-29480520/MADRID Z / ARR232","CAPTIVE","F","Primary",NA,NA,NA,NA,NA,"A612",NA,NA,NA,NA,"VU",FALSE,"A612","I_A612",1,FALSE,"Mammalia"
"Ammotragus lervia fassini","Ammotragus lervia","fassini","Barbary Sheep","Bovidae","27918006/MADRID Z / ARR284","CAPTIVE","M","Fibro",NA,NA,NA,NA,NA,"A638",NA,NA,NA,NA,"VU",FALSE,"A638","I_A638",1,TRUE,"Mammalia"
"Ammotragus lervia fassini","Ammotragus lervia","fassini","Barbary Sheep","Bovidae","QGH13-01130/BARCELONA / 11920","CAPTIVE","F","Primary",NA,NA,NA,NA,NA,"A792",NA,NA,NA,NA,"VU",FALSE,"A792","I_A792",1,FALSE,"Mammalia"
"Capra hircus","Capra hircus",NA,"Domestic goat","Bovidae","QGH22-05906-IA","-","F","Fibro","DNA","RNA","WGS","RNA-Seq",NA,"A262","*A262*","ABA23456","BB1583",NA,"NA",FALSE,"A262","I_A262",1,TRUE,"Mammalia"
"Capra hircus","Capra hircus",NA,"Domestic goat","Bovidae","QGH22-05914","CAPTIVE","M","Fibro","DNA","RNA","WGS","RNA-Seq",NA,"A270","*A270*","ABA23496","BB5564",NA,"NA",FALSE,"A270","I_A270",1,TRUE,"Mammalia"
"Capra hircus","Capra hircus",NA,"Domestic goat","Bovidae","QGH12-00146","CAPTIVE","F","Primary",NA,NA,NA,NA,NA,"A366",NA,NA,NA,NA,"NA",FALSE,"A366","I_A366",1,FALSE,"Mammalia"
"Capra hircus","Capra hircus",NA,"Domestic goat","Bovidae","MIG12-28734872/BARCELONA / 10281","CAPTIVE","F","Primary",NA,NA,NA,NA,NA,"A657",NA,NA,NA,NA,"NA",FALSE,"A657","I_A657",1,FALSE,"Mammalia"
"Capra hircus","Capra hircus",NA,"Domestic goat","Bovidae","QGH15-02260/BARCELONA / 12407","CAPTIVE","M","Fibro",NA,NA,NA,NA,NA,"A781",NA,NA,NA,NA,"NA",FALSE,"A781","I_A781",1,TRUE,"Mammalia"
"Capra pyrenaica hispanica","Capra pyrenaica","hispanica","Spanish ibex","Bovidae","VCF19-03044/ADRID Z / CAH18","CAPTIVE","M","Fibro","DNA","RNA","WGS","RNA-Seq",NA,"A470",NA,"ABA23482","BB5565",NA,"LC",FALSE,"A470","I_A470",1,TRUE,"Mammalia"
"Beatragus hunteri","Beatragus hunteri",NA,"Hirola","Bovidae","-",NA,NA,"Fibro","DNA","RNA","WGS","RNA-Seq",NA,"A374","*A374*","ORGONE_25/ABA23459","BB1546","https://www.iucnredlist.org/species/6234/50185297","CR",FALSE,"A374","I_A374",1,TRUE,"Mammalia"
"Bos grunniens","Bos grunniens",NA,"Domestic yak","Bovidae","27917608/MADRID Z / Y12","CAPTIVE","F","Fibro","DNA","RNA","RNA-Seq",NA,NA,"A424","*A424*",NA,"BB1565","https://www.iucnredlist.org/species/2892/101293528","VU",FALSE,"A424","I_A424",1,TRUE,"Mammalia"
"Bos grunniens","Bos grunniens",NA,"Domestic yak","Bovidae","27917621/MADRID Z / Y13","CAPTIVE","F","Fibro","DNA","RNA","WGS","RNA-Seq",NA,"A495",NA,"ABA20129","BB1552",NA,"VU",FALSE,"A495","I_A495",1,TRUE,"Mammalia"
"Ovis aries musimon","Ovis aries","musimon","Mouflon","Bovidae","2791786/MADRID Z / MUF30","CAPTIVE","F","Fibro","DNA","RNA",NA,NA,NA,"A471",NA,NA,NA,NA,"NA",FALSE,"A471","I_A471",1,TRUE,"Mammalia"
"Ovis aries musimon","Ovis aries","musimon","Mouflon","Bovidae","27917788/ MADRID Z / MUF45","CAPTIVE","F","Fibro","DNA","RNA","WGS","RNA-Seq",NA,"A474",NA,"ABA23429","BB5593",NA,"NA",FALSE,"A474","I_A474",1,TRUE,"Mammalia"
"Ovis aries musimon","Ovis aries","musimon","Mouflon","Bovidae","26633923/ BARCELONA / 10437","CAPTIVE","F","Fibro","DNA","RNA","WGS","RNA-Seq",NA,"A511",NA,"ABA23497","BB1562",NA,"NA",FALSE,"A511","I_A511",1,TRUE,"Mammalia"
"Ovis aries musimon","Ovis aries","musimon","Mouflon","Bovidae","26633924/10440","CAPTIVE","F","Fibro",NA,NA,NA,NA,NA,"A735",NA,NA,NA,NA,"NA",FALSE,"A735","I_A735",1,TRUE,"Mammalia"
"Eudorcas thomsonii","Eudorcas thomsonii",NA,"Thomson's Gazelle","Bovidae",NA,"CAPTIVE","U","Primary",NA,NA,NA,NA,NA,"A841",NA,NA,NA,"https://www.iucnredlist.org/species/8982/172360006","LC",FALSE,"A841","I_A841",1,FALSE,"Mammalia"
"Rangifer tarandus","Rangifer tarandus",NA,"Reindeer","Cervidae","MIG12-29480586/MADRID Z / RE81","CAPTIVE","F","Fibro",NA,NA,NA,NA,NA,"A208","*A208*",NA,NA,"https://www.iucnredlist.org/species/29742/22167140","VU",FALSE,"A208","I_A208",1,TRUE,"Mammalia"
"Rangifer tarandus","Rangifer tarandus",NA,"Reindeer","Cervidae","MIG12-29480614/: MADRID Z / RE89","CAPTIVE","M","Fibro","DNA","RNA","WGS","RNA-Seq",NA,"A475",NA,"ABA23413","BB5602","https://animaldiversity.org/accounts/Rangifer_tarandus/","VU",FALSE,"A475","I_A475",1,TRUE,"Mammalia"
"Rangifer tarandus","Rangifer tarandus",NA,"Reindeer","Cervidae","WKP19-01709/: MADRID Z / RE106","CAPTIVE","F","Fibro","DNA","WGS","RNA-Seq",NA,NA,"A493",NA,"ABA23504","BB1570","https://www.ncbi.nlm.nih.gov/Taxonomy/Browser/wwwtax.cgi?mode=Info&id=86327&lvl=3&lin=f&keep=1&srchmode=1&unlock","VU",FALSE,"A493","I_A493",1,TRUE,"Mammalia"
"Rangifer tarandus","Rangifer tarandus",NA,"Reindeer","Cervidae","WKP25-02146/MADRID Z / RE119","CAPTIVE","F","Fibro","DNA",NA,NA,NA,NA,"A694",NA,NA,NA,NA,"VU",FALSE,"A694","I_A694",1,TRUE,"Mammalia"
"Axis axis","Axis axis",NA,"Spotted deer","Cervidae","QGH14-02142","-","F","Fibro","DNA","WGS",NA,NA,NA,"A239","*A239*","ABA20134",NA,"https://www.iucnredlist.org/species/41783/22158006","LC",FALSE,"A239","I_A239",1,TRUE,"Mammalia"
"Axis axis","Axis axis",NA,"Spotted deer","Cervidae","QGH14-02143 / BARCELONA / 12284",NA,NA,"Fibro","DNA","WGS","RNA-Seq",NA,NA,"A574",NA,"ABA23495","BB5609",NA,"LC",FALSE,"A574","I_A574",1,TRUE,"Mammalia"
"Elaphurus davidianus","Elaphurus davidianus",NA,"Père David's deer","Cervidae","23574543/BARCELONA255","CAPTIVE","F","Fibro","DNA","RNA","WGS",NA,NA,"A271","*A271*","ORGONE_22",NA,"https://www.iucnredlist.org/species/7121/22159785","EW",FALSE,"A271","I_A271",1,TRUE,"Mammalia"
"Elaphurus davidianus","Elaphurus davidianus",NA,"Père David's deer","Cervidae","MIG12-28066865/BARCELONA / 10882","CAPTIVE","F","Fibro","DNA","RNA","RNA-Seq",NA,NA,"A382","*A382*",NA,"BB5572","https://animaldiversity.org/accounts/Elaphurus_davidianus/","EW",FALSE,"A382","I_A382",1,TRUE,"Mammalia"
"Elaphurus davidianus","Elaphurus davidianus",NA,"Père David's deer","Cervidae","MIG12-29480578/MADRID Z / CP15","CAPTIVE","F","Fibro","DNA","RNA",NA,NA,NA,"A418","*A418*",NA,NA,NA,"EW",FALSE,"A418","I_A418",1,TRUE,"Mammalia"
"Elaphurus davidianus","Elaphurus davidianus",NA,"Père David's deer","Cervidae","WKP19-01706/MADRID Z / CP33","CAPTIVE","M","Fibro","DNA","RNA","WGS","RNA-Seq",NA,"A482",NA,"ABA23487","BB1560",NA,"EW",FALSE,"A482","I_A482",1,TRUE,"Mammalia"
"Elaphurus davidianus","Elaphurus davidianus",NA,"Père David's deer","Cervidae","WKP14-00376/MADRID Z / CP28","CAPTIVE","M","Fibro",NA,NA,NA,NA,NA,"A705",NA,NA,NA,NA,"EW",FALSE,"A705","I_A705",1,TRUE,"Mammalia"
"Dama dama","Dama dama",NA,"Fallow deer","Cervidae","MIG12-29480644/MADRID Z / GAM53","CAPTIVE","F","Fibro",NA,NA,NA,NA,NA,"A284","*A284*",NA,NA,"https://www.iucnredlist.org/species/42188/10656554","LC",FALSE,"A284","I_A284",1,TRUE,"Mammalia"
"Dama dama","Dama dama",NA,"Fallow deer","Cervidae","MIG12-29480647/MADRID Z / GAM6","CAPTIVE","F","Fibro","DNA","WGS",NA,NA,NA,"A611",NA,"ABA20163",NA,"https://animaldiversity.org/accounts/Dama_dama/","LC",FALSE,"A611","I_A611",1,TRUE,"Mammalia"
"Muntiacus reevesi","Muntiacus reevesi",NA,"Muntiacus reevesi","Cervidae","WKP13-00240/MADRID Z / MU9","CAPTIVE","F","Fibro","DNA","RNA","WGS","RNA-Seq",NA,"A446","*A446*","ABA23485","BB1557",NA,"LC",FALSE,"A446","I_A446",1,TRUE,"Mammalia"
"Muntiacus reevesi","Muntiacus reevesi",NA,"Muntiacus reevesi","Cervidae","QGH12-00063/ BARCELONA / 11486","CAPTIVE","M","Fibro","DNA","RNA","WGS",NA,NA,"A615",NA,"ABA23922",NA,NA,"LC",FALSE,"A615","I_A615",1,TRUE,"Mammalia"
"Muntiacus muntjak","Muntiacus muntjak",NA,"Southern Red Muntjac","Cervidae","CGM20-00829/ PARQNATUR / 943","CAPTIVE","M","Fibro","DNA","RNA","WGS",NA,NA,"A609",NA,"ABA20155",NA,NA,"LC",FALSE,"A609","I_A609",1,TRUE,"Mammalia"
"Muntiacus muntjak","Muntiacus muntjak",NA,"Southern Red Muntjac","Cervidae","WKP14-00377/MADRID Z / MU10","CAPTIVE","M","Primary",NA,NA,NA,NA,NA,"A733",NA,NA,NA,NA,"LC",FALSE,"A733","I_A733",1,FALSE,"Mammalia"
"Giraffa camelopardalis","Giraffa camelopardalis",NA,"Rothschilds giraffe/Angolesis Giraffe","Giraffidae","ELCHE SAF / 1397","CAPTIVE","F","Fibro","DNA","K","RNA","RNA-Seq","Giraffa camelopardalis  A48","A48","*A48*",NA,"BB5578","https://www.iucnredlist.org/species/9194/136266699","VU",FALSE,"A48","I_A48",1,TRUE,"Mammalia"
"Giraffa camelopardalis","Giraffa camelopardalis",NA,"Rothschilds giraffe/Angolesis Giraffe","Giraffidae","-",NA,NA,"Fibro","K","DNA","RNA","WGS","Giraffa camelopardalis A12","A12","*A12*","L-AD12","BB5577","https://animaldiversity.org/accounts/Giraffa_camelopardalis/","VU",FALSE,"A12","I_A12",1,TRUE,"Mammalia"
"Hexaprotodon liberiensis","Hexaprotodon liberiensis",NA,"Pygmi Hippopotamus","Hippopotamidae","8759764","CAPTIVE","F","Fibro","DNA","K","RNA","WGS","Choeropsis liberiensis A37","A37","*A37*","ABA23478","BB1569","https://www.iucnredlist.org/species/10032/18567171","EN",FALSE,"A37","I_A37",1,TRUE,"Mammalia"
"Hippopotamus amphibius","Hippopotamus amphibius",NA,"Hippopotamus","Hippopotamidae","MIG12-10970252/BIOPARCVA / V08358","CAPTIVE","M","Fibro","DNA","RNA",NA,NA,NA,"A504",NA,NA,NA,"https://www.iucnredlist.org/species/10103/18567364","VU",FALSE,"A504","I_A504",1,TRUE,"Mammalia"
"Hippopotamus amphibius","Hippopotamus amphibius",NA,"Hippopotamus","Hippopotamidae","QGH24-06625 - BARCELONA / 14498","CAPTIVE","F","Fibro","DNA","RNA","WGS","RNA-Seq",NA,"A593",NA,"ABA20106","BB5628",NA,"VU",FALSE,"A593","I_A593",1,TRUE,"Mammalia"
"Camelus bactrianus","Camelus bactrianus",NA,"Bactrian Camel","Camelidae","MIG12-28066788/BARCELONA / 8336","CAPTIVE","M","Fibro","DNA","RNA","WGS","RNA-Seq",NA,"A143","*A143*","ABA23454","BB5563","https://www.iucnredlist.org/species/63543/12689285","CR",FALSE,"A143","I_A143",1,TRUE,"Mammalia"
"Camelus bactrianus","Camelus bactrianus",NA,"Bactrian Camel","Camelidae","22395398/22395398","UNKNOWN","F","Fibro","DNA","RNA","WGS","RNA-Seq",NA,"A514",NA,"ABA23488","BB1573","https://www.ncbi.nlm.nih.gov/Taxonomy/Browser/wwwtax.cgi?mode=info&id=9837","CR",FALSE,"A514","I_A514",1,TRUE,"Mammalia"
"Lama guanicoe","Lama guanicoe",NA,"Guanaco","Camelidae","17963810/BARCELONA / 5541","CAPTIVE","F","Fibro",NA,NA,NA,NA,NA,"A168","*A168*",NA,NA,"https://www.iucnredlist.org/species/11186/18540211","LC",FALSE,"A168","I_A168",1,TRUE,"Mammalia"
"Lama guanicoe","Lama guanicoe",NA,"Guanaco","Camelidae",NA,NA,NA,"Fibro","DNA",NA,NA,NA,NA,"A31","*A31*",NA,NA,"https://animaldiversity.org/accounts/Lama_guanicoe/","LC",FALSE,"A31","I_A31",1,TRUE,"Mammalia"
"Lama guanicoe","Lama guanicoe",NA,"Guanaco","Camelidae","18263842/BARCELONA / 9576","CAPTIVE","F","Primary",NA,NA,NA,NA,NA,"A429",NA,NA,NA,"https://www.ncbi.nlm.nih.gov/Taxonomy/Browser/wwwtax.cgi?id=273910","LC",FALSE,"A429","I_A429",1,FALSE,"Mammalia"
"Lama guanicoe","Lama guanicoe",NA,"Guanaco","Camelidae","27917801/MADRID Z / GNO18","CAPTIVE","M","Fibro",NA,NA,NA,NA,NA,"A659",NA,NA,NA,NA,"LC",FALSE,"A659","I_A659",1,TRUE,"Mammalia"
"Sus scrofa","Sus scrofa",NA,"Wild boar","Suidae","27918154/MADRID Z / JB24","CAPTIVE","F","Fibro","DNA","RNA-Seq",NA,NA,NA,"A159",NA,NA,"BB5605",NA,"LC",FALSE,"A159","I_A159",1,TRUE,"Mammalia"
"Sus scrofa","Sus scrofa",NA,"Wild boar","Suidae","WKP12-0003/MADRID Z / CEEN2","CAPTIVE","F","Fibro","DNA","RNA","WGS","RNA-Seq",NA,"A529",NA,"ABA23508","BB1553","https://www.iucnredlist.org/species/41775/44141833","LC",FALSE,"A529","I_A529",1,TRUE,"Mammalia"
"Phacochoerus africanus","Phacochoerus africanus",NA,"Warthog","Suidae","MIG12-29239592/BARCELONA / 11035","CAPTIVE","F","Fibro","DNA","RNA","RNA-Seq",NA,NA,"A288","*A288*",NA,"BB1585","https://www.iucnredlist.org/species/41768/109669842","LC",FALSE,"A288","I_A288",1,TRUE,"Mammalia"
"Phacochoerus africanus","Phacochoerus africanus",NA,"Warthog","Suidae","26179436/BARCELONA / 10958 / 10958","CAPTIVE","F","Fibro","DNA","RNA","RNA-Seq",NA,NA,"A289","*A289*",NA,"BB1584",NA,"LC",FALSE,"A289","I_A289",1,TRUE,"Mammalia"
"Phacochoerus africanus","Phacochoerus africanus",NA,"Warthog","Suidae","MIG12-28621074","CAPTIVE","M","Fibro","RNA","K","RNA-Seq",NA,"Phacochoerus africa A247nus","A247","*A247*",NA,"BB1530",NA,"LC",FALSE,"A247","I_A247",1,TRUE,"Mammalia"
"Phacochoerus africanus","Phacochoerus africanus",NA,"Warthog","Suidae","26179436/BARCELONA / 10958","CAPTIVE","F","Fibro","DNA","RNA-Seq",NA,NA,NA,"A423","*A423*",NA,"BB5599",NA,"LC",FALSE,"A423","I_A423",1,TRUE,"Mammalia"
"Phacochoerus africanus","Phacochoerus africanus",NA,"Warthog","Suidae","QGH12-00239/ BARCELONA / 11670","CAPTIVE","M","Primary","iPSCs",NA,NA,NA,NA,"A534",NA,NA,NA,NA,"LC",TRUE,"A534","I_A534",1,FALSE,"Mammalia"
"Potamochoerus porcus","Potamochoerus porcus",NA,"Red River Hog","Suidae","MIG12-28806139","CAPTIVE","M","Fibro",NA,NA,NA,NA,NA,"A348","*A348*",NA,NA,"https://www.iucnredlist.org/species/41771/100469961","LC",FALSE,"A348","I_A348",1,TRUE,"Mammalia"
"Potamochoerus porcus","Potamochoerus porcus",NA,"Red River Hog","Suidae","MIG12-28806138/MADRID Z / POT6","CAPTIVE","M","Fibro","DNA",NA,NA,NA,NA,"A448","*A448*",NA,NA,NA,"LC",FALSE,"A448","I_A448",1,TRUE,"Mammalia"
"Tursiops truncatus","Tursiops truncatus",NA,"Bottlenose dolphin","Delphinidae","MIG12-30088917","WILD","F","Fibro","K","DNA","SEQ",NA,"Tursiops truncatus A4","A4","*A4*","L-AD4",NA,"https://www.iucnredlist.org/species/22563/156932432","LC",FALSE,"A4","I_A4",1,TRUE,"Mammalia"
"Delphinapterus leucas","Delphinapterus leucas",NA,"Beluga Whale","Monodontidae",NA,NA,NA,"Fibro","DNA",NA,NA,NA,NA,"A304","*A304*",NA,NA,NA,"LC",FALSE,"A304","I_A304",1,TRUE,"Mammalia"
"Megaptera novaeangliae","Megaptera novaeangliae",NA,"Humpback Whale","Balaenopteridae","-","WILD",NA,"Fibro","DNA",NA,NA,NA,NA,"A331","*A331*",NA,NA,NA,"LC",FALSE,"A331","I_A331",1,TRUE,"Mammalia"
"Delphinus delphis","Delphinus delphis",NA,"Common Dolphin","Delphinidae","-","WILD",NA,"Primary",NA,NA,NA,NA,NA,"A343","*A343*",NA,NA,NA,"LC",FALSE,"A343","I_A343",1,FALSE,"Mammalia"
"Equus quagga chapmani","Equus quagga","chapmani","Chapman's zebra","Equidae","23422878 - BARCELONA / 6060","CAPTIVE","M","Fibro","RNA","RNA-Seq",NA,NA,NA,"A260",NA,NA,"BB1543","https://www.iucnredlist.org/species/41013/45172424","NT",FALSE,"A260","I_A260",1,TRUE,"Mammalia"
"Equus quagga chapmani","Equus quagga","chapmani","Chapman's zebra","Equidae",NA,NA,NA,"Fibro","K","DNA","RNA","WGS","Equus burchelli chapmanni A15","A15","*A15*","L-AD15","BB1558","https://animaldiversity.org/accounts/Equus_burchellii/","NT",FALSE,"A15","I_A15",1,TRUE,"Mammalia"
"Equus quagga chapmani","Equus quagga","chapmani","Chapman's zebra","Equidae","23422878 - BARCELONA / 6060","CAPTIVE","F","Fibro","DNA",NA,NA,NA,NA,"A629",NA,NA,NA,NA,"NT",FALSE,"A629","I_A629",1,TRUE,"Mammalia"
"Equus quagga burchelli","Equus quagga","burchelli","Burchell's zebra","Equidae","CGM23-01560/PARQNATUR / 1664","CAPTIVE","F","Primary","WGS",NA,NA,NA,NA,"A485",NA,"ABA23950",NA,NA,"NT",FALSE,"A485","I_A485",1,FALSE,"Mammalia"
"Equus quagga burchelli","Equus quagga","burchelli","Burchell's zebra","Equidae","WKP12-00087/MADRID Z / CC24","CAPTIVE","M","Fibro","DNA",NA,NA,NA,NA,"A635",NA,NA,NA,NA,"NT",FALSE,"A635","I_A635",1,TRUE,"Mammalia"
"Equus quagga burchelli","Equus quagga","burchelli","Burchell's zebra","Equidae","27918345/MADRID Z / CC21","CAPTIVE","F","Primary",NA,NA,NA,NA,NA,"A677",NA,NA,NA,NA,"NT",FALSE,"A677","I_A677",1,FALSE,"Mammalia"
"Equus quagga burchelli","Equus quagga","burchelli","Burchell's zebra","Equidae","MADRID Z / CC18","CAPTIVE","M","Fibro",NA,NA,NA,NA,NA,"A709",NA,NA,NA,NA,"NT",FALSE,"A709","I_A709",1,TRUE,"Mammalia"
"Equus ferus","Equus ferus",NA,"Monchio Horse","Equidae","-",NA,NA,"PBMc",NA,NA,NA,NA,NA,"A62","*A62*",NA,NA,NA,"NT",FALSE,"A62","I_A62",1,TRUE,"Mammalia"
"Equus ferus","Equus ferus",NA,"Monchio Horse","Equidae","-",NA,NA,"PBMc",NA,NA,NA,NA,NA,"A63","*A63*",NA,NA,NA,"NT",FALSE,"A63","I_A63",1,TRUE,"Mammalia"
"Equus przewalskii","Equus przewalskii",NA,"Przewalski's horse","Equidae","MQH17-01033/JEREZ / CP13","CAPTIVE","F","Fibro","DNA","RNA",NA,NA,NA,"A308","*A308*","ABA23468","BB1579","https://www.iucnredlist.org/species/41763/97204950","EN",FALSE,"A308","I_A308",1,TRUE,"Mammalia"
"Equus caballus","Equus caballus",NA,"Horse (domestic)","Equidae","27919177/MADRID Z / CMIN1","CAPTIVE","M","Fibro","DNA","RNA","WGS","RMA-Seq",NA,"A489",NA,"ABA20124","BB1586",NA,"EN",FALSE,"A489","I_A489",1,TRUE,"Mammalia"
"Ceratotherium simum","Ceratotherium simum",NA,"Southern white rhinoceros","Rhinocerotidae","MIG12-28325736/ BARCELONA / 8556","CAPTIVE","M","Fibro","DNA","RNA","WGS","RNA-Seq",NA,"A501",NA,"ABA20013","BB5569","https://www.ncbi.nlm.nih.gov/Taxonomy/Browser/wwwtax.cgi?id=9807","NT",FALSE,"A501","I_A501",1,TRUE,"Mammalia"
"Ceratotherium simum","Ceratotherium simum",NA,"Southern white rhinoceros","Rhinocerotidae","19119884/BIOPARCVA / V07018","CAPTIVE","M","Fibro","RNA","DNA",NA,NA,NA,"A506",NA,NA,NA,NA,"NT",FALSE,"A506","I_A506",1,TRUE,"Mammalia"
"Tapirus terrestris","Tapirus terrestris",NA,"Lowland Tapir","Tapiridae","MIG12-28573538/ BARCELONA / 11266","CAPTIVE","M","Fibro","RNA",NA,NA,NA,NA,"A637",NA,NA,NA,"https://www.iucnredlist.org/species/21474/45174127","VU",FALSE,"A637","I_A637",1,TRUE,"Mammalia"
"Tapirus terrestris","Tapirus terrestris",NA,"Lowland Tapir","Tapiridae","MIG12-29917989/ BARCELONA / 9093","CAPTIVE","F","Fibro",NA,NA,NA,NA,NA,"A712",NA,NA,NA,NA,"VU",FALSE,"A712","I_A712",1,TRUE,"Mammalia"
"Panthera leo","Panthera leo",NA,"African Lion","Felidae","QGH16-04155/12780",NA,NA,"Fibro","DNA","RNA","WGS",NA,NA,"A14","*A14*","L-AD14",NA,"https://www.iucnredlist.org/species/15951/115130419","VU",FALSE,"A14","I_A14",1,TRUE,"Mammalia"
"Panthera leo","Panthera leo",NA,"African Lion","Felidae","27181719","CAPTIVE","F","Fibro","K","DNA","RNA","RNA-Seq","Panthera Leo A65","A65/A238","*A65
A238*",NA,"BB1580","https://animaldiversity.org/accounts/Panthera_leo/","VU",FALSE,"A65","I_A65",2,TRUE,"Mammalia"
"Panthera leo","Panthera leo",NA,"African Lion","Felidae","27181719","CAPTIVE","F","Fibro","K","DNA","RNA","RNA-Seq","Panthera Leo A65","A65/A238","*A65
A238*",NA,"BB1580","https://animaldiversity.org/accounts/Panthera_leo/","VU",FALSE,"A238","I_A65",2,TRUE,"Mammalia"
"Panthera leo","Panthera leo",NA,"African Lion","Felidae","MIG12-29591105","CAPTIVE","M","Fibro","K","DNA","WGS",NA,"Panthera Leo A10","A10","*A10*","L-AD10",NA,"https://www.ncbi.nlm.nih.gov/Taxonomy/Browser/wwwtax.cgi","VU",FALSE,"A10","I_A10",1,TRUE,"Mammalia"
"Panthera leo","Panthera leo",NA,"African Lion","Felidae","26384182/BARCELONA / 8891","CAPTIVE","F","Fibro","K","DNA","RNA","WGS","Panthera Leo A13","A13","*A13*","L-AD13","BB1545",NA,"VU",FALSE,"A13","I_A13",1,TRUE,"Mammalia"
"Panthera leo","Panthera leo",NA,"African Lion","Felidae","26130694/BARCELONA / 8939","CAPTIVE","F","Fibro",NA,NA,NA,NA,NA,"A197","*A197*",NA,NA,NA,"VU",FALSE,"A197","I_A197",1,TRUE,"Mammalia"
"Panthera leo","Panthera leo",NA,"African Lion","Felidae","-",NA,NA,"Fibro","DNA",NA,NA,NA,NA,"A296","*A296*",NA,NA,NA,"VU",FALSE,"A296","I_A296",1,TRUE,"Mammalia"
"Panthera leo","Panthera leo",NA,"African Lion","Felidae","DKL20-06264/BARCELONA / 13976","CAPTIVE","F","Fibro","DNA",NA,NA,NA,NA,"A416","*A416*",NA,NA,NA,"VU",FALSE,"A416","I_A416",1,TRUE,"Mammalia"
"Panthera leo","Panthera leo",NA,"African Lion","Felidae","DKL20-06265/:BARCELONA / 13977","CAPTIVE","F","Fibro","DNA",NA,NA,NA,NA,"A417","*A417*",NA,NA,NA,"VU",FALSE,"A417","I_A417",1,TRUE,"Mammalia"
"Panthera leo","Panthera leo",NA,"Asian Lion","Felidae","TFT14-00805 / MADRID Z / LAS1","CAPTIVE","F","Fibro",NA,NA,NA,NA,NA,"A766",NA,NA,NA,NA,"EN",FALSE,"A766","I_A766",1,TRUE,"Mammalia"
"Panthera onca","Panthera onca",NA,"Jaguar","Felidae","RMC17-00248/BARCELONA / 13814","CAPTIVE","F","Fibro","K","DNA","RNA",NA,"Panthera Onca A109","A217/A321/A109","*A217/A321/A109*",NA,NA,"https://www.iucnredlist.org/species/15953/123791436","NT",FALSE,"A217","I_A217",3,TRUE,"Mammalia"
"Panthera onca","Panthera onca",NA,"Jaguar","Felidae","RMC17-00248/BARCELONA / 13814","CAPTIVE","F","Fibro","K","DNA","RNA",NA,"Panthera Onca A109","A217/A321/A109","*A217/A321/A109*",NA,NA,"https://www.iucnredlist.org/species/15953/123791436","NT",FALSE,"A321","I_A217",3,TRUE,"Mammalia"
"Panthera onca","Panthera onca",NA,"Jaguar","Felidae","RMC17-00248/BARCELONA / 13814","CAPTIVE","F","Fibro","K","DNA","RNA",NA,"Panthera Onca A109","A217/A321/A109","*A217/A321/A109*",NA,NA,"https://www.iucnredlist.org/species/15953/123791436","NT",FALSE,"A109","I_A217",3,TRUE,"Mammalia"
"Panthera onca","Panthera onca",NA,"Jaguar","Felidae",NA,NA,NA,"Fibro","K","DNA",NA,NA,"Panthera Onca A32","A32","*A32*",NA,NA,"https://animaldiversity.org/accounts/Panthera_onca/","NT",FALSE,"A32","I_A32",1,TRUE,"Mammalia"
"Panthera onca","Panthera onca",NA,"Jaguar","Felidae",NA,NA,NA,"Primary",NA,NA,NA,NA,NA,"A33",NA,NA,NA,"https://www.ncbi.nlm.nih.gov/Taxonomy/Browser/wwwtax.cgi?mode=Info&id=9690&lvl=3&lin=f&keep=1&srchmode=1&unlock","NT",FALSE,"A33","I_A33",1,FALSE,"Mammalia"
"Panthera onca","Panthera onca",NA,"Jaguar","Felidae",NA,NA,NA,"Fibro","DNA","K",NA,NA,"Panthera Onca A72","A72","*A72*",NA,NA,NA,"NT",FALSE,"A72","I_A72",1,TRUE,"Mammalia"
"Panthera onca","Panthera onca",NA,"Jaguar","Felidae","RMC17-00249/ELCHE SAF / 1813","CAPTIVE","F","Fibro","DNA","RNA",NA,NA,NA,"A403","*A403*",NA,"BB1556",NA,"NT",FALSE,"A403","I_A403",1,TRUE,"Mammalia"
"Panthera pardus kotiya","Panthera pardus","kotiya","Leopard","Felidae","27767571/BARCELONA / 10859","CAPTIVE","M","Fibro","DNA","RNA","WGS","RNA-Seq",NA,"A205","*A205*","ABA23229","BB5594/BB5682","https://www.iucnredlist.org/species/15954/163991139","VU",FALSE,"A205","I_A205",1,TRUE,"Mammalia"
"Panthera pardus kotiya","Panthera pardus","kotiya","Leopard","Felidae","SWC12-00007 / BARCELONA / 13971","CAPTIVE","M","Fibro","DNA","K","RNA","WGS","Panthera pardus kotiya A570","A570",NA,"ABA23501","BB5595","https://www.ncbi.nlm.nih.gov/Taxonomy/Browser/wwwtax.cgi?name=Panthera+pardus+kotiya","VU",FALSE,"A570","I_A570",1,TRUE,"Mammalia"
"Leopardus pardalis","Leopardus pardalis",NA,"Ocelot","Felidae","16917308/JEREZ / OCE2","CAPTIVE","F","Fibro","DNA","RNA","RNA-Seq","WGS",NA,"A95","*A95*","ABA20159","BB5625","https://www.iucnredlist.org/species/11509/97212355","NT",FALSE,"A95","I_A95",1,TRUE,"Mammalia"
"Panthera pardus saxicolor","Panthera pardus","saxicolor","Persian leopard","Felidae","MIG12-28195752MADRID Z / LE24","CAPTIVE","M","Fibro","DNA","RNA","SEQ",NA,NA,"A365","*A365*","ABA23458","BB5596","https://www.iucnredlist.org/species/15954/163991139","VU",FALSE,"A365","I_A365",1,TRUE,"Mammalia"
"Panthera tigris","Panthera tigris",NA,"Tiger","Felidae","MIG12-29901177/ MADRID Z / TBL8","CAPTIVE","F","Fibro","DNA","RNA","RNA-Seq",NA,NA,"A439","*A439*",NA,"BB1532","https://www.iucnredlist.org/species/15955/214862019","EN",FALSE,"A439","I_A439",1,TRUE,"Mammalia"
"Panthera tigris","Panthera tigris",NA,"Tiger","Felidae","QRD10-00370/MADRID Z / TBL6","CAPTIVE","M","Fibro","DNA","RNA","WGS","RNA-Seq",NA,"A462",NA,"ABA23473","BB1564",NA,"EN",FALSE,"A462","I_A462",1,TRUE,"Mammalia"
"Panthera tigris sumatrae","Panthera tigris","sumatrae","Sumatra tiger","Felidae","22177752 - BARCELONA / 12552","CAPTIVE","M","Fibro",NA,NA,NA,NA,NA,"A706",NA,NA,NA,NA,"EN",FALSE,"A706","I_A706",1,TRUE,"Mammalia"
"Panthera tigris sumatrae","Panthera tigris","sumatrae","Sumatra tiger","Felidae","24000056 / BARCELONA / 10157","CAPTIVE","F","Fibro",NA,NA,NA,NA,NA,"A729",NA,NA,NA,NA,"EN",FALSE,"A729","I_A729",1,TRUE,"Mammalia"
"Canis lupus signatus","Canis lupus","signatus","Spanish Wolf","Canidae","MIG12-29349207/ BARCELONA / 13451","CAPTIVE","M","Fibro","DNA","WGS","RNA",NA,NA,"A2/A295",NA,"L-AD2",NA,"https://www.iucnredlist.org/species/3746/163508960","LC",FALSE,"A2","I_A2",2,TRUE,"Mammalia"
"Canis lupus signatus","Canis lupus","signatus","Spanish Wolf","Canidae","MIG12-29349207/ BARCELONA / 13451","CAPTIVE","M","Fibro","DNA","WGS","RNA",NA,NA,"A2/A295",NA,"L-AD2",NA,"https://www.iucnredlist.org/species/3746/163508960","LC",FALSE,"A295","I_A2",2,TRUE,"Mammalia"
"Canis lupus signatus","Canis lupus","signatus","Spanish Wolf","Canidae","CGM20-00006/PARQNATUR / 121","CAPTIVE","F","Fibro","DNA","RNA",NA,NA,NA,"A463",NA,NA,NA,"https://www.ncbi.nlm.nih.gov/Taxonomy/Browser/wwwtax.cgi?mode=Info&id=425934&lvl=3&lin=f&keep=1&srchmode=1&unlock","LC",FALSE,"A463","I_A463",1,TRUE,"Mammalia"
"Canis lupus signatus","Canis lupus","signatus","Spanish Wolf","Canidae","CGM20-00009/PARQNATUR / 124","CAPTIVE","F","Fibro","DNA","RNA",NA,NA,NA,"A464",NA,NA,NA,NA,"LC",FALSE,"A464","I_A464",1,TRUE,"Mammalia"
"Canis lupus signatus","Canis lupus","signatus","Spanish Wolf","Canidae","CGM20-00008/: PARQNATUR / 123","CAPTIVE","F","Fibro","DNA","RNA","RNA-Seq","WGS",NA,"A472",NA,"ABA23283","BB1534",NA,"LC",FALSE,"A472","I_A472",1,TRUE,"Mammalia"
"Ursus thibetanus","Ursus thibetanus",NA,"Asiatic Black Bear","Ursidae","3099475/MADRID Z / OT4","CAPTIVE","F","Fibro","DNA","RNA","WGS","RNA-Seq",NA,"A153","*A153*","ABA23455","BB5607","https://www.iucnredlist.org/species/22824/166528664","VU",FALSE,"A153","I_A153",1,TRUE,"Mammalia"
"Ailuropoda melanoleuca","Ailuropoda melanoleuca",NA,"Giant Panda","Ursidae","WKP21-01928/MADRID Z / PG11","CAPTIVE","U","Primary",NA,NA,NA,NA,NA,"A175",NA,NA,NA,"https://www.iucnredlist.org/species/712/121745669","VU",FALSE,"A175","I_A175",1,FALSE,"Mammalia"
"Ailuropoda melanoleuca","Ailuropoda melanoleuca",NA,"Giant Panda","Ursidae","WKP21-01929/MADRID Z / PG12","CAPTIVE","M","Fibro","DNA","RNA","K","WGS","Ailuropoda melanoleuca A176","A176","*A176*","ABA23437","BB1589",NA,"VU",FALSE,"A176","I_A176",1,TRUE,"Mammalia"
"Helarctos malayanus","Helarctos malayanus",NA,"Sun Bear","Ursidae",NA,NA,NA,"Primary",NA,NA,NA,NA,NA,"A845",NA,NA,NA,"https://www.iucnredlist.org/species/9760/123798233","VU",FALSE,"A845","I_A845",1,FALSE,"Mammalia"
"Ailurus fulgens","Ailurus fulgens",NA,"Red Panda","Ailuridae","QGH13-01156/ BARCELONA / 11932","CAPTIVE","F","Primary",NA,NA,NA,NA,NA,"A457",NA,NA,NA,NA,"EN",FALSE,"A457","I_A457",1,FALSE,"Mammalia"
"Ailurus fulgens","Ailurus fulgens",NA,"Red Panda","Ailuridae","20113997/MADRID Z / PR87","CAPTIVE","M","Fibro",NA,NA,NA,NA,NA,"A149","*A149*",NA,NA,"https://www.iucnredlist.org/species/714/110023718","EN",FALSE,"A149","I_A149",1,TRUE,"Mammalia"
"Ailurus fulgens","Ailurus fulgens",NA,"Red Panda","Ailuridae","QGH13-01156/BARCELONA / 11932","CAPTIVE","F","Fibro",NA,NA,NA,NA,NA,"A234","*A234*",NA,NA,"https://animaldiversity.org/accounts/Ailurus_fulgens/","EN",FALSE,"A234","I_A234",1,TRUE,"Mammalia"
"Ailurus fulgens","Ailurus fulgens",NA,"Red Panda","Ailuridae","TMJ12-00038/MADRID Z / PR97","CAPTIVE","F","Fibro","DNA",NA,NA,NA,NA,"A332","*A332*",NA,NA,"https://www.ncbi.nlm.nih.gov/Taxonomy/Browser/wwwtax.cgi?mode=Info&id=9649&lvl=3&lin=f&keep=1&srchmode=1&unlock","EN",FALSE,"A332","I_A332",1,TRUE,"Mammalia"
"Ailurus fulgens","Ailurus fulgens",NA,"Red Panda","Ailuridae","200092917540/BARCELONA / 10009","CAPTIVE","F","Fibro","DNA","RNA","WGS","RNA-seq",NA,"A404","*A404*","ABA20167","BB1590",NA,"EN",FALSE,"A404","I_A404",1,TRUE,"Mammalia"
"Ailurus fulgens","Ailurus fulgens",NA,"Red Panda","Ailuridae","MIG12-29318135/MADRID Z / PR94","CAPTIVE","F","Fibro","DNA","RNA","WGS","RNA-seq",NA,"A592",NA,"ABA23438","BB5559",NA,"EN",FALSE,"A592","I_A592",1,TRUE,"Mammalia"
"Ailurus fulgens","Ailurus fulgens",NA,"Red Panda","Ailuridae","LWL22-01422/ BARCELONA / 14279","CAPTIVE","M","Primary",NA,NA,NA,NA,NA,"A614",NA,NA,NA,NA,"EN",FALSE,"A614","I_A614",1,FALSE,"Mammalia"
"Mungos mungo","Mungos mungo",NA,"Banded Mongoose","Herpestidae","26459861",NA,"F","Fibro","K","DNA","RNA","RNA-Seq","Mungos mungo A50","A50","*A50*",NA,"BB1578","https://animaldiversity.org/accounts/Mungos_mungo/","LC",FALSE,"A50","I_A50",1,TRUE,"Mammalia"
"Mungos mungo","Mungos mungo",NA,"Banded Mongoose","Herpestidae","QGH21-05816 / BARCELONA / 13940",NA,"F","Fibro","DNA","RNA","WGS","RNA-Seq",NA,"A533",NA,"ABA23490","BB1529","https://www.ncbi.nlm.nih.gov/Taxonomy/Browser/wwwtax.cgi","LC",FALSE,"A533","I_A533",1,TRUE,"Mammalia"
"Mungos mungo","Mungos mungo",NA,"Banded Mongoose","Herpestidae","QGH14-01780/BARCELONA / 12114","CAPTIVE","F","Fibro","DNA","RNA","WGS","RNA-Seq",NA,"A553",NA,"ABA23507","BB5586",NA,"LC",FALSE,"A553","I_A553",1,TRUE,"Mammalia"
"Mungos mungo","Mungos mungo",NA,"Banded Mongoose","Herpestidae","QGH14-02067/BARCELONA / 12211","CAPTIVE","F","Primary",NA,NA,NA,NA,NA,"A753",NA,NA,NA,NA,"LC",FALSE,"A753","I_A753",1,FALSE,"Mammalia"
"Mungos mungo","Mungos mungo",NA,"Banded Mongoose","Herpestidae","TLJ13-00360/BARCELONA / 11783","CAPTIVE","F","Primary",NA,NA,NA,NA,NA,"A751",NA,NA,NA,NA,"LC",FALSE,"A751","I_A751",1,FALSE,"Mammalia"
"Lutra lutra","Lutra lutra",NA,"Eurasian otter","Mustelidae","25402188","CAPTIVE","M","Fibro","K","DNA","WGS","RNA-Seq","Lutra Lutra A8","A8","*A8*","L-AD8","BB1542","https://www.iucnredlist.org/species/12419/21935287","NT",FALSE,"A8","I_A8",1,TRUE,"Mammalia"
"Lutra lutra","Lutra lutra",NA,"Eurasian otter","Mustelidae","25402189/JEREZ / LUT6","WILD","F","Primary",NA,NA,NA,NA,NA,"A105",NA,NA,NA,"https://animaldiversity.org/accounts/Lutra_lutra/","NT",FALSE,"A105","I_A105",1,FALSE,"Mammalia"
"Aonyx cinereus","Aonyx cinereus",NA,"Asian Small-clawed Otter","Mustelidae","MIG12-29553818/MUNDOMAR / NU7863","CAPTIVE","M","Primary","WGS",NA,NA,NA,NA,"A373",NA,"ABA23946",NA,NA,"VU",FALSE,"A373","I_A373",1,FALSE,"Mammalia"
"Mustela lutreola novikovi","Mustela lutreola","novikovi","European mink","Mustelidae","THV16-02170/MADRID Z / V11","CAPTIVE","F","Fibro","DNA","RNA","RNA-Seq",NA,NA,"A422","*A422*",NA,"BB1522/BB1548","https://www.iucnredlist.org/species/14018/45199861","CR",FALSE,"A422","I_A422",1,TRUE,"Mammalia"
"Pteronura brasiliensis","Pteronura brasiliensis",NA,"Giant otter","Mustelidae","JQH12-04082/MADRID Z / NA5","CAPTIVE","F","Fibro","DNA",NA,NA,NA,NA,"A440","*A440*",NA,NA,NA,"EN",FALSE,"A440","I_A440",1,TRUE,"Mammalia"
"Hydrictis maculicollis","Hydrictis maculicollis",NA,"Spotted-necked Otter","Mustelidae",NA,"CAPTIVE",NA,"Primary",NA,NA,NA,NA,NA,"A818",NA,NA,NA,"https://www.iucnredlist.org/species/12420/283512853","NT",FALSE,"A818","I_A818",1,FALSE,"Mammalia"
"Otaria byronia","Otaria byronia",NA,"South American Sea Lion","Otariidae","27920570/MADRID Z / LMA29","UNKNOWN","F","Fibro","RNA","K","WGS","RNA-Seq","Otaria byronia A164","A164","*A164*","ABA23424","BB5592","https://www.iucnredlist.org/species/41665/61948292","LC",FALSE,"A164","I_A164",1,TRUE,"Mammalia"
"Otaria byronia","Otaria byronia",NA,"South American Sea Lion","Otariidae","MIG12-29480708/ID: MADRID Z / LMA38","CAPTIVE","F","Fibro",NA,NA,NA,NA,NA,"A236","*A236*",NA,NA,"https://animaldiversity.org/accounts/Otaria_flavescens/","LC",FALSE,"A236","I_A236",1,TRUE,"Mammalia"
"Otaria byronia","Otaria byronia",NA,"South American Sea Lion","Otariidae","-",NA,NA,"Fibro","DNA",NA,NA,NA,NA,"A414","*A414*",NA,NA,"https://www.ncbi.nlm.nih.gov/Taxonomy/Browser/wwwtax.cgi","LC",FALSE,"A414","I_A414",1,TRUE,"Mammalia"
"Otaria byronia","Otaria byronia",NA,"South American Sea Lion","Otariidae","MIG12-29480710/MADRID Z / LMA21","WILD","F","Fibro","DNA","RNA","RNA-Seq","WGS",NA,"A542",NA,"ABA23285","BB1568",NA,"LC",FALSE,"A542","I_A542",1,TRUE,"Mammalia"
"Otaria byronia","Otaria byronia",NA,"South American Sea Lion","Otariidae",NA,"CAPTIVE","F","Fibro","DNA","RNA",NA,NA,NA,"A686",NA,NA,NA,NA,"LC",FALSE,"A686","I_A686",1,TRUE,"Mammalia"
"Otaria byronia","Otaria byronia",NA,"South American Sea Lion","Otariidae","MIG12-27920561/MADRID Z / LMA19","WILD","F","Fibro",NA,NA,NA,NA,NA,"A740",NA,NA,NA,NA,"LC",FALSE,"A740","I_A740",1,TRUE,"Mammalia"
"Zalophus californianus","Zalophus californianus",NA,"California sea lion","Otariidae","QGH12-00115","CAPTIVE","F","Fibro","DNA","RNA","WGS","RNA-Seq",NA,"A345","*A345*","ABA23479","BB1577","https://www.iucnredlist.org/species/41666/45230310","LC",FALSE,"A345","I_A345",1,TRUE,"Mammalia"
"Zalophus californianus","Zalophus californianus",NA,"California sea lion","Otariidae","8371086/ BARCELONA / 7436","CAPTIVE","F","Fibro","DNA","RNA","WGS","RNASeq",NA,"A526",NA,"ABA23483","BB1549",NA,"LC",FALSE,"A526","I_A526",1,TRUE,"Mammalia"
"Zalophus californianus","Zalophus californianus",NA,"California sea lion","Otariidae","4536317 - BARCELONA / 7435","CAPTIVE","F","Primary",NA,NA,NA,NA,NA,"A673",NA,NA,NA,NA,"LC",FALSE,"A673","I_A673",1,FALSE,"Mammalia"
"Suricata suricatta","Suricata suricatta",NA,"Meerkat","Herpestidae","MIG12-28842317/MADRID Z / SUR43","CAPTIVE","M","Fibro","DNA","K",NA,NA,"Suricata suricatta A195","A195","*A195*",NA,NA,NA,"LC",FALSE,"A195","I_A195",1,TRUE,"Mammalia"
"Suricata suricatta","Suricata suricatta",NA,"Meerkat","Herpestidae","FMK17-00003/MUNDOMAR / 900110000208348","CAPTIVE","F","Fibro","DNA","RNA",NA,NA,NA,"A375","*A375*",NA,NA,NA,"LC",FALSE,"A375","I_A375",1,TRUE,"Mammalia"
"Suricata suricatta","Suricata suricatta",NA,"Meerkat","Herpestidae","QGH12-00163/BARCELONA / 11592","CAPTIVE","F","Fibro",NA,NA,NA,NA,NA,"A258?",NA,NA,NA,NA,"LC",FALSE,"A258?","I_A258?",1,TRUE,"Mammalia"
"Suricata suricatta","Suricata suricatta",NA,"Meerkat","Herpestidae","QGH13-01121/BARCELONA / 11916","CAPTIVE","F","Fibro",NA,NA,NA,NA,NA,"A259?",NA,NA,NA,NA,"LC",FALSE,"A259?","I_A259?",1,TRUE,"Mammalia"
"Suricata suricatta","Suricata suricatta",NA,"Meerkat","Herpestidae","QGH23-06410/ BARCELONA / 14320","CAPTIVE","F","Fibro","DNA","RNA","WGS","RNA-Seq",NA,"A476",NA,"ABA20166","BB1527",NA,"LC",FALSE,"A476","I_A476",1,TRUE,"Mammalia"
"Suricata suricatta","Suricata suricatta",NA,"Meerkat","Herpestidae","QGH24-06533/BARCELONA / 14420","CAPTIVE","M","Fibro","DNA","RNA","WGS","RNA-Seq",NA,"A524/A525",NA,"ABA23506","BB1547",NA,"LC",FALSE,"A524","I_A524",2,TRUE,"Mammalia"
"Suricata suricatta","Suricata suricatta",NA,"Meerkat","Herpestidae","QGH24-06533/BARCELONA / 14420","CAPTIVE","M","Fibro","DNA","RNA","WGS","RNA-Seq",NA,"A524/A525",NA,"ABA23506","BB1547",NA,"LC",FALSE,"A525","I_A524",2,TRUE,"Mammalia"
"Crocuta crocuta","Crocuta crocuta",NA,"Spotted hyena","Hyaenidae","MIG12-29918001","CAPTIVE","M","Fibro","DNA","RNA","WGS",NA,NA,"A222","*A222*","ABA23230","BB5571","https://www.iucnredlist.org/species/5674/45194782","LC",FALSE,"A222","I_A222",1,TRUE,"Mammalia"
"Crocuta crocuta","Crocuta crocuta",NA,"Spotted hyena","Hyaenidae","MIG12-29918002/: BARCELONA / 11306","CAPTIVE","M","Fibro","DNA","RNA","WGS",NA,NA,"A537",NA,"ABA20133","BB1581","https://animaldiversity.org/accounts/Crocuta_crocuta/","LC",FALSE,"A537","I_A537",1,TRUE,"Mammalia"
"Elephas maximus","Elephas maximus",NA,"Asian Elephant","Elephantidae",NA,"CAPTIVE",NA,"PBMc",NA,NA,NA,NA,NA,"A140","*A140*",NA,NA,"https://www.iucnredlist.org/species/7140/45818198","EN",FALSE,"A140","I_A140",1,TRUE,"Mammalia"
"Elephas maximus","Elephas maximus",NA,"Asian Elephant","Elephantidae",NA,"CAPTIVE",NA,"PBMc",NA,NA,NA,NA,NA,"A141","*A141*",NA,NA,"https://animaldiversity.org/accounts/Elephas_maximus/","EN",FALSE,"A141","I_A141",1,TRUE,"Mammalia"
"Elephas maximus","Elephas maximus",NA,"Asian Elephant","Elephantidae",NA,"CAPTIVE",NA,"PBMc",NA,NA,NA,NA,NA,"A142","*A142*",NA,NA,"https://www.ncbi.nlm.nih.gov/Taxonomy/Browser/wwwtax.cgi?mode=Info&id=9783&lvl=3&lin=f&keep=1&srchmode=1&unlock","EN",FALSE,"A142","I_A142",1,TRUE,"Mammalia"
"Elephas maximus","Elephas maximus",NA,"Asian Elephant","Elephantidae",NA,"CAPTIVE",NA,"Primary",NA,NA,NA,NA,NA,"A275","*A275*",NA,NA,NA,"EN",FALSE,"A275","I_A275",1,FALSE,"Mammalia"
"Loxodonta africana","Loxodonta africana",NA,"African Savanna Elephant","Elephantidae",NA,"CAPTIVE","M","Fibro","DNA","RNA","WG-Seq","RNA-Seq",NA,"A357","*A357*","ABA23481","BB1524","https://www.iucnredlist.org/species/181008073/204401095","EN",FALSE,"A357","I_A357",1,TRUE,"Mammalia"
"Loxodonta africana","Loxodonta africana",NA,"African Savanna Elephant","Elephantidae","23537250/BARCELONA / 10511","WILD","F","Fibro","RNA",NA,NA,NA,NA,"A628",NA,NA,NA,NA,"EN",FALSE,"A628","I_A628",1,TRUE,"Mammalia"
"Loxodonta africana","Loxodonta africana",NA,"African Savanna Elephant","Elephantidae","MIG12-29786951/BARCELONA / 8008","WILD","F","Fibro",NA,NA,NA,NA,NA,"A761",NA,NA,NA,NA,"EN",FALSE,"A761","I_A761",1,TRUE,"Mammalia"
"Elephas maximus sumatranus","Elephas maximus","sumatranus","Sumatran elephant","Elephantidae","WKP23-02067/MADRID Z / EAS16","CAPTIVE","M","Fibro","RNA","SEQ",NA,NA,NA,"A491/A490",NA,"ORGONE_28",NA,NA,"EN",FALSE,"A491","I_A491",2,TRUE,"Mammalia"
"Elephas maximus sumatranus","Elephas maximus","sumatranus","Sumatran elephant","Elephantidae","WKP23-02067/MADRID Z / EAS16","CAPTIVE","M","Fibro","RNA","SEQ",NA,NA,NA,"A491/A490",NA,"ORGONE_28",NA,NA,"EN",FALSE,"A490","I_A491",2,TRUE,"Mammalia"
"Eliomys quercinus","Eliomys quercinus",NA,"Garden Dormouse","Gliridae",NA,NA,NA,"Fibro","DNA","RNA","K","WGS","Eliomys quercinus A132","A132","*A132*","ABA23436","BB5573","https://www.iucnredlist.org/species/7618/12835766","NT",FALSE,"A132","I_A132",1,TRUE,"Mammalia"
"Hydrochoerus hydrochaeris","Hydrochoerus hydrochaeris",NA,"Capybara","Caviidae","MIG12-28055016","CAPTIVE","M","Primary",NA,NA,NA,NA,NA,"A60",NA,NA,NA,"https://www.iucnredlist.org/species/10300/22190005","LC",FALSE,"A60","I_A60",1,FALSE,"Mammalia"
"Hydrochoerus hydrochaeris","Hydrochoerus hydrochaeris",NA,"Capybara","Caviidae","DKL20-06414/BARCELONA / 13876","CAPTIVE","M","Fibro","DNA","RNA","WGS","RNA-Seq",NA,"A391","*A391*","ABA20170","BB1531","https://animaldiversity.org/accounts/Hydrochoerus_hydrochaeris/","LC",FALSE,"A391","I_A391",1,TRUE,"Mammalia"
"Dolichotis patagonum","Dolichotis patagonum",NA,"Patagonian mara","Caviidae","WKP21-01890/MADRID Z / MR177","CAPTIVE","M","Primary",NA,NA,NA,NA,NA,"A196",NA,NA,NA,"https://www.iucnredlist.org/species/6785/22190337","NT",FALSE,"A196","I_A196",1,FALSE,"Mammalia"
"Dolichotis patagonum","Dolichotis patagonum",NA,"Patagonian mara","Caviidae","23574609/JEREZ / MAR038","CAPTIVE","F","Fibro","K","DNA","RNA","WGS","Dolichotis patagonum A70","A70","*A70*","ABA23477","BB1537","https://animaldiversity.org/accounts/Dolichotis_patagonum/","NT",FALSE,"A70","I_A70",1,TRUE,"Mammalia"
"Dolichotis patagonum","Dolichotis patagonum",NA,"Patagonian mara","Caviidae","-",NA,NA,"Fibro","DNA","RNA","WGS","RNA-Seq",NA,"A460",NA,"ABA23474","BB1582","https://www.ncbi.nlm.nih.gov/Taxonomy/Browser/wwwtax.cgi?mode=Info&id=29091&lvl=3&lin=f&keep=1&srchmode=1&unlock","NT",FALSE,"A460","I_A460",1,TRUE,"Mammalia"
"Hystrix cristata","Hystrix cristata",NA,"Short-tailed porcupine","Hystricidae","MIG12-29239594","CAPTIVE","F","Fibro","DNA",NA,NA,NA,NA,"A301","*A301*",NA,NA,NA,"LC",FALSE,"A301","I_A301",1,TRUE,"Mammalia"
"Hystrix cristata","Hystrix cristata",NA,"Short-tailed porcupine","Hystricidae","17968565/BARCELONA / 6798","CAPTIVE","M","Fibro","DNA","RNA","RNA-Seq",NA,NA,"A453","*A453*",NA,"BB5579",NA,"LC",FALSE,"A453","I_A453",1,TRUE,"Mammalia"
"Cynomys ludovicianus","Cynomys ludovicianus",NA,"Black-tailed prairie dog","Sciuridae","SQK18-04210/BARCELONA / 13749","CAPTIVE","M","Fibro","DNA",NA,NA,NA,NA,"A305","*A305*",NA,NA,"https://www.iucnredlist.org/species/6091/115080297","LC",FALSE,"A305","I_A305",1,TRUE,"Mammalia"
"Cynomys ludovicianus","Cynomys ludovicianus",NA,"Black-tailed prairie dog","Sciuridae","QGH24-06641 / BARCELONA/14518","CAPTIVE","F","Fibro","DNA",NA,NA,NA,NA,"A674",NA,NA,NA,NA,"LC",FALSE,"A674","I_A674",1,TRUE,"Mammalia"
"Cynomys ludovicianus","Cynomys ludovicianus",NA,"Black-tailed prairie dog","Sciuridae","SQK18-04242/BARCELONA / 13751","CAPTIVE","M","Fibro",NA,NA,NA,NA,NA,"A754",NA,NA,NA,NA,"LC",FALSE,"A754","I_A754",1,TRUE,"Mammalia"
"Cricetomys gambianus","Cricetomys gambianus",NA,"Gambian giant pouched rat","Nesomyidae","TLJ15-00688/ BIOPARCVA / V15082","CAPTIVE","M","Primary",NA,NA,NA,NA,NA,"A333",NA,NA,NA,NA,"LC",FALSE,"A333","I_A333",1,FALSE,"Mammalia"
"Rattus norvegicus","Rattus norvegicus",NA,"Rat","Muridae","QGH24-06583-IA","UNKNOWN","U","Fibro","DNA","RNA",NA,NA,NA,"A541",NA,NA,NA,NA,"NE",FALSE,"A541","I_A541",1,TRUE,"Mammalia"
"Cavia porcellus","Cavia porcellus",NA,"Domestic guinea pig","Caviidae","0  GAN QGH16-03875-IC","UNKNOWN","U","Primary",NA,NA,NA,NA,NA,"A621",NA,NA,NA,NA,"LC",FALSE,"A621","I_A621",1,FALSE,"Mammalia"
"Cavia porcellus","Cavia porcellus",NA,"Domestic guinea pig","Caviidae","QGH16-03875-IC","UNKNOWN","U","Fibro",NA,NA,NA,NA,NA,"A762",NA,NA,NA,"The animal started to exhibit clinical signs compatible with a paraneoplastic syndrome. Due to the bad prognosis, euthanasia was decided","LC",FALSE,"A762","I_A762",1,TRUE,"Mammalia"
"Cavia porcellus","Cavia porcellus",NA,"Domestic guinea pig","Caviidae","QGH20-05329","UNKNOWN","U","Fibro",NA,NA,NA,NA,NA,"A782",NA,NA,NA,NA,"LC",FALSE,"A782","I_A782",1,TRUE,"Mammalia"
"Mus musculus","Mus musculus",NA,"House Mouse","Muridae",NA,"PRBB","U","Primary",NA,NA,NA,NA,NA,"A819",NA,NA,NA,"https://www.iucnredlist.org/species/13972/197519724","LC",FALSE,"A819","I_A819",1,FALSE,"Mammalia"
"Oryctolagus cuniculus","Oryctolagus cuniculus",NA,"European rabbit","Leporidae",NA,NA,NA,"Primary",NA,NA,NA,NA,NA,"A121",NA,NA,NA,"https://www.iucnredlist.org/species/41291/170619657","EN",FALSE,"A121","I_A121",1,FALSE,"Mammalia"
"Oryctolagus cuniculus","Oryctolagus cuniculus",NA,"European rabbit","Leporidae","QGH20-05328 / BARCELONA / CONEJOS","UNKNOWN","U","Fibro","RNA-Seq",NA,NA,NA,NA,"A704",NA,NA,"BB1544","https://animaldiversity.org/accounts/Oryctolagus_cuniculus/","EN",FALSE,"A704","I_A704",1,TRUE,"Mammalia"
"Oryctolagus cuniculus ibicea","Oryctolagus cuniculus","ibicea","European rabbit","Leporidae",NA,NA,NA,"Fibro","DNA","RNA",NA,NA,NA,"A286","*A286*",NA,"BB1544",NA,"LC",FALSE,"A286","I_A286",1,TRUE,"Mammalia"
"Notamacropus rufogriseus","Notamacropus rufogriseus",NA,"Red-necked Wallaby","Macropodidae","QGH12-00003/11425","CAPTIVE","M","Primary",NA,NA,NA,NA,NA,"A276",NA,NA,NA,NA,"LC",FALSE,"A276","I_A276",1,FALSE,"Mammalia"
"Notamacropus rufogriseus","Notamacropus rufogriseus",NA,"Red-necked Wallaby","Macropodidae","CGM20-00275/PARQNATUR / 389","CAPTIVE","M","Fibro","DNA","RNA",NA,NA,NA,"A459",NA,NA,NA,"https://www.iucnredlist.org/species/40566/21953329","LC",FALSE,"A459","I_A459",1,TRUE,"Mammalia"
"Notamacropus rufogriseus","Notamacropus rufogriseus",NA,"Red-necked Wallaby","Macropodidae","QGH15-02472/BARCELONA / 12639","CAPTIVE","M","Fibro",NA,NA,NA,NA,NA,"A269","*A269*",NA,NA,"https://animaldiversity.org/accounts/Macropus_rufogriseus/","LC",FALSE,"A269","I_A269",1,TRUE,"Mammalia"
"Notamacropus rufogriseus","Notamacropus rufogriseus",NA,"Red-necked Wallaby","Macropodidae","FRW15-00528/JEREZ / CA56","CAPTIVE","F","Fibro",NA,NA,NA,NA,NA,"A291","*A291*",NA,NA,"https://www.ncbi.nlm.nih.gov/Taxonomy/Browser/wwwtax.cgi?mode=Info&id=1960652&lvl=3&lin=f&keep=1&srchmode=1&unlock","LC",FALSE,"A291","I_A291",1,TRUE,"Mammalia"
"Notamacropus rufogriseus","Notamacropus rufogriseus",NA,"Red-necked Wallaby","Macropodidae","FRW15-00528/JEREZ / CA56","CAPTIVE","U","Fibro",NA,NA,NA,NA,NA,"A292","*A292*",NA,NA,NA,"LC",FALSE,"A292","I_A292",1,TRUE,"Mammalia"
"Notamacropus rufogriseus","Notamacropus rufogriseus",NA,"Red-necked Wallaby","Macropodidae",NA,"CAPTIVE",NA,"Primary",NA,NA,NA,NA,NA,"A97",NA,NA,NA,NA,"LC",FALSE,"A97","I_A97",1,FALSE,"Mammalia"
"Notamacropus rufogriseus","Notamacropus rufogriseus",NA,"Red-necked Wallaby","Macropodidae","QGH17-04395/BARCELONA/12921","CAPTIVE","F","Fibro","DNA","RNA","WGS","RNA-Seq",NA,"A509",NA,"ABA23505","BB1559",NA,"LC",FALSE,"A509","I_A509",1,TRUE,"Mammalia"
"Notamacropus rufogriseus","Notamacropus rufogriseus",NA,"Red-necked Wallaby","Macropodidae","QGH17-04363 / BARCELONA / 12911","CAPTIVE","F","Fibro","RNA","WGS","RNA-Seq",NA,NA,"A532",NA,"ABA23489","BB1574",NA,"LC",FALSE,"A532","I_A532",1,TRUE,"Mammalia"
"Notamacropus rufogriseus","Notamacropus rufogriseus",NA,"Red-necked Wallaby","Macropodidae","QGH21-05528 / BARCELONA / 13803","CAPTIVE","M","Fibro","DNA",NA,NA,NA,NA,"A640",NA,NA,NA,NA,"LC",FALSE,"A640","I_A640",1,TRUE,"Mammalia"
"Notamacropus rufogriseus","Notamacropus rufogriseus",NA,"Red-necked Wallaby","Macropodidae","CGM20-00602 / PARQNATUR/716","CAPTIVE","F","Fibro",NA,NA,NA,NA,NA,"A731",NA,NA,NA,NA,"LC",FALSE,"A731","I_A731",1,TRUE,"Mammalia"
"Petrogale xanthopus","Petrogale xanthopus",NA,"Yellow-footed Rock Wallaby","Macropodidae","WKP21-01924/MADRID Z / WR48","CAPTIVE","M","Fibro","DNA","K",NA,NA,"Petrogale xanthopus A160","A160","*A160*",NA,NA,"https://www.iucnredlist.org/species/16750/21955455","NT",FALSE,"A160","I_A160",1,TRUE,"Mammalia"
"Petrogale xanthopus","Petrogale xanthopus",NA,"Yellow-footed Rock Wallaby","Macropodidae","-",NA,NA,"Fibro","DNA","RNA","WGS",NA,NA,"A557",NA,"ABA20162",NA,"https://animaldiversity.org/accounts/Petrogale_xanthopus/","NT",FALSE,"A557","I_A557",1,TRUE,"Mammalia"
"Osphranter rufus","Osphranter rufus",NA,"Red kangaroo","Macropodidae","QGH12-00305 /BARCELONA / 11715","CAPTIVE","M","Fibro",NA,NA,NA,NA,NA,"A355","*A355*",NA,NA,NA,"LC",FALSE,"A355","I_A355",1,TRUE,"Mammalia"
"Osphranter rufus","Osphranter rufus",NA,"Red kangaroo","Macropodidae","QGH22-06164-IA","-","U","Fibro","DNA",NA,NA,NA,NA,"A384","*A384*",NA,NA,NA,"LC",FALSE,"A384","I_A384",1,TRUE,"Mammalia"
"Osphranter rufus","Osphranter rufus",NA,"Red kangaroo","Macropodidae","QGH23-06500/BARCELONA/14396",NA,"M","Fibro","DNA","RNA","WGS","RNA-Seq",NA,"A510",NA,"ABA20108","BB5591",NA,"LC",FALSE,"A510","I_A510",1,TRUE,"Mammalia"
"Osphranter rufus","Osphranter rufus",NA,"Red kangaroo","Macropodidae","MIG12-29591041 - BARCELONA / 10652",NA,"F","Fibro",NA,NA,NA,NA,NA,"A633",NA,NA,NA,NA,"LC",FALSE,"A633","I_A633",1,TRUE,"Mammalia"
"Phascolarctos cinereus adustus","Phascolarctos cinereus","adustus","Phascolarctos cinereus adustus","Phascolarctidae","DMM15-00864/MADRID Z / KO15","CAPTIVE","M","Primary",NA,NA,NA,NA,NA,"A843",NA,NA,NA,"https://www.iucnredlist.org/species/16892/166496779","VU",FALSE,"A843","I_A843",1,FALSE,"Mammalia"
"Lemur catta","Lemur catta",NA,"Ring-tailed Lemur","Lemuridae","QGH20-05335","CAPTIVE","M","Primary",NA,NA,NA,NA,NA,"A27",NA,"AL1448",NA,"https://www.iucnredlist.org/species/11496/115565760","EN",FALSE,"A27","I_A27",1,FALSE,"Mammalia"
"Lemur catta","Lemur catta",NA,"Ring-tailed Lemur","Lemuridae","QGH13-00741","CAPTIVE","M","Primary",NA,NA,NA,NA,NA,"A23",NA,NA,NA,"https://animaldiversity.org/accounts/Lemur_catta/","EN",FALSE,"A23","I_A23",1,FALSE,"Mammalia"
"Lemur catta","Lemur catta",NA,"Ring-tailed Lemur","Lemuridae","QGH15-02282/ BARCELONA / 12431","CAPTIVE","M","Fibro",NA,NA,NA,NA,NA,"A390","*A390*",NA,NA,"https://www.ncbi.nlm.nih.gov/Taxonomy/Browser/wwwtax.cgi","EN",FALSE,"A390","I_A390",1,TRUE,"Mammalia"
"Lemur catta","Lemur catta",NA,"Ring-tailed Lemur","Lemuridae","2792047/MADRID Z / LCAT24","CAPTIVE","M","Fibro",NA,NA,NA,NA,NA,"A494",NA,NA,NA,NA,"EN",FALSE,"A494","I_A494",1,TRUE,"Mammalia"
"Lemur catta","Lemur catta",NA,"Ring-tailed Lemur","Lemuridae","17968768/MADRID Z / LCAT9","CAPTIVE","M","Primary",NA,NA,NA,NA,NA,"A505",NA,NA,NA,NA,"EN",FALSE,"A505","I_A505",1,FALSE,"Mammalia"
"Lemur catta","Lemur catta",NA,"Ring-tailed Lemur","Lemuridae","10690079/MADRID Z / LCAT6","CAPTIVE","M","Fibro","DNA","RNA","WGS","RNA-Seq",NA,"A558",NA,"ABA23492","BB1536",NA,"EN",FALSE,"A558","I_A558",1,TRUE,"Mammalia"
"Lemur catta","Lemur catta",NA,"Ring-tailed Lemur","Lemuridae","CGM20-00875/PARQNATUR / 990","CAPTIVE","F","Fibro","DNA","RNA","WGS","RNA-Seq",NA,"A600",NA,"ABA23439","BB5581",NA,"EN",FALSE,"A600","I_A600",1,TRUE,"Mammalia"
"Lemur catta","Lemur catta",NA,"Ring-tailed Lemur","Lemuridae","10690083/MADRIDZ/LCAT7","CAPTIVE","M","Fibro","RNA",NA,NA,NA,NA,"A625",NA,NA,NA,NA,"EN",FALSE,"A625","I_A625",1,TRUE,"Mammalia"
"Lemur catta","Lemur catta",NA,"Ring-tailed Lemur","Lemuridae","QGH12-00015/BARCELONA / 11438","CAPTIVE","F","Fibro",NA,NA,NA,NA,NA,"A713",NA,NA,NA,NA,"EN",FALSE,"A713","I_A713",1,TRUE,"Mammalia"
"Lemur catta","Lemur catta",NA,"Ring-tailed Lemur","Lemuridae","27712065 / BARCELONA / 10442","CAPTIVE","F","Fibro",NA,NA,NA,NA,NA,"A730",NA,NA,NA,NA,"EN",FALSE,"A730","I_A730",1,TRUE,"Mammalia"
"Eulemur fulvus","Eulemur fulvus",NA,"Common brown lemur","Lemuridae","27917539/LM12","CAPTIVE","F","Fibro","DNA","RNA","K","RNA-Seq","Eulemur fulvus A170","A170","*A170*",NA,"BB5575","https://www.iucnredlist.org/species/8207/115562499","VU",FALSE,"A170","I_A170",1,TRUE,"Mammalia"
"Eulemur fulvus","Eulemur fulvus",NA,"Common brown lemur","Lemuridae","27921801/LM11","CAPTIVE","F","Fibro",NA,NA,NA,NA,NA,"A265","*A265*",NA,NA,NA,"VU",FALSE,"A265","I_A265",1,TRUE,"Mammalia"
"Varecia variegata","Varecia variegata",NA,"Black-and-white Ruffed Lemur","Lemuridae","MIG12-29480689/MADRID Z / LMU28","CAPTIVE","F","Fibro","DNA",NA,NA,NA,NA,"A689",NA,NA,NA,"https://www.iucnredlist.org/species/22918/115574178","CR",FALSE,"A689","I_A689",1,TRUE,"Mammalia"
"Varecia variegata","Varecia variegata",NA,"Black-and-white Ruffed Lemur","Lemuridae","WKP25-02147/MADRID Z / LMU38","CAPTIVE","M","Primary",NA,NA,NA,NA,NA,"A696",NA,NA,NA,NA,"CR",FALSE,"A696","I_A696",1,FALSE,"Mammalia"
"Varecia variegata","Varecia variegata",NA,"Black-and-white Ruffed Lemur","Lemuridae","MIG12-29110747/MADRID Z / LMU32","CAPTIVE","F","Fibro",NA,NA,NA,NA,NA,"A726",NA,NA,NA,NA,"CR",FALSE,"A726","I_A726",1,TRUE,"Mammalia"
"Varecia variegata","Varecia variegata",NA,"Black-and-white Ruffed Lemur","Lemuridae","WKP26-02179/MADRID Z / LMU39","CAPTIVE","F","Fibro",NA,NA,NA,NA,NA,"A796",NA,NA,NA,NA,"CR",FALSE,"A796","I_A796",1,TRUE,"Mammalia"
"Callithrix geoffroyi","Callithrix geoffroyi",NA,"Geoffroy’s Tufted-ear Marmoset","Callitrichidae","TGD16-00658/ JEREZ TG5","CAPTIVE","F","Fibro","DNA","K","RNA","WGS","Callithrix geoffroyi A81","A81","*A81*","AX8913","BB1523/BB1528","https://www.iucnredlist.org/species/3572/191701212","LC",FALSE,"A81","I_A81",1,TRUE,"Mammalia"
"Saguinus imperator subgrisescens","Saguinus imperator","subgrisescens","Bearded Emperor Tamarin","Cebidae","11295","CAPTIVE","M","Fibro","DNA","RNA","K","WGS","Saguinus imperator subgrisescens A76","A76/A127","*A76/A127*","AX8916","BB5603","https://animaldiversity.org/accounts/Saguinus_imperator/","LC",FALSE,"A76","I_A76",2,TRUE,"Mammalia"
"Saguinus imperator subgrisescens","Saguinus imperator","subgrisescens","Bearded Emperor Tamarin","Cebidae","11295","CAPTIVE","M","Fibro","DNA","RNA","K","WGS","Saguinus imperator subgrisescens A76","A76/A127","*A76/A127*","AX8916","BB5603","https://animaldiversity.org/accounts/Saguinus_imperator/","LC",FALSE,"A127","I_A76",2,TRUE,"Mammalia"
"Saguinus imperator subgrisescens","Saguinus imperator","subgrisescens","Bearded Emperor Tamarin","Cebidae","13040","CAPTIVE","M","Fibro","DNA","RNA","K","RNA-Seq","Saguinus imperator subgrisescens A77","A77","*A77*","ABA23923","BB1561","https://www.ncbi.nlm.nih.gov/Taxonomy/Browser/wwwtax.cgi?mode=Info&id=881951&lvl=3&lin=f&keep=1&srchmode=1&unlock","LC",FALSE,"A77","I_A77",1,TRUE,"Mammalia"
"Saguinus imperator subgrisescens","Saguinus imperator","subgrisescens","Bearded Emperor Tamarin","Cebidae","10860","CAPTIVE","F","Fibro","DNA","K","WGS",NA,"Saguinus imperator subgrisescens A130","A130","*A130*","AX8917",NA,NA,"LC",FALSE,"A130","I_A130",1,TRUE,"Mammalia"
"Saguinus oedipus","Saguinus oedipus",NA,"Cotton-headed Tamarin","Cebidae","FRW20-01066","CAPTIVE","U","Fibro","DNA","SEQ",NA,NA,NA,"A90","*A90*","AX8914",NA,"https://www.iucnredlist.org/species/19823/192551067","CR",FALSE,"A90","I_A90",1,TRUE,"Mammalia"
"Saguinus oedipus","Saguinus oedipus",NA,"Cotton-headed Tamarin","Cebidae","QGH22-06121/BCN14151","CAPTIVE","U","Fibro",NA,NA,NA,NA,NA,"A350",NA,NA,NA,"https://animaldiversity.org/accounts/Saguinus_oedipus/","CR",FALSE,"A350","I_A350",1,TRUE,"Mammalia"
"Saguinus oedipus","Saguinus oedipus",NA,"Cotton-headed Tamarin","Cebidae","QGH22-06117-IA","-","M","Fibro","DNA",NA,NA,NA,NA,"A347","*A347*",NA,NA,"https://www.ncbi.nlm.nih.gov/Taxonomy/Browser/wwwtax.cgi","CR",FALSE,"A347","I_A347",1,TRUE,"Mammalia"
"Saguinus midas","Saguinus midas",NA,"Red-handed tamarin","Cebidae","21213812 / BARCELONA / 9637","CAPTIVE","F","Fibro","DNA","WGS",NA,NA,NA,"A596",NA,"ABA20152",NA,"https://www.iucnredlist.org/species/41525/192552538","LC",FALSE,"A596","I_A596",1,TRUE,"Mammalia"
"Saguinus midas","Saguinus midas",NA,"Red-handed tamarin","Cebidae","MIG12-28931567/BARCELONA / 10151","CAPTIVE","F","Fibro",NA,NA,NA,NA,NA,"A711",NA,NA,NA,NA,"LC",FALSE,"A711","I_A711",1,TRUE,"Mammalia"
"Leontopithecus chrysomelas","Leontopithecus chrysomelas",NA,"Golden-headed lion tamarin","Cebidae","MIG12-29918004/BARCELONA / 10206","CAPTIVE","M","Fibro","DNA","RNA","WGS","RNA-Seq",NA,"A400","*A400*","ABA23503","BB5582","https://www.iucnredlist.org/species/40643/192327573","EN",FALSE,"A400","I_A400",1,TRUE,"Mammalia"
"Leontopithecus chrysomelas","Leontopithecus chrysomelas",NA,"Golden-headed lion tamarin","Cebidae","MIG12-29918006 / BARCELONA / 10451","CAPTIVE","F","Fibro",NA,NA,NA,NA,NA,"A788",NA,NA,NA,NA,"EN",FALSE,"A788","I_A788",1,TRUE,"Mammalia"
"Cebuella pygmaea","Cebuella pygmaea",NA,"Pygmy marmoset","Callitrichidae","QGH21-05864 / BARCELONA / 13974","CAPTIVE","M","Fibro","DNA","RNA","WGS","RMA-Seq",NA,"A560",NA,"ABA23500","BB5568",NA,"VU",FALSE,"A560","I_A560",1,TRUE,"Mammalia"
"Cebuella pygmaea","Cebuella pygmaea",NA,"Pygmy marmoset","Callitrichidae","QGH22-06032/ BARCELONA / 14077","CAPTIVE","U","Primary",NA,NA,NA,NA,NA,"A394","*A394*","ABA23418","BB1551","https://www.iucnredlist.org/species/136926/200203263","VU",FALSE,"A394","I_A394",1,FALSE,"Mammalia"
"Cebuella pygmaea","Cebuella pygmaea",NA,"Pygmy marmoset","Callitrichidae","QGH18-04995/: BARCELONA / 13312","CAPTIVE","F","Fibro","DNA","RNA","RNA-Seq",NA,NA,"A392","*A392*",NA,"BB1528",NA,"VU",FALSE,"A392","I_A392",1,TRUE,"Mammalia"
"Cebuella pygmaea","Cebuella pygmaea",NA,"Pygmy marmoset","Callitrichidae","QGH13-00725/BARCELONA / 11787","CAPTIVE","F","Fibro","DNA","RNA","RNA-Seq",NA,NA,"A434","*A434*",NA,"BB1533",NA,"VU",FALSE,"A434","I_A434",1,TRUE,"Mammalia"
"Cebuella pygmaea","Cebuella pygmaea",NA,"Pygmy marmoset","Callitrichidae","QGH18-04995/Barcelona/13312","CAPTIVE","F","Fibro","DNA","RNA",NA,NA,NA,"A437","*A437*",NA,NA,NA,"VU",FALSE,"A437","I_A437",1,TRUE,"Mammalia"
"Callimico goeldii","Callimico goeldii",NA,"Goeldi's monke","Cebidae","4133582/ BARCELONA / 6504","CAPTIVE","M","Fibro","DNA","RNA",NA,NA,NA,"A520",NA,NA,"BB5622",NA,"VU",FALSE,"A520","I_A520",1,TRUE,"Mammalia"
"Callimico goeldii","Callimico goeldii",NA,"Goeldi's monke","Cebidae","QGH16-04313 / BARCELONA / 12902","CAPTIVE","F","Fibro","K","DNA","RNA","WGS","Callimico goeldii A568","A568",NA,"ABA20007","BB5629","https://www.iucnredlist.org/species/3564/191700340","VU",FALSE,"A568","I_A568",1,TRUE,"Mammalia"
"Sapajus apella","Sapajus apella",NA,"Tufted capuchin","Cebidae","WKP24-02118/MADRID Z / MCP52","CAPTIVE","U","Primary","WGS",NA,NA,NA,NA,"A610",NA,"ABA20157",NA,NA,"LC",FALSE,"A610","I_A610",1,FALSE,"Mammalia"
"Pan troglodytes troglodytes","Pan troglodytes","troglodytes","Central chimpanzee","Hominidae","MIG12-30088851/BARCELONA / 11","WILD","F","Fibro","DNA","K","WGS",NA,"Pan troglodytes troglodytes A16","A16","*A16*","L-AD16",NA,NA,"EN",FALSE,"A16","I_A16",1,TRUE,"Mammalia"
"Pan troglodytes troglodytes","Pan troglodytes","troglodytes","Central chimpanzee","Hominidae","QVG16-00019","CAPTIVE","F","Fibro","DNA",NA,NA,NA,NA,"A189","*A189*",NA,NA,"https://www.iucnredlist.org/species/15933/129038584","EN",FALSE,"A189","I_A189",1,TRUE,"Mammalia"
"Pan troglodytes troglodytes","Pan troglodytes","troglodytes","Central chimpanzee","Hominidae","QVG16-00023","CAPTIVE","F","Fibro","DNA",NA,NA,NA,NA,"A190","*A190*",NA,NA,"https://animaldiversity.org/accounts/Pan_troglodytes/","EN",FALSE,"A190","I_A190",1,TRUE,"Mammalia"
"Pan troglodytes troglodytes","Pan troglodytes","troglodytes","Central chimpanzee","Hominidae","QVG16-00022","CAPTIVE","F","Fibro","DNA",NA,NA,NA,NA,"A191","*A191*",NA,NA,"https://www.ncbi.nlm.nih.gov/Taxonomy/Browser/wwwtax.cgi","EN",FALSE,"A191","I_A191",1,TRUE,"Mammalia"
"Pan troglodytes troglodytes","Pan troglodytes","troglodytes","Central chimpanzee","Hominidae","QVG16-00018","WILD","F","Fibro","DNA",NA,NA,NA,NA,"A192","*A192*",NA,NA,NA,"EN",FALSE,"A192","I_A192",1,TRUE,"Mammalia"
"Pan troglodytes troglodytes","Pan troglodytes","troglodytes","Central chimpanzee","Hominidae","MIG12-30088854","WILD","F","Fibro","WGS",NA,NA,NA,NA,"A226/A641","*A226/A641*","AX8911",NA,NA,"EN",FALSE,"A226","I_A226",2,TRUE,"Mammalia"
"Pan troglodytes troglodytes","Pan troglodytes","troglodytes","Central chimpanzee","Hominidae","MIG12-30088854","WILD","F","Fibro","WGS",NA,NA,NA,NA,"A226/A641","*A226/A641*","AX8911",NA,NA,"EN",FALSE,"A641","I_A226",2,TRUE,"Mammalia"
"Pan troglodytes troglodytes","Pan troglodytes","troglodytes","Central chimpanzee","Hominidae","MIG12-30088855","WILD","F","Fibro","DNA","WGS",NA,NA,NA,"A290","*A290*","AX8910",NA,NA,"EN",FALSE,"A290","I_A290",1,TRUE,"Mammalia"
"Pan troglodytes troglodytes","Pan troglodytes","troglodytes","Central chimpanzee","Hominidae","MIG12-30088895","WILD","M","Fibro","iPSC","DNA","RNA","RAN-Seq",NA,"A322","*A322*","ABA23288","BB1550",NA,"EN",TRUE,"A322","I_A322",1,TRUE,"Mammalia"
"Pan troglodytes troglodytes","Pan troglodytes","troglodytes","Central chimpanzee","Hominidae","-",NA,NA,"Fibro","PBMc","DNA","iPSC","K","iPSC 23","A11","*A11*","L-AD11","BB1554",NA,"EN",TRUE,"A11","I_A11",1,TRUE,"Mammalia"
"Pan troglodytes troglodytes","Pan troglodytes","troglodytes","Central chimpanzee","Hominidae","Julieta","CAPTIVE","F","Fibro",NA,NA,NA,NA,NA,"A824",NA,NA,NA,NA,"EN",FALSE,"A824","I_A824",1,TRUE,"Mammalia"
"Pan troglodytes troglodytes","Pan troglodytes","troglodytes","Central chimpanzee","Hominidae","Lola","CAPTIVE","F","Fibro",NA,NA,NA,NA,NA,"A793",NA,NA,NA,NA,"EN",FALSE,"A793","I_A793",1,TRUE,"Mammalia"
"Gorilla gorilla","Gorilla gorilla",NA,"Western Gorilla","Hominidae","QGH15-02323","CAPTIVE","F","Fibro","DNA","WGS","iPSC","RNA-Seq",NA,"A278","*A278*","AX8909","BB1525","https://www.iucnredlist.org/species/9404/136250858","CR",TRUE,"A278","I_A278",1,TRUE,"Mammalia"
"Gorilla gorilla","Gorilla gorilla",NA,"Western Gorilla","Hominidae","-",NA,NA,"Primary",NA,NA,NA,NA,NA,"A202","*A202*",NA,NA,"https://animaldiversity.org/accounts/Gorilla_gorilla/","CR",FALSE,"A202","I_A202",1,FALSE,"Mammalia"
"Gorilla gorilla","Gorilla gorilla",NA,"Western Gorilla","Hominidae","1767916/BARCELONA / 5340","CAPTIVE","M","Fibro","RNA","K","RNA-Seq",NA,"Gorilla gorilla A522","A522",NA,NA,"BB1526","https://www.ncbi.nlm.nih.gov/Taxonomy/Browser/wwwtax.cgi?mode=Info&id=9595&lvl=3&lin=f&keep=1&srchmode=1&unlock","CR",FALSE,"A522","I_A522",1,TRUE,"Mammalia"
"Gorilla gorilla","Gorilla gorilla",NA,"Western Gorilla","Hominidae","MIG12-29480677/MADRID Z / GOC11","CAPTIVE","M","Fibro","DNA",NA,NA,NA,NA,"A613",NA,NA,NA,NA,"CR",FALSE,"A613","I_A613",1,TRUE,"Mammalia"
"Ateles hybridus","Ateles hybridus",NA,"Brown Spider Monkey","Atelidae","MIG12-28734764","-","F","Fibro","DNA","K","WGS","RNA",NA,"A73","*A73*","AT6849/ORGONE_01","BB1540","https://www.iucnredlist.org/species/39961/17929680","CR",FALSE,"A73","I_A73",1,TRUE,"Mammalia"
"Ateles hybridus","Ateles hybridus",NA,"Brown Spider Monkey","Atelidae","QGH19-05276/13598","CAPTIVE","U","Fibro","DNA","WGS",NA,NA,NA,"A5","*A5*","L-AD5",NA,"https://animaldiversity.org/accounts/Ateles_hybridus/","CR",FALSE,"A5","I_A5",1,TRUE,"Mammalia"
"Ateles hybridus","Ateles hybridus",NA,"Brown Spider Monkey","Atelidae","QGH16-04259/BCN12875","CAPTIVE","F","Fibro","DNA",NA,NA,NA,NA,"A186","*A186*",NA,NA,"https://www.ncbi.nlm.nih.gov/Taxonomy/Browser/wwwtax.cgi?mode=Info&id=129801&lvl=3&lin=f&keep=1&srchmode=1&unlock","CR",FALSE,"A186","I_A186",1,TRUE,"Mammalia"
"Ateles hybridus","Ateles hybridus",NA,"Brown Spider Monkey","Atelidae","16879/2354","WILD","F","Fibro",NA,NA,NA,NA,NA,"A187","*A187*",NA,NA,NA,"CR",FALSE,"A187","I_A187",1,TRUE,"Mammalia"
"Ateles hybridus","Ateles hybridus",NA,"Brown Spider Monkey","Atelidae","MIG12-29017598","CAPTIVE","F","Fibro","DNA","WGS","iPSC",NA,NA,"A282","*A282*","AY5184",NA,NA,"CR",TRUE,"A282","I_A282",1,TRUE,"Mammalia"
"Ateles hybridus","Ateles hybridus",NA,"Brown Spider Monkey","Atelidae","QGH22-06077","CAPTIVE","M","Fibro","DNA",NA,NA,NA,NA,"A327","*A327*",NA,NA,NA,"CR",FALSE,"A327","I_A327",1,TRUE,"Mammalia"
"Ateles hybridus","Ateles hybridus",NA,"Brown Spider Monkey","Atelidae","QGH22-06222/QGH22-06222","CAPTIVE","U","Primary",NA,NA,NA,NA,NA,"A412","*A412*",NA,NA,NA,"CR",FALSE,"A412","I_A412",1,FALSE,"Mammalia"
"Ateles hybridus","Ateles hybridus",NA,"Brown Spider Monkey","Atelidae","QGH16-04259/ BARCELONA / 12875","CAPTIVE",NA,"Primary",NA,NA,NA,NA,NA,"A775",NA,NA,NA,NA,"CR",FALSE,"A775","I_A775",1,FALSE,"Mammalia"
"Ateles hybridus","Ateles hybridus",NA,"Brown Spider Monkey","Atelidae",NA,"CAPTIVE",NA,"Fibro",NA,NA,NA,NA,NA,"A780",NA,NA,NA,NA,"CR",FALSE,"A780","I_A780",1,TRUE,"Mammalia"
"Pongo pygmaeus","Pongo pygmaeus",NA,"Northwest Bornean orangutan","Hominidae","MIG12-3008890","CAPTIVE","F","Fibro","DNA","RNA","WGS","RNA-Seq",NA,"A318","*A318*","ORGONE_07","BB5600","https://animaldiversity.org/accounts/Pongo_pygmaeus/","CR",FALSE,"A318","I_A318",1,TRUE,"Mammalia"
"Pongo pygmaeus","Pongo pygmaeus",NA,"Northwest Bornean orangutan","Hominidae","Antoine Blancher (Chris Tyler-Smith)","-",NA,"Fibro","DNA","K","iPSC","WGS","Pongo pygmeaus A157","A157","*A157*","AX8918/ORGONE_07","BB1575",NA,"CR",TRUE,"A157","I_A157",1,TRUE,"Mammalia"
"Pongo pygmaeus","Pongo pygmaeus",NA,"Northwest Bornean orangutan","Hominidae","QGH22-06066/BARCELONA / 14107","CAPTIVE","M","Fibro","DNA","RNA","RNA-Seq",NA,NA,"A461",NA,NA,"BB1555",NA,"CR",FALSE,"A461","I_A461",1,TRUE,"Mammalia"
"Cercocebus  lunulatus","Cercocebus lunulatus",NA,"White-naped Mangabey","Cercopithecidae","MC21",NA,NA,"Primary",NA,NA,NA,NA,NA,"A162","*A162*",NA,NA,NA,"EN",FALSE,"A162","I_A162",1,FALSE,"Mammalia"
"Cercocebus  lunulatus","Cercocebus lunulatus",NA,"White-naped Mangabey","Cercopithecidae","QGH16-04243","CAPTIVE","F","Fibro","DNA","K","WGS","RNA","Cercocebus atys lunulatus A92","A92/A219/A368","*A92/A219/A368*","AX8907","BB1566","https://www.iucnredlist.org/species/4206/92247733","EN",FALSE,"A92","I_A92",3,TRUE,"Mammalia"
"Cercocebus  lunulatus","Cercocebus lunulatus",NA,"White-naped Mangabey","Cercopithecidae","QGH16-04243","CAPTIVE","F","Fibro","DNA","K","WGS","RNA","Cercocebus atys lunulatus A92","A92/A219/A368","*A92/A219/A368*","AX8907","BB1566","https://www.iucnredlist.org/species/4206/92247733","EN",FALSE,"A219","I_A92",3,TRUE,"Mammalia"
"Cercocebus  lunulatus","Cercocebus lunulatus",NA,"White-naped Mangabey","Cercopithecidae","QGH16-04243","CAPTIVE","F","Fibro","DNA","K","WGS","RNA","Cercocebus atys lunulatus A92","A92/A219/A368","*A92/A219/A368*","AX8907","BB1566","https://www.iucnredlist.org/species/4206/92247733","EN",FALSE,"A368","I_A92",3,TRUE,"Mammalia"
"Cercocebus  lunulatus","Cercocebus lunulatus",NA,"White-naped Mangabey","Cercopithecidae","QGH16-04193/: BARCELONA / 12808","CAPTIVE","M","Fibro","K","DNA","WGS","RNA",NA,"A102/A206/A306/A538","*A102/A206/A306/A538*","AX8915","BB1571","https://animaldiversity.org/accounts/Cercocebus_atys/","EN",FALSE,"A102","I_A102",3,TRUE,"Mammalia"
"Cercocebus  lunulatus","Cercocebus lunulatus",NA,"White-naped Mangabey","Cercopithecidae","QGH16-04193/: BARCELONA / 12808","CAPTIVE","M","Fibro","K","DNA","WGS","RNA",NA,"A102/A206/A306/A538","*A102/A206/A306/A538*","AX8915","BB1571","https://animaldiversity.org/accounts/Cercocebus_atys/","EN",FALSE,"A206","I_A102",3,TRUE,"Mammalia"
"Cercocebus  lunulatus","Cercocebus lunulatus",NA,"White-naped Mangabey","Cercopithecidae","QGH16-04193/: BARCELONA / 12808","CAPTIVE","M","Fibro","K","DNA","WGS","RNA",NA,"A102/A206/A306/A538","*A102/A206/A306/A538*","AX8915","BB1571","https://animaldiversity.org/accounts/Cercocebus_atys/","EN",FALSE,"A306","I_A102",3,TRUE,"Mammalia"
"Cercocebus  lunulatus","Cercocebus lunulatus",NA,"White-naped Mangabey","Cercopithecidae","4858688/JEREZ / MC2","CAPTIVE","F","Primary",NA,NA,NA,NA,NA,"A241",NA,NA,NA,"https://www.ncbi.nlm.nih.gov/Taxonomy/Browser/wwwtax.cgi?mode=Info&id=9531&lvl=3&lin=f&keep=1&srchmode=1&unlock","EN",FALSE,"A241","I_A241",1,FALSE,"Mammalia"
"Cercocebus  lunulatus","Cercocebus lunulatus",NA,"White-naped Mangabey","Cercopithecidae","QGH16-04293/BARCELONA / 12898","CAPTIVE","F","Fibro","DNA","SEQ",NA,NA,NA,"A369","*A369*","AX8908",NA,NA,"EN",FALSE,"A369","I_A369",1,TRUE,"Mammalia"
"Cercocebus  lunulatus","Cercocebus lunulatus",NA,"White-naped Mangabey","Cercopithecidae","QGH16-04243 / BARCELONA / 12855","CAPTIVE","F","Fibro",NA,NA,NA,NA,NA,"A622",NA,NA,NA,NA,"EN",FALSE,"A622","I_A622",1,TRUE,"Mammalia"
"Cercocebus torquatus","Cercocebus torquatus",NA,"Red-capped mangabey","Cercopithecidae","QGH14-02193/BARCELONA / 12333","CAPTIVE","M","Fibro","DNA","RNA","WGS","RNA-Seq",NA,"A183","*A183*","ABA23445","BB5570","https://www.iucnredlist.org/species/4201/154210757","EN",FALSE,"A183","I_A183",1,TRUE,"Mammalia"
"Cercocebus torquatus","Cercocebus torquatus",NA,"Red-capped mangabey","Cercopithecidae","5724123 Barcelona/9381","CAPTIVE","M","Fibro","DNA",NA,NA,NA,NA,"A287","*A287*",NA,NA,"https://www.ncbi.nlm.nih.gov/search/all/?term=Cercocebus%20torquatus","EN",FALSE,"A287","I_A287",1,TRUE,"Mammalia"
"Lophocebus aterrimus","Lophocebus aterrimus",NA,"Black Mangabey","Cercopithecidae","QVG16-00005/ELCHE SAF / 1301","CAPTIVE","M","unclear",NA,NA,NA,NA,NA,"A154",NA,NA,NA,"https://www.iucnredlist.org/species/12310/166607638","VU",FALSE,"A154","I_A154",1,TRUE,"Mammalia"
"Lophocebus aterrimus","Lophocebus aterrimus",NA,"Black Mangabey","Cercopithecidae","MIG12-28090305/ELCHE SAF / 1337","CAPTIVE","F","unclear",NA,NA,NA,NA,NA,"A277",NA,NA,NA,"https://animaldiversity.org/accounts/Cercopithecus_wolfi/","VU",FALSE,"A277","I_A277",1,TRUE,"Mammalia"
"Lophocebus aterrimus","Lophocebus aterrimus",NA,"Black Mangabey","Cercopithecidae","QVG23-00403/ELCHE SAF / 1869","CAPTIVE","M","Fibro",NA,NA,NA,NA,NA,"A789",NA,NA,NA,"https://www.ncbi.nlm.nih.gov/Taxonomy/Browser/wwwtax.cgi","VU",FALSE,"A789","I_A789",1,TRUE,"Mammalia"
"Mandrillus sphinx","Mandrillus sphinx",NA,"Mandrill","Cercopithecidae","WKP21-01923/MN31","CAPTIVE","F","Fibro","DNA","RNA","K","WGS","Mandrillus sphinx A163","A163","*A163*","AX8919","BB5584","https://www.iucnredlist.org/species/12754/17952325","VU",TRUE,"A163","I_A163",1,TRUE,"Mammalia"
"Mandrillus sphinx","Mandrillus sphinx",NA,"Mandrill","Cercopithecidae","8425827/MADRIDZ/MN17","CAPTIVE","M","Fibro","DNA","RNA","WGS",NA,NA,"A339","*A339*","ABA23284",NA,"https://animaldiversity.org/accounts/Mandrillus_sphinx/","VU",FALSE,"A339","I_A339",1,TRUE,"Mammalia"
"Mandrillus sphinx","Mandrillus sphinx",NA,"Mandrill","Cercopithecidae","MIG12-29480735/MADRID Z / MN16","CAPTIVE","F","Fibro","DNA","RNA",NA,NA,NA,"A618",NA,NA,NA,"https://www.ncbi.nlm.nih.gov/Taxonomy/Browser/wwwtax.cgi","VU",FALSE,"A618","I_A618",1,TRUE,"Mammalia"
"Mandrillus leucophaeus","Mandrillus leucophaeus",NA,"Drill","Cercopithecidae","QGH13-01342","CAPTIVE","F","Fibro",NA,NA,NA,NA,NA,"A360","*A360*",NA,NA,"https://www.iucnredlist.org/species/12753/17952490","VU",FALSE,"A360","I_A360",1,TRUE,"Mammalia"
"Mandrillus leucophaeus","Mandrillus leucophaeus",NA,"Drill","Cercopithecidae","QGH14-02210","CAPTIVE","F","Fibro",NA,NA,NA,NA,NA,"A359","*A359*",NA,NA,NA,"VU",FALSE,"A359","I_A359",1,TRUE,"Mammalia"
"Mandrillus leucophaeus","Mandrillus leucophaeus",NA,"Drill","Cercopithecidae","MIG12-29591019/BARCELONA / 6329","CAPTIVE","F","Fibro","DNA",NA,NA,NA,NA,"A381","*A381*",NA,NA,NA,"VU",FALSE,"A381","I_A381",1,TRUE,"Mammalia"
"Miopithecus ogouensis","Miopithecus ogouensis",NA,"Northern Talapoin Monkey","Cercopithecidae","QGH21-05798/ BARCELONA / 13935","CAPTIVE","U","Primary",NA,NA,NA,NA,NA,"A165",NA,NA,NA,"https://www.iucnredlist.org/species/41570/17953573","NT",FALSE,"A165","I_A165",1,FALSE,"Mammalia"
"Miopithecus ogouensis","Miopithecus ogouensis",NA,"Northern Talapoin Monkey","Cercopithecidae","YRV19-03423/13504/BARCELONA","-","F","Fibro","DNA","RNA","WGS","RNA-Seq",NA,"A272","*A272*","ABA23427","BB5585","https://www.ncbi.nlm.nih.gov/Taxonomy/Browser/wwwtax.cgi","NT",TRUE,"A272","I_A272",1,TRUE,"Mammalia"
"Miopithecus talapoin","Miopithecus talapoin",NA,"Southern Talapoin Monkey","Cercopithecidae","MIG12-28734712/BARCELONA / 10756","WILD","F","Fibro",NA,NA,NA,NA,NA,"A765",NA,NA,NA,NA,"VU",FALSE,"A765","I_A765",1,TRUE,"Mammalia"
"Cercopithecus neglectus","Cercopithecus neglectus",NA,"De Brazza’s Monkey","Cercopithecidae","26674024/13192","CAPTIVE","F","Fibro",NA,NA,NA,NA,NA,"A174","*A174*",NA,NA,"https://www.iucnredlist.org/species/4223/17947167","LC",FALSE,"A174","I_A174",1,TRUE,"Mammalia"
"Cercopithecus neglectus","Cercopithecus neglectus",NA,"De Brazza’s Monkey","Cercopithecidae","23668408/ BARCELONA / 13079","CAPTIVE","M","Fibro","DNA",NA,NA,NA,NA,"A616",NA,NA,NA,NA,"LC",FALSE,"A616","I_A616",1,TRUE,"Mammalia"
"Papio cynocephalus","Papio cynocephalus",NA,"Yellow Baboon","Cercopithecidae","NO ZIMS (F/HYBRDID?)",NA,NA,"Fibro","DNA","WGS","RNA","RNA-Seq",NA,"A274","*A274*","AY5183","BB1535",NA,"LC?",FALSE,"A274","I_A274",1,TRUE,"Mammalia"
"Papio cynocephalus","Papio cynocephalus",NA,"Yellow Baboon","Cercopithecidae","NO ZIMS",NA,NA,"Fibro","DNA","WGS","RNA",NA,NA,"A530",NA,"ABA20131",NA,NA,"LC?",FALSE,"A530","I_A530",1,TRUE,"Mammalia"
"Papio cynocephalus","Papio cynocephalus",NA,"Yellow Baboon","Cercopithecidae","NO ZIMS",NA,NA,"Fibro","DNA",NA,NA,NA,NA,"A639",NA,NA,NA,NA,"LC?",FALSE,"A639","I_A639",1,TRUE,"Mammalia"
"Papio cynocephalus","Papio cynocephalus",NA,"Yellow Baboon","Cercopithecidae","Papio (0/1 ""467S"" PIEL)",NA,NA,"Fibro",NA,NA,NA,NA,NA,"A736",NA,NA,NA,NA,"LC?",FALSE,"A736","I_A736",1,TRUE,"Mammalia"
"Papio cynocephalus","Papio cynocephalus",NA,"Yellow Baboon","Cercopithecidae","Papio (oreja izquierda)",NA,NA,"Primary",NA,NA,NA,NA,NA,"A737",NA,NA,NA,NA,"LC?",FALSE,"A737","I_A737",1,FALSE,"Mammalia"
"Papio cynocephalus","Papio cynocephalus",NA,"Yellow Baboon","Cercopithecidae","Papio (Tuerto cojera EPD)",NA,NA,"Primary",NA,NA,NA,NA,NA,"A738",NA,NA,NA,NA,"LC?",FALSE,"A738","I_A738",1,FALSE,"Mammalia"
"Papio cynocephalus","Papio cynocephalus",NA,"Yellow Baboon","Cercopithecidae","Papio ""masa axila""",NA,NA,"Primary",NA,NA,NA,NA,NA,"A741",NA,NA,NA,NA,"LC?",FALSE,"A741","I_A741",1,FALSE,"Mammalia"
"Papio cynocephalus","Papio cynocephalus",NA,"Yellow Baboon","Cercopithecidae","Papio",NA,NA,"Primary",NA,NA,NA,NA,NA,"A742",NA,NA,NA,NA,"LC?",FALSE,"A742","I_A742",1,FALSE,"Mammalia"
"Papio cynocephalus","Papio cynocephalus",NA,"Yellow Baboon","Cercopithecidae","Papio ""delgada""",NA,NA,"Primary",NA,NA,NA,NA,NA,"A743",NA,NA,NA,NA,"LC?",FALSE,"A743","I_A743",1,FALSE,"Mammalia"
"Macaca sylvanus","Macaca sylvanus",NA,"Barbary macaque","Cercopithecidae","MIG12-28734788/BARCELONA/10699","WILD","M","Fibro","DNA","RNA","WGS","RNA-Seq",NA,"A300","*A300*","AX8912","BB5583",NA,"EN",FALSE,"A300","I_A300",1,TRUE,"Mammalia"
"Macaca sylvanus","Macaca sylvanus",NA,"Barbary macaque","Cercopithecidae","MIG12-29661833/[10696/BARCELONA","WILD","F","Fibro","DNA","RNA","WGS",NA,NA,"A492",NA,NA,NA,NA,"EN",FALSE,"A492","I_A492",1,TRUE,"Mammalia"
"Macaca sylvanus","Macaca sylvanus",NA,"Barbary macaque","Cercopithecidae","MIG12-29105006/10697","WILD","M","Fibro",NA,NA,NA,NA,NA,"A732",NA,NA,NA,NA,"EN",FALSE,"A732","I_A732",1,TRUE,"Mammalia"
"Cercopithecus nictitans martini","Cercopithecus nictitans","martini","Martin's putty-nosed guenon","Cercopithecidae","MIG12-28825056 / BARCELONA / 1804","WILD","F","Fibro",NA,NA,NA,NA,NA,"A719",NA,NA,NA,"https://www.iucnredlist.org/species/92488656/222902568","EN",FALSE,"A719","I_A719",1,TRUE,"Mammalia"
"Hylobates muelleri","Hylobates muelleri",NA,"Bornean Gibbon","Hylobatidae","27920039/MADRID Z / GM2","UNKNOWN","M","Fibro","DNA",NA,NA,NA,NA,"A298","*A298*",NA,NA,NA,"EN",FALSE,"A298","I_A298",1,TRUE,"Mammalia"
"Hylobates pileatus","Hylobates pileatus",NA,"Pileated Gibbon","Hylobatidae","24150276/BARCELONA / 11283","CAPTIVE","M","Fibro","DNA",NA,NA,NA,NA,"A379","*A379*",NA,NA,"https://www.iucnredlist.org/species/10552/17966665","EN",FALSE,"A379","I_A379",1,TRUE,"Mammalia"
"Hylobates lar","Hylobates lar",NA,"White-handed Gibbon","Hylobatidae","25620264/MADRID Z / GMB2","CAPTIVE","M","Primary",NA,NA,NA,NA,NA,"A432",NA,NA,NA,"https://www.iucnredlist.org/species/10548/17967253","EN",FALSE,"A432","I_A432",1,FALSE,"Mammalia"
"Hylobates lar","Hylobates lar",NA,"White-handed Gibbon","Hylobatidae","HBY14-00185/ELCHE SAF / 1276","CAPTIVE","M","Fibro","DNA",NA,NA,NA,NA,"A467",NA,NA,NA,NA,"EN",FALSE,"A467","I_A467",1,TRUE,"Mammalia"
"Erinaceus europaeus","Erinaceus europaeus",NA,"West European Hedgehog","Erinaceinae","ERIZO1",NA,NA,"Primary",NA,NA,NA,NA,NA,"A211",NA,NA,NA,"https://www.iucnredlist.org/species/29650/2791303","LC",FALSE,"A211","I_A211",1,FALSE,"Mammalia"
"Erinaceus europaeus","Erinaceus europaeus",NA,"West European Hedgehog","Erinaceinae","QGH20-05451-IA",NA,NA,"Primary",NA,NA,NA,NA,NA,"A40",NA,NA,NA,"https://animaldiversity.org/accounts/Erinaceus_europaeus/","LC",FALSE,"A40","I_A40",1,FALSE,"Mammalia"
"Suncus etruscus","Suncus etruscus",NA,"Pygmy White-toothed Shrew","Soricidae",NA,NA,NA,"Primary",NA,NA,NA,NA,NA,"A64",NA,NA,NA,"https://www.iucnredlist.org/species/90389138/22288134","LC",FALSE,"A64","I_A64",1,FALSE,"Mammalia"
"Artibeus jamaicensis","Artibeus jamaicensis",NA,"Jamaican Fruit-eating Bat","Chiroptera",NA,NA,NA,"Primary",NA,NA,NA,NA,NA,"A161",NA,NA,NA,"https://www.iucnredlist.org/species/14919/22016159","LC",FALSE,"A161","I_A161",1,FALSE,"Mammalia"
"Pteropus lylei","Pteropus lylei",NA,"Lyle's flying fox","Chiroptera","17963235/BARCELONA / 5732","CAPTIVE","M","Fibro","DNA",NA,NA,NA,NA,"A194","*A194*",NA,NA,"https://www.iucnredlist.org/species/18734/22082429","VU",FALSE,"A194","I_A194",1,TRUE,"Mammalia"
"Pteropus lylei","Pteropus lylei",NA,"Lyle's flying fox","Chiroptera","MIG12-29239579","CAPTIVE","F","Fibro",NA,NA,NA,NA,NA,"A279","*A279*",NA,NA,NA,"VU",FALSE,"A279","I_A279",1,TRUE,"Mammalia"
"Pteropus lylei","Pteropus lylei",NA,"Lyle's flying fox","Chiroptera","MIG12-28324384/MIG12-28324384","CAPTIVE","F","Fibro","DNA",NA,NA,NA,NA,"A419","*A419*",NA,NA,NA,"VU",FALSE,"A419","I_A419",1,TRUE,"Mammalia"
"Pteropus lylei","Pteropus lylei",NA,"Lyle's flying fox","Chiroptera","12022607/ BARCELONA / 4175","CAPTIVE","F","Fibro","DNA","RNA","WGS","RNA-Seq",NA,"A555",NA,"ABA23491/A555_1","BB5601",NA,"VU",FALSE,"A555","I_A555",1,TRUE,"Mammalia"
"Pteropus lylei","Pteropus lylei",NA,"Lyle's flying fox","Chiroptera","17964467 / BARCELONA / 8210","CAPTIVE","F","Fibro",NA,NA,NA,NA,NA,"A577",NA,NA,NA,NA,"VU",FALSE,"A577","I_A577",1,TRUE,"Mammalia"
"Pteropus lylei","Pteropus lylei",NA,"Lyle's flying fox","Chiroptera","QGH24-06738 / BARCELONA / 14607","CAPTIVE","U","Fibro","DNA",NA,NA,NA,NA,"A582",NA,NA,NA,NA,"VU",FALSE,"A582","I_A582",1,TRUE,"Mammalia"
"Myrmecophaga tridactyla","Myrmecophaga tridactyla",NA,"Giant Anteater","Myrmecophagidae","-",NA,NA,"Primary",NA,NA,NA,NA,NA,"A342","*A342*",NA,NA,NA,"LC",FALSE,"A342","I_A342",1,FALSE,"Mammalia"
"Myrmecophaga tridactyla","Myrmecophaga tridactyla",NA,"Giant Anteater","Myrmecophagidae","26855739/MADRID Z / OH4","CAPTIVE","F","Primary","WGS",NA,NA,NA,NA,"A436","*A436*","ABA23944",NA,NA,"LC",FALSE,"A436","I_A436",1,FALSE,"Mammalia"
"Procavia capensis","Procavia capensis",NA,"Rock hyrax","Procaviidae","CGK10-00254/BIOPARCVA / V11164","CAPTIVE","F","Fibro","DNA","RNA","RNA-Seq",NA,NA,"A353","*A353*",NA,"BB1521",NA,"LC",FALSE,"A353","I_A353",1,TRUE,"Mammalia"
"Procavia capensis","Procavia capensis",NA,"Rock hyrax","Procaviidae",NA,"CAPTIVE",NA,"Fibro","DNA","RNA","WG","RNA-SEq",NA,"A469",NA,"ABA23475","BB1563",NA,"LC",FALSE,"A469","I_A469",1,TRUE,"Mammalia"
