"scientific_name","species","subspecies","subfamily","cites_annex","iucn_category","individuals","sex","superclass","cell_line","karyotype","dna","rna","wgs_sequencing","rna_seq","i_psc","tissue_of_origin","alternative_name","species_","taxon_id","synonym","tolid_prefix","assembly_id","assembly_name","genbank_accession","refseq_accession","genus","family","order","class","phylum","kingdom","superkingdom","c_value","genome_size","genome_size_draft","contig_n50","gene_count","assembly_date","assembly_level","assembly_span","scaffold_n50","busco_completeness","chromosome_number","haploid_number","ploidy","sequencing_status","published","TOGA","common_name","genome_match","species_genome","divergence_mya_adj","taxon_id_ref","status","precomputed_age","adjusted_age","zoonomia","genome","annotation","individuals_cl","cell_lines","fibro","pbmc","ipsc","fibro_l","nspecies","cat","cat_num","fibro2","to_process","order2","selected"
"Pleurodeles waltl","Pleurodeles waltl",NA,NA,NA,"NEAR THREATENED",2,"U","Amphibia","Fibro",NA,"X",NA,"X",NA,NA,"larvae/Trachea",NA,"Pleurodeles_waltl","8319","Pleurodeles waltlii",NA,NA,NA,NA,NA,"Pleurodeles","Salamandridae","Caudata","Amphibia","Chordata","Metazoa",NA,21.40625,20929200000,NA,20474000,13359,"2024-03-19","Chromosome",19767450834,1360680797,NA,24,12,3,"insdc_open",NA,"toga1/2","Sharp-ribbed Salamander,Spanish ribbed newt;Iberian ribbed newt","species","Pleurodeles waltl",1e-4,NA,NA,NA,NA,FALSE,TRUE,TRUE,3,1,1,0,0,TRUE,2,"Both",1,1,1,"Other",FALSE
"Lissotriton helveticus","Lissotriton helveticus",NA,NA,NA,"LEAST CONCERN",1,"U","Amphibia","Fibro",NA,NA,NA,NA,NA,NA,"Tail",NA,"Lissotriton_helveticus","256425","Lacerta helvetica;Triturus helveticus;Lacerta paradoxa helvetica;Salamandra palmata;Salamandra palmipes",NA,NA,NA,NA,NA,"Lissotriton","Salamandridae","Caudata","Amphibia","Chordata","Metazoa",NA,26.34375,25760520000,NA,7795245,NA,"2024-10-17","Chromosome",23170028842,2132484007,93,24,12,3,"insdc_open",NA,"toga1/2","Palmate Newt,Palmate newt;Newt, Palmate;palmate newt","species","Lissotriton helveticus",1e-4,NA,NA,NA,NA,FALSE,TRUE,TRUE,1,0,1,0,0,TRUE,2,"Both",1,1,1,"Other",FALSE
"Xenopus laevis","Xenopus laevis",NA,NA,NA,"LEAST CONCERN",1,NA,"Amphibia","Fibro",NA,"X",NA,"X",NA,NA,"Skin/liver/heart/muscle/eye",NA,"Xenopus_laevis","8355","Bufo laevis",NA,NA,NA,NA,NA,"Xenopus","Pipidae","Anura","Amphibia","Chordata","Metazoa",NA,3.150390625,3080700000,NA,22451507,45942,"2021-04-12","Chromosome",2730434022,155250555,NA,36,18,4,"insdc_open",NA,"toga1/2","African Clawed Frog,African clawed frog","species","Xenopus laevis",1e-4,NA,NA,NA,NA,FALSE,TRUE,TRUE,1,0,1,0,0,TRUE,4,"Both",1,1,1,"Anura",FALSE
"Xenopus tropicalis","Xenopus tropicalis",NA,NA,NA,"LEAST CONCERN",1,NA,"Amphibia","Fibro",NA,NA,NA,NA,NA,NA,"Skin/liver/heart/muscle/eye",NA,"Xenopus_tropicalis","8364","Silurana tropicalis;Xenopus laevis tropicalis;Xenopus (Silurana) tropicalis",NA,NA,NA,NA,NA,"Xenopus","Pipidae","Anura","Amphibia","Chordata","Metazoa",NA,1.740234375,1701720000,NA,14634335,25015,"2019-11-14","Chromosome",1451283599,153961319,88.5,20,10,2,"insdc_open",NA,"toga1/2","Tropical Clawed Frog,Western clawed frog;tropical clawed frog","species","Xenopus tropicalis",1e-4,NA,NA,NA,NA,FALSE,TRUE,TRUE,1,1,1,0,0,TRUE,4,"Both",1,1,1,"Anura",FALSE
"Discoglossus pictus","Discoglossus pictus",NA,NA,NA,"LEAST CONCERN",1,"U","Amphibia","Fibro",NA,"x","x",NA,NA,NA,"Fingertips/Tail",NA,"Discoglossus_pictus","8351","Pseudes pictus;Rana picta;Colodactylus coerulescens",NA,NA,NA,NA,NA,"Discoglossus","Alytidae","Anura","Amphibia","Chordata","Metazoa",NA,5.25,5134500000,NA,3043591,NA,"2022-12-28","Chromosome",3872581802,453717995,NA,28,14,4,"insdc_open",NA,"toga1/2","Painted Frog,Painted frog;painted frog","species","Discoglossus pictus",1e-4,NA,NA,NA,NA,FALSE,TRUE,TRUE,2,1,1,0,0,TRUE,4,"Both",1,1,1,"Anura",FALSE
"Leptodactylus fallax","Leptodactylus fallax",NA,NA,NA,"CRITICALLY ENDANGERED",1,"M","Amphibia","Fibro",NA,NA,NA,NA,NA,NA,"Muscle / skin / heart",NA,"Leptodactylus_fallax","375434","Leptodactylus dominicensis",NA,NA,NA,NA,NA,"Leptodactylus","Leptodactylidae","Anura","Amphibia","Chordata","Metazoa",NA,3.212890625,3141825000,NA,4630249,NA,"2022-10-08","Scaffold",2510271426,4630249,NA,22,11,4,"insdc_open",NA,"toga1/2","Mountain Chicken,mountain chicken frog","species","Leptodactylus fallax",1e-4,NA,NA,NA,NA,FALSE,TRUE,TRUE,1,1,1,0,0,TRUE,4,"Both",1,1,1,"Anura",FALSE
"Crocodylus rhombifer","Crocodylus rhombifer",NA,NA,"I","CRITICALLY ENDANGERED",1,"F","Reptil","Fibro",NA,"X","X","X","X",NA,"Trachea",NA,"Crocodylus_rhombifer","184239","Crocodilus rhombifer;Crocodilus gravesii;Crocodilus planirostris;Crocodilus pristinus;Crocodylus antillensis;Crocodylus pristinus",NA,NA,NA,NA,NA,"Crocodylus","Crocodylidae","Crocodylia",NA,"Chordata","Metazoa",NA,2.83984375,2777520000,NA,99156,NA,"2024-04-26","Scaffold",2305509932,478168,NA,30,15,2,"insdc_open",NA,"toga1/2","Cuban Crocodile,Cuban crocodile","species","Crocodylus rhombifer",1e-4,NA,NA,NA,NA,FALSE,TRUE,TRUE,1,1,1,0,0,TRUE,1,"Both",1,1,1,"Other",FALSE
"Aldabrachelys gigantea","Aldabrachelys gigantea",NA,NA,"II","VULNERABLE",2,"U/U","Reptil","Fibro",NA,"X","X","X","X",NA,NA,"Geochelone gigantea","Aldabrachelys_gigantea","167804","Aldabrachelys dussumieri;Aldabrachelys elephantina;Dipsochelys dussumieri;Geochelone gigantea;Testudo gigantea;Aldabrachelys gigantea gigantea;Dipsochelys daudinii;Geochelone dussumieri;Megalochelys gigantea;Testudo daudinii;Testudo dussumieri;Testudo elephantina;Testudo gigantea daudinii;Testudo gouffei;Testudo hololissa;Testudo indica;Testudo ponderosa;Testudo sumeirei",NA,NA,NA,NA,NA,"Aldabrachelys","Testudinidae","Testudines",NA,"Chordata","Metazoa",NA,2.955078125,2889990000,NA,58656949,NA,"2022-11-15","Chromosome",2373354137,148569599,NA,52,26,2,"insdc_open",NA,"toga1/2","Aldabra giant tortoise","species","Aldabrachelys gigantea",1e-4,NA,NA,NA,NA,FALSE,TRUE,TRUE,2,1,1,0,0,TRUE,1,"Both",1,1,1,"Other",FALSE
"Varanus albigularis","Varanus albigularis",NA,NA,"II","LEAST CONCERN",1,"F","Reptil","Fibro",NA,"X","X",NA,"X",NA,"Tissue",NA,"Varanus_albigularis","8558","Varanus exanthematicus albigularis;Monitor albigularis;Tupinambis albigularis;Varanus albogularis;Varanus gilli;Varanus microstictus",NA,NA,NA,NA,NA,"Varanus","Varanidae","Squamata","Lepidosauria","Chordata","Metazoa",NA,2.0546875,2009790000,NA,9422,NA,"2024-10-23","Scaffold",1660173986,14924,NA,40,20,3,"insdc_open",NA,"toga1/2","White-throated monitor","species","Varanus albigularis",1e-4,NA,NA,NA,NA,FALSE,TRUE,TRUE,1,1,1,0,0,TRUE,5,"Both",1,1,1,"Squamata",FALSE
"Caribicus warreni","Caribicus warreni",NA,NA,NA,"VULNERABLE",2,"M/M","Reptil","Fibro",NA,"X","X","X","X",NA,"Trachea",NA,"Caribicus_warreni","865857","Celestus warreni;Diploglossus warreni;Celestus warreni warreni",NA,NA,NA,NA,NA,"Caribicus","Diploglossidae","Squamata","Lepidosauria","Chordata","Metazoa",NA,1.5498046875,1515900000,NA,NA,NA,NA,NA,1979655064,NA,NA,36,18,3,NA,NA,"toga1/2",NA,"none","none",1e-4,NA,NA,NA,NA,FALSE,TRUE,TRUE,2,1,1,0,0,TRUE,5,"Both",1,1,1,"Squamata",FALSE
"Malpolon monspessulanus","Malpolon monspessulanus",NA,NA,NA,"LEAST CONCERN",2,"U/F","Reptil","Fibro",NA,"X",NA,NA,NA,NA,NA,NA,"Malpolon_monspessulanus","184164","Coluber monspessulanus;Coelopeltis insignitus;Coelopeltis lacertina;Coelopeltis monspessulana;Coelopeltis monspessulanus;Coelopeltis monspessulanus occidentalis;Coluber insignitus;Coluber monspeliensis;Malpolon monspessulana;Malpolon monspessulanus fuscus;Natrix lacertina;Psammophis lacertina;Rhabdodon fuscus",NA,NA,NA,NA,NA,"Malpolon","Lamprophiidae","Squamata","Lepidosauria","Chordata","Metazoa",NA,1.509765625,1476780000,NA,32743049,NA,"2024-09-25","Chromosome",1752149986,121923953,NA,42,21,3,"insdc_open",NA,"toga1/2","Western Montpellier Snake,Montpellier snake","species","Malpolon monspessulanus",1e-4,NA,NA,NA,NA,FALSE,TRUE,TRUE,2,1,1,0,0,TRUE,5,"Both",1,1,1,"Squamata",FALSE
"Hemorrhois hippocrepis","Hemorrhois hippocrepis",NA,NA,NA,"LEAST CONCERN",1,"U","Reptil","Fibro",NA,"X",NA,NA,NA,NA,NA,NA,"Hemorrhois_hippocrepis","166086","Calopeltis hippocrepis;Coluber hippocrepis;Zamenis hippocrepis;Coluber diadema;Coluber domesticus;Coluber hippocrepis intermedius;Haemorrhois hippocrepis;Hemerrhois hippocrepis;Hemmorrhois hippocrepis;Natrix hippocrepis;Periops hippocrepis",NA,NA,NA,NA,NA,"Hemorrhois","Colubridae","Squamata","Lepidosauria","Chordata","Metazoa",NA,1.73046875,1691940000,NA,54718507,NA,"2024-11-17","Chromosome",1806509314,153613759,NA,36,18,3,"insdc_open",NA,"toga1/2","Horseshoe Whip Snake,horseshoe snake","species","Hemorrhois hippocrepis",1e-4,NA,NA,NA,NA,FALSE,TRUE,TRUE,1,1,1,0,0,TRUE,5,"Both",1,1,1,"Squamata",FALSE
"Ctenosaura bakeri","Ctenosaura bakeri",NA,NA,NA,"CRITICALLY ENDANGERED",1,NA,"Reptil","Fibro",NA,"X",NA,"X",NA,NA,"Kidney",NA,"Ctenosaura_bakeri","500334","Enyaliosaurus bakeri",NA,NA,NA,NA,NA,"Ctenosaura","Iguanidae","Squamata","Lepidosauria","Chordata","Metazoa",NA,2.66015625,2601480000,NA,444732,NA,"2023-02-03","Contig",1915228381,444732,NA,36,18,3,"insdc_open",NA,"toga1/2",NA,"species","Ctenosaura bakeri",1e-4,NA,NA,NA,NA,FALSE,TRUE,TRUE,1,1,1,0,0,TRUE,5,"Both",1,1,1,"Squamata",FALSE
"Jacana jacana","Jacana jacana",NA,NA,"-","LEAST CONCERN",1,"M","Birds","Fibro",NA,"X","X","X","X",NA,"Trachea",NA,"Jacana_jacana","54508","Parra jacana",NA,NA,NA,NA,NA,"Jacana","Jacanidae","Charadriiformes","Aves","Chordata","Metazoa",NA,1.5048828125,1418100000,NA,31221,14651,"2020-07-10","Scaffold",1085086281,126631,NA,82,41,2,"insdc_open",NA,"not_in_toga","Wattled jacana,wattled jacana","species","Jacana jacana",1e-4,NA,NA,NA,NA,FALSE,TRUE,TRUE,1,1,1,0,0,TRUE,1,"Both",1,1,1,"Other",FALSE
"Ciconia ciconia","Ciconia ciconia",NA,NA,"II","LEAST CONCERN",3,"U/U/U","Birds","Fibro","X","X",NA,"X",NA,NA,"Tissue",NA,"Ciconia_ciconia","8928","Ardea ciconia",NA,NA,NA,NA,NA,"Ciconia","Ciconiidae","Ciconiiformes","Aves","Chordata","Metazoa",NA,1.580078125,1545240000,NA,180212,NA,"2023-07-31","Scaffold",1255657256,24544117,NA,68,34,2,"insdc_open",NA,"toga1/2","White stork,White stork;White Stork","species","Ciconia ciconia",1e-4,NA,NA,NA,NA,FALSE,TRUE,TRUE,3,1,1,0,0,TRUE,1,"Both",1,1,1,"Other",FALSE
"Colius striatus","Colius striatus",NA,NA,"-","LEAST CONCERN",2,"U/M","Birds","Fibro",NA,"X",NA,"X",NA,NA,"Trachea",NA,"Colius_striatus","57412",NA,NA,NA,NA,NA,NA,"Colius","Coliidae","Coliiformes","Aves","Chordata","Metazoa",NA,1.4697265625,1437660000,NA,21931325,12892,"2023-02-24","Chromosome",1144198233,89023854,83.7,78,39,2,"insdc_open",NA,"toga2","Speckled Mousebird,speckled mousebird","species","Colius striatus",1e-4,NA,NA,NA,NA,FALSE,TRUE,TRUE,3,1,1,0,0,TRUE,1,"Both",1,1,1,"Other",FALSE
"Rhea americana","Rhea americana",NA,NA,"II","NEAR THREATENED",2,"F/F","Birds","Fibro",NA,"X",NA,"X",NA,NA,"Trachea/Skin",NA,"Rhea_americana","8797","Struthio americanus",NA,NA,NA,NA,NA,"Rhea","Rheidae","Rheiformes","Aves","Chordata","Metazoa",NA,1.58984375,1555020000,NA,88762,NA,"2018-07-26","Scaffold",1160836514,3949999,96.9,80,40,2,"insdc_open",NA,"not_in_toga","Greater rhea,greater rhea","species","Rhea americana",1e-4,NA,NA,NA,NA,FALSE,TRUE,FALSE,2,2,2,0,0,TRUE,1,"Both",1,2,2,"Other",FALSE
"Apus apus","Apus apus",NA,NA,"?","LEAST CONCERN",1,NA,"Birds","Fibro",NA,NA,NA,NA,NA,NA,NA,NA,"Apus_apus","8895","Hirundo apus;Cypselus apus",NA,NA,NA,NA,NA,"Apus","Apodidae","Apodiformes","Aves","Chordata","Metazoa",NA,1.2802734375,1251840000,NA,25561769,NA,"2021-11-04","Chromosome",1100361224,115508478,NA,78,39,2,"insdc_open",NA,"toga2","Common swift,Swift;Common Swift;common swift","species","Apus apus",1e-4,NA,NA,NA,NA,FALSE,TRUE,TRUE,1,0,1,0,0,TRUE,1,"Both",1,1,1,"Other",TRUE
"Bucorvus leadbeateri","Bucorvus leadbeateri",NA,NA,"-","VULNERABLE",1,"U","Birds","Fibro",NA,"X",NA,NA,NA,NA,"Trachea",NA,"Bucorvus_leadbeateri","155086","Buceros leadbeateri;Bucorvus cafer;Bucorvus leadbeateri cafer",NA,NA,NA,NA,NA,"Bucorvus","Bucorvidae","Bucerotiformes","Aves","Chordata","Metazoa",NA,1.4296875,1398540000,NA,574159,NA,"2024-10-03","Chromosome",1159150851,40451533,NA,88,44,2,"insdc_open",NA,"toga1/2","Southern ground hornbill,southern ground hornbill","species","Bucorvus leadbeateri",1e-4,NA,NA,NA,NA,FALSE,TRUE,TRUE,1,1,1,0,0,TRUE,1,"Both",1,1,1,"Other",FALSE
"Falco naumanni","Falco naumanni",NA,NA,"II","LEAST CONCERN",2,"F/F","Birds","Fibro",NA,"X",NA,NA,NA,NA,"Tissue/Trachea",NA,"Falco_naumanni","148594","Cerchneis naumanni",NA,NA,NA,NA,NA,"Falco","Falconidae","Falconiformes","Aves","Chordata","Metazoa",NA,1.4345703125,1403430000,NA,13754753,NA,"2021-03-30","Chromosome",1215702009,91761059,97.1,52,26,2,"insdc_open",NA,"not_in_toga","Lesser Kestrel,Lesser Kestrel;lesser kestrel","species","Falco naumanni",1e-4,NA,NA,NA,NA,FALSE,TRUE,FALSE,2,0,1,0,0,TRUE,1,"Both",1,1,1,"Other",TRUE
"Ramphastos toco","Ramphastos toco",NA,NA,"II","LEAST CONCERN",1,"M","Birds","Fibro",NA,"X",NA,"x",NA,NA,"Tissue",NA,"Ramphastos_toco","95723",NA,NA,NA,NA,NA,NA,"Ramphastos","Ramphastidae","Piciformes","Aves","Chordata","Metazoa",NA,1.7998046875,1760400000,NA,10117,NA,"2024-07-30","Scaffold",1283093693,32078995,NA,106,57,2,"insdc_open",NA,"toga1/2","Toco toucan,Toco toucan;toco toucan","species","Ramphastos toco",1e-4,NA,NA,NA,NA,FALSE,TRUE,TRUE,1,1,1,0,0,TRUE,1,"Both",1,1,1,"Other",FALSE
"Spheniscus demersus","Spheniscus demersus",NA,NA,"II","ENDANGERED",3,"M/F/F","Birds","Fibro",NA,"X",NA,"X",NA,NA,"Tissue",NA,"Spheniscus_demersus","92683","Diomedea demersa",NA,NA,NA,NA,NA,"Spheniscus","Spheniscidae","Sphenisciformes","Aves","Chordata","Metazoa",NA,1.6298828125,1594140000,NA,18147389,15881,"2025-06-17","Chromosome",1307516078,88319617,96,74,36,2,"insdc_open",NA,"not_in_toga","Jackass penguin,Jackass penguin;jackass penguin","species","Spheniscus demersus",1e-4,NA,NA,NA,NA,FALSE,TRUE,TRUE,3,2,2,0,0,TRUE,2,"Both",1,2,2,"Other",FALSE
"Spheniscus humboldti","Spheniscus humboldti",NA,NA,"I","VULNERABLE",6,"M/U/M/F/M/F","Birds","Fibro",NA,NA,NA,NA,NA,NA,"Tissue",NA,"Spheniscus_humboldti","9240",NA,NA,NA,NA,NA,NA,"Spheniscus","Spheniscidae","Sphenisciformes","Aves","Chordata","Metazoa",NA,1.6298828125,1594140000,NA,13936613,16378,"2022-12-28","Chromosome",1358357718,89079306,97.5,78,39,2,"insdc_open",NA,"not_in_toga","Humboldt penguin,Humboldt's penguin","species","Spheniscus humboldti",1e-4,NA,NA,NA,NA,FALSE,TRUE,TRUE,7,2,2,0,0,TRUE,2,"Both",1,2,2,"Other",FALSE
"Casuarius casuarius","Casuarius casuarius",NA,NA,NA,"LEAST CONCERN",1,"M","Birds","Fibro",NA,"X","X","X","X",NA,"Trachea/Skin",NA,"Casuarius_casuarius","8787","Struthio casuarius;Casuarius casurius",NA,NA,NA,NA,NA,"Casuarius","Casuariidae","Casuariiformes","Aves","Chordata","Metazoa",NA,1.58984375,1555020000,NA,165721,15110,"2018-07-26","Scaffold",1209001349,3704890,NA,92,46,2,"insdc_open",NA,"not_in_toga","Southern cassowary,Australian cassowary;southern cassowary","species","Casuarius casuarius",1e-4,NA,NA,NA,NA,FALSE,TRUE,TRUE,1,1,1,0,0,TRUE,1,"Both",1,1,1,"Other",FALSE
"Phoenicopterus ruber","Phoenicopterus ruber",NA,NA,"II","LEAST CONCERN",4,"M/U/F/F","Birds","Fibro",NA,NA,NA,"X",NA,NA,"Trachea",NA,"Phoenicopterus_ruber","9217","Phoenicopterus roseus;Phoenicopterus ruber ruber",NA,NA,NA,NA,NA,"Phoenicopterus","Phoenicopteridae","Phoenicopteriformes","Aves","Chordata","Metazoa",NA,1.384765625,1354530000,NA,14700712,NA,"2023-04-03","Chromosome",1246226932,85472901,NA,80,40,2,"insdc_open",NA,"toga1/2","American flamingo,Greater flamingo","species","Phoenicopterus ruber",1e-4,NA,NA,NA,NA,FALSE,TRUE,TRUE,4,1,1,0,0,TRUE,1,"Both",1,1,1,"Other",FALSE
"Sarcoramphus papa","Sarcoramphus papa",NA,NA,"III","LEAST CONCERN",1,"F","Birds","Fibro",NA,"x",NA,NA,NA,NA,"Skin/traquea",NA,"Sarcoramphus_papa","43583","Sarcorhamphus papa;Vultur papa",NA,NA,NA,NA,NA,"Sarcoramphus","Cathartidae","Accipitriformes","Aves","Chordata","Metazoa",NA,1.509765625,1476780000,NA,40899883,NA,"2024-04-04","Chromosome",1543931415,96420541,NA,80,40,2,"insdc_open",NA,"toga1/2","King Vulture,king vulture","species","Sarcoramphus papa",1e-4,NA,NA,NA,NA,FALSE,TRUE,TRUE,1,1,1,0,0,TRUE,2,"Both",1,1,1,"Other",TRUE
"Psophia crepitans","Psophia crepitans",NA,NA,"-","NEAR THREATENED",1,"F","Birds","Fibro",NA,NA,NA,NA,NA,NA,"Tissue",NA,"Psophia_crepitans","54359",NA,NA,NA,NA,NA,NA,"Psophia","Psophiidae","Gruiformes","Aves","Chordata","Metazoa",NA,1.4404296875,1405875000,NA,58160,15289,"2020-07-10","Scaffold",1169253548,468890,96.4,80,40,2,"insdc_open",NA,"not_in_toga","Grey-winged Trumpeter,common trumpeter","species","Psophia crepitans",1e-4,NA,NA,NA,NA,FALSE,TRUE,TRUE,1,0,1,0,0,TRUE,1,"Both",1,1,1,"Other",FALSE
"Haliaeetus leucocephalus","Haliaeetus leucocephalus",NA,NA,"II","LEAST CONCERN",1,"M","Birds","Fibro",NA,"X",NA,"X",NA,NA,"Tissue",NA,"Haliaeetus_leucocephalus","52644","Falco leucocephalus",NA,NA,NA,NA,NA,"Haliaeetus","Accipitridae","Accipitriformes","Aves","Chordata","Metazoa",NA,1.4296875,1398540000,NA,105493,NA,"2014-08-04","Scaffold",1178409481,9145499,96.9,66,33,2,"insdc_open",NA,"not_in_toga","Bald Eagle,Bald eagle;Bald Eagle;bald eagle","species","Haliaeetus leucocephalus",1e-4,NA,NA,NA,NA,FALSE,TRUE,FALSE,1,1,1,0,0,TRUE,2,"Both",1,1,1,"Other",FALSE
"Otus scops scops","Otus scops","scops","Strigiformes
 

","II","LEAST CONCERN",5,"M/M/F/F/M","Birds","Fibro",NA,NA,NA,"X",NA,NA,"Tissue (skin)",NA,"Otus_scops","126827","Strix scops",NA,NA,NA,NA,NA,"Otus","Strigidae","Strigiformes","Aves","Chordata","Metazoa",NA,1.400390625,1369200000,NA,25579,NA,"2024-05-28","Scaffold",1290760454,86908813,NA,78,38,2,"insdc_open",NA,"toga1/2","Eurasian scops owl,Eurasian scops owl;Scops Owl;Eurasian Scops Owl;Eurasian scops-owl","species","Otus scops",1e-4,NA,NA,NA,NA,FALSE,TRUE,TRUE,6,0,1,0,0,TRUE,2,"Both",1,1,1,"Other",FALSE
"Tyto alba","Tyto alba",NA,NA,"II","LEAST CONCERN",1,"M","Birds","Fibro",NA,"X","X","X","X",NA,"Tissue",NA,"Tyto_alba","56313","Strix alba",NA,NA,NA,NA,NA,"Tyto","Tytonidae","Strigiformes","Aves","Chordata","Metazoa",NA,1.6298828125,1594140000,NA,17955177,13081,"2021-06-03","Scaffold",1185005310,36032128,84.2,92,46,2,"insdc_open",NA,"not_in_toga","Common Barn-owl,Common barn owl;Barn Owl;Western Barn Owl;Owl, Barn;common barn owl","species","Tyto alba",1e-4,NA,NA,NA,NA,FALSE,TRUE,TRUE,1,1,1,0,0,TRUE,2,"Both",1,1,1,"Other",FALSE
"Tauraco erythrolophus","Tauraco erythrolophus",NA,NA,"II","LEAST CONCERN",2,"F/F","Birds","Fibro",NA,"X","X",NA,NA,NA,"Trachea",NA,"Tauraco_erythrolophus","121530",NA,NA,NA,NA,NA,NA,"Tauraco","Musophagidae","Musophagiformes","Aves","Chordata","Metazoa",NA,1.4169921875,1391205000,NA,22885,14943,"2014-06-25","Scaffold",1155540733,56334,91.1,82,41,2,"insdc_open",NA,"not_in_toga","Red-crested turaco,red-crested turaco","species","Tauraco erythrolophus",1e-4,NA,NA,NA,NA,FALSE,TRUE,TRUE,2,1,1,0,0,TRUE,3,"Both",1,1,1,"Musophagiformes",FALSE
"Gallus gallus domestic","Gallus gallus","domestic",NA,"-","LEAST CONCERN",1,"M","Birds","Fibro",NA,"X",NA,"X",NA,NA,"Tissue",NA,"Gallus_gallus","9031","Gallus gallus domesticus;Phasianus gallus",NA,NA,NA,NA,NA,"Gallus","Phasianidae","Galliformes","Aves","Chordata","Metazoa",NA,1.2646484375,1237170000,NA,18834961,NA,"2021-10-01","Chromosome",1053315467,90861225,96.6,78,39,2,"insdc_open",NA,"toga2","Domestic chicken,Domestic chicken;chicken","species","Gallus gallus",1e-4,NA,NA,NA,NA,TRUE,TRUE,TRUE,1,1,1,0,0,TRUE,3,"Both",1,1,1,"Galliformes",TRUE
"Pavo cristatus","Pavo cristatus",NA,NA,"III","LEAST CONCERN",3,"U/U/F/M","Birds","Fibro",NA,"X","X","X","X",NA,"Trachea/Skin",NA,"Pavo_cristatus","9049",NA,NA,NA,NA,NA,NA,"Pavo","Phasianidae","Galliformes","Aves","Chordata","Metazoa",NA,1.33984375,1310520000,NA,30501418,NA,"2024-12-06","Chromosome",1041763075,94977930,96.3,78,39,2,"insdc_open",NA,"not_in_toga","Indian Peafowl,Indian peafowl","species","Pavo cristatus",1e-4,NA,NA,NA,NA,FALSE,TRUE,FALSE,4,3,3,0,0,TRUE,3,"Both",1,3,2,"Galliformes",TRUE
"Musophaga violacea","Musophaga violacea",NA,NA,NA,"LEAST CONCERN",1,"M","Birds","Fibro",NA,NA,NA,NA,NA,NA,"Trachea",NA,"Musophaga_violacea","103959",NA,NA,NA,NA,NA,NA,"Musophaga","Musophagidae","Musophagiformes","Aves","Chordata","Metazoa",NA,1.4169921875,1391205000,NA,9274,NA,"2024-01-08","Scaffold",1255385567,72826144,NA,82,41,2,"insdc_open",NA,"toga1/2",NA,"family","Tauraco hartlaubi",8.648895,"56304","OK",8.648895,8.6489,FALSE,TRUE,TRUE,1,0,1,0,0,TRUE,3,"Both",1,1,1,"Musophagiformes",FALSE
"Tauraco schalowi","Tauraco schalowi",NA,NA,"II","LEAST CONCERN",1,"M","Birds","Fibro",NA,"X","X","X","X",NA,"Trachea",NA,"Tauraco_schalowi","119419","Tauraco livingstoni schalowi;Tauraco persa schalowi;Corythaix schalowi",NA,NA,NA,NA,NA,"Tauraco","Musophagidae","Musophagiformes","Aves","Chordata","Metazoa",NA,1.4169921875,1391205000,NA,9274,NA,"2024-01-08","Scaffold",1255385567,72826144,NA,82,41,2,"insdc_open",NA,"toga1/2",NA,"genus","Tauraco hartlaubi",0.756009,"56304","OK",0.756009,0.75601,FALSE,TRUE,TRUE,1,1,1,0,0,TRUE,3,"Both",1,1,1,"Musophagiformes",FALSE
"Lophura edwardsi","Lophura edwardsi",NA,NA,"I","CRITICALLY ENDANGERED",1,"U","Birds","Fibro",NA,"X",NA,NA,NA,NA,"Trachea",NA,"Lophura_edwardsi","9043","Gennaeus edwardsi",NA,NA,NA,NA,NA,"Lophura","Phasianidae","Galliformes","Aves","Chordata","Metazoa",NA,1.2646484375,1237170000,NA,11027439,NA,"2023-07-05","Chromosome",1144026423,61385513,NA,50,25,2,"insdc_open",NA,"toga1/2",NA,"genus","Lophura swinhoii",2.056095,"140446","OK",2.056095,2.0561,FALSE,TRUE,TRUE,1,1,1,0,0,TRUE,3,"Both",1,1,1,"Galliformes",FALSE
"Netta peposaca","Netta peposaca",NA,NA,"-","LEAST CONCERN",1,"F","Birds","Fibro",NA,"X",NA,"X",NA,NA,"Tissue (trachea)",NA,"Netta_peposaca","541013","Anas peposaca",NA,NA,NA,NA,NA,"Netta","Anatidae","Anseriformes","Aves","Chordata","Metazoa",NA,1.3798828125,1349640000,NA,15217,NA,"2025-07-20","Scaffold",1203952546,75817134,NA,82,41,2,"in_progress",NA,"toga1/2",NA,"species","Netta peposaca",1e-4,NA,NA,NA,NA,FALSE,TRUE,TRUE,1,1,1,0,0,TRUE,5,"Both",1,1,1,"Anseriformes",FALSE
"Anas platyrhynchos","Anas platyrhynchos",NA,NA,"?","LEAST CONCERN",1,"-","Birds","Fibro",NA,"X","X","X",NA,NA,NA,NA,"Anas_platyrhynchos","8839","Anas boschas;Anas domesticus;Anas platyrhynchos f. domestica;Anas oustaleti",NA,NA,NA,NA,NA,"Anas","Anatidae","Anseriformes","Aves","Chordata","Metazoa",NA,1.4501953125,1418100000,NA,80154792,18146,"2025-02-12","Complete Genome",1157338086,80154792,97.1,80,40,2,"insdc_open",NA,"toga1","Mallard,Mallard;mallard","species","Anas platyrhynchos",1e-4,NA,NA,NA,NA,FALSE,TRUE,TRUE,1,1,1,0,0,TRUE,5,"Both",1,1,1,"Anseriformes",FALSE
"Netta rufina","Netta rufina",NA,NA,NA,"LEAST CONCERN",1,"-","Birds","Fibro",NA,NA,NA,NA,NA,NA,"Tissue",NA,"Netta_rufina","30387","Anas rufina",NA,NA,NA,NA,NA,"Netta","Anatidae","Anseriformes","Aves","Chordata","Metazoa",NA,1.3798828125,1349640000,NA,3347974,NA,"2024-04-29","Chromosome",1166961997,77261329,96.8,82,41,2,"insdc_open",NA,"toga2","Red-crested Pochard,Red-crested pochard;Red-crested Pochard;red-crested pochard","species","Netta rufina",1e-4,NA,NA,NA,NA,FALSE,TRUE,TRUE,1,1,1,0,0,TRUE,5,"Both",1,1,1,"Anseriformes",FALSE
"Chauna torquata","Chauna torquata",NA,NA,"-","LEAST CONCERN",1,"M","Birds","Fibro",NA,"x","x","x","x",NA,"Trachea",NA,"Chauna_torquata","30388","Chaja torquata",NA,NA,NA,NA,NA,"Chauna","Anhimidae","Anseriformes","Aves","Chordata","Metazoa",NA,1.4169921875,1364310000,NA,34825,15083,"2025-07-20","Scaffold",1287460525,81945454,90.5,80,40,2,"insdc_open",NA,"not_in_toga","Southern screamer,southern screamer","species","Chauna torquata",1e-4,NA,NA,NA,NA,FALSE,TRUE,TRUE,1,1,1,0,0,TRUE,5,"Both",1,1,1,"Anseriformes",FALSE
"Cygnus atratus","Cygnus atratus",NA,NA,"-","LEAST CONCERN",1,"F","Birds","Fibro",NA,"X",NA,NA,NA,NA,"Trachea/Tissue",NA,"Cygnus_atratus","8868","Anas atrata;Anas plutonia;Anser novaehollandiae;Cygnus atractus",NA,NA,NA,NA,NA,"Cygnus","Anatidae","Anseriformes","Aves","Chordata","Metazoa",NA,1.4501953125,1418100000,NA,28995010,NA,"2022-08-03","Chromosome",1124217020,84552148,97.2,80,40,2,"insdc_open",NA,"toga2","Black swan,Black swan;black swan","species","Cygnus atratus",1e-4,NA,NA,NA,NA,FALSE,TRUE,TRUE,1,1,1,0,0,TRUE,5,"Both",1,1,1,"Anseriformes",FALSE
"Streptopelia decaocto","Streptopelia decaocto",NA,NA,NA,"LEAST CONCERN",1,"-","Birds","Fibro","x",NA,NA,NA,NA,NA,"Tissue",NA,"Streptopelia_decaocto","177147","Columba decaocto",NA,NA,NA,NA,NA,"Streptopelia","Columbidae","Columbiformes","Aves","Chordata","Metazoa",NA,1.3203125,1290960000,NA,2425281,NA,"2024-10-04","Chromosome",1290939990,78754139,96.9,76,38,2,"insdc_open",NA,"toga2","Eurasian Collared-dove,Collared Dove;Eurasian Collared Dove;Eurasian collared-dove","species","Streptopelia decaocto",1e-4,NA,NA,NA,NA,FALSE,TRUE,TRUE,1,1,1,0,0,TRUE,2,"Both",1,1,1,"Other",FALSE
"Caloenas nicobarica","Caloenas nicobarica",NA,NA,"I","NEAR THREATENED",2,"F/M/U","Birds","Fibro",NA,"X",NA,"X",NA,NA,"Trachea",NA,"Caloenas_nicobarica","187106","Columba nicobarica",NA,NA,NA,NA,NA,"Caloenas","Columbidae","Columbiformes","Aves","Chordata","Metazoa",NA,1.5400390625,1506120000,NA,25101800,15520,"2024-01-26","Chromosome",1285834579,79699707,NA,80,40,2,"insdc_open",NA,"not_in_toga","Nicobar pigeon","species","Caloenas nicobarica",1e-4,NA,NA,NA,NA,FALSE,TRUE,TRUE,3,1,1,0,0,TRUE,2,"Both",1,1,1,"Other",FALSE
"Nycticorax nycticorax","Nycticorax nycticorax",NA,NA,"-","LEAST CONCERN",8,"M/U/U/M/U/F/M","Birds","Fibro",NA,"X","X","X","X",NA,"Tissue",NA,"Nycticorax_nycticorax","8901","Ardea nycticorax;Ardea spec",NA,NA,NA,NA,NA,"Nycticorax","Ardeidae","Pelecaniformes","Aves","Chordata","Metazoa",NA,1.349609375,1320300000,NA,73971,NA,"2022-05-16","Scaffold",1179028144,3016563,NA,64,32,2,"insdc_open",NA,"toga2","Black-crowned night heron,Black-crowned night heron;Night Heron;Black-crowned Night Heron;black-crowned night-heron","species","Nycticorax nycticorax",1e-4,NA,NA,NA,NA,FALSE,TRUE,TRUE,8,2,2,0,0,TRUE,6,"Both",1,2,2,"Pelecaniformes",FALSE
"Platalea leucorodia","Platalea leucorodia",NA,NA,"II","LEAST CONCERN",4,"M/M/F/M","Birds","Fibro",NA,"X",NA,"x",NA,NA,NA,NA,"Platalea_leucorodia","257867",NA,NA,NA,NA,NA,NA,"Platalea","Threskiornithidae","Pelecaniformes","Aves","Chordata","Metazoa",NA,1.25,1222500000,NA,3299000,NA,"2025-03-04","Chromosome",1345825956,94714899,97.4,68,35,2,"insdc_open",NA,"toga1/2","Eurasian spoonbill,White spoonbill;Spoonbill;Eurasian Spoonbill;Eurasian spoonbill","species","Platalea leucorodia",1e-4,NA,NA,NA,NA,FALSE,TRUE,TRUE,4,1,1,0,0,TRUE,6,"Both",1,1,1,"Pelecaniformes",TRUE
"Plegadis falcinellus","Plegadis falcinellus",NA,NA,"-","LEAST CONCERN",4,"M/M/-/-","Birds","Fibro",NA,"X",NA,NA,NA,NA,NA,NA,"Plegadis_falcinellus","52788","Tantalus falcinellus;Plegadis falcinellus falcinellus",NA,NA,NA,NA,NA,"Plegadis","Threskiornithidae","Pelecaniformes","Aves","Chordata","Metazoa",NA,1.25,1222500000,NA,48305,NA,"2024-12-06","Scaffold",1218421240,50846,NA,50,25,2,"insdc_open",NA,"toga1/2","Glossy Ibis","species","Plegadis falcinellus",1e-4,NA,NA,NA,NA,FALSE,TRUE,TRUE,4,1,1,0,0,TRUE,6,"Both",1,1,1,"Pelecaniformes",FALSE
"Eudocimus ruber","Eudocimus ruber",NA,NA,"II","LEAST CONCERN",2,"M/M","Birds","Fibro",NA,"X","X","X","X",NA,"Tissue/Trachea",NA,"Eudocimus_ruber","335483","Scolopax rubra",NA,NA,NA,NA,NA,"Eudocimus","Threskiornithidae","Pelecaniformes","Aves","Chordata","Metazoa",NA,1.25,1222500000,NA,35096,NA,"2024-08-05","Scaffold",1216035411,101016769,NA,66,33,2,"insdc_open",NA,"toga1/2",NA,"species","Eudocimus ruber",1e-4,NA,NA,NA,NA,FALSE,TRUE,TRUE,3,2,2,0,0,TRUE,6,"Both",1,2,2,"Pelecaniformes",TRUE
"Threskiornis aethiopicus","Threskiornis aethiopicus",NA,NA,NA,"LEAST CONCERN",1,"U","Birds","Fibro",NA,NA,NA,NA,NA,NA,"Tissue/Trachea",NA,"Threskiornis_aethiopicus","100858","Tantalus aethiopicus;Threskiornis aethiopica",NA,NA,NA,NA,NA,"Threskiornis","Threskiornithidae","Pelecaniformes","Aves","Chordata","Metazoa",NA,1.25,1222500000,NA,32973,NA,"2023-02-10","Scaffold",1200873515,90113662,NA,68,34,2,"insdc_open",NA,"toga1/2","Sacred ibis","species","Threskiornis aethiopicus",1e-4,NA,NA,NA,NA,FALSE,TRUE,TRUE,1,1,1,0,0,TRUE,6,"Both",1,1,1,"Pelecaniformes",TRUE
"Pelecanus crispus","Pelecanus crispus",NA,NA,"I","NEAR THREATENED",1,"M","Birds","Fibro",NA,"X","X","X","X",NA,"Trachea",NA,"Pelecanus_crispus","36300","Pelecanus philippensis crispus",NA,NA,NA,NA,NA,"Pelecanus","Pelecanidae","Pelecaniformes","Aves","Chordata","Metazoa",NA,1.3203125,1290960000,NA,9666746,14504,"2023-07-18","Chromosome",1237746578,86807213,88.7,66,33,2,"insdc_open",NA,"not_in_toga","Dalmatian pelican,Dalmatian Pelican;Dalmatian pelican","species","Pelecanus crispus",1e-4,NA,NA,NA,NA,FALSE,TRUE,TRUE,1,1,1,0,0,TRUE,6,"Both",1,1,1,"Pelecaniformes",FALSE
"Cyanocorax yncas","Cyanocorax yncas",NA,NA,"-","LEAST CONCERN",1,"F","Birds","Fibro",NA,"X","X",NA,NA,NA,"Trachea",NA,"Cyanocorax_yncas","114085","Corvus yncas",NA,NA,NA,NA,NA,"Cyanocorax","Corvidae","Passeriformes","Aves","Chordata","Metazoa",NA,1.271484375,1232280000,NA,13535775,NA,"2025-02-27","Contig",1185719108,13535775,NA,80,40,2,"insdc_open",NA,"toga1/2",NA,"genus","Cyanocorax yucatanicus",7.5662,"402026","OK",7.5662,0,FALSE,TRUE,TRUE,1,1,1,0,0,TRUE,2,"Both",1,1,1,"Other",FALSE
"Copsychus malabaricus","Copsychus malabaricus",NA,NA,"II","LEAST CONCERN",3,"U/U/F","Birds","Fibro",NA,"X","X","X",NA,NA,"Trachea",NA,"Copsychus_malabaricus","1948888","Muscicapa malabarica",NA,NA,NA,NA,NA,"Copsychus","Muscicapidae","Passeriformes","Aves","Chordata","Metazoa",NA,1.3076171875,1278735000,NA,109076,16238,"2020-07-10","Scaffold",1052094435,11085488,94.8,64,32,2,"insdc_open",NA,"not_in_toga",NA,"genus","Copsychus sechellarum",8.61802,"797021","OK",8.61802,7.44026,FALSE,TRUE,TRUE,3,1,1,0,0,TRUE,2,"Both",1,1,1,"Other",FALSE
"Guaruba guarouba","Guaruba guarouba",NA,NA,"I","VULNERABLE",1,"M","Birds","Fibro",NA,"X",NA,"X",NA,NA,"Trachea","Guaruba guarouba","Guaruba_guarouba","51906","Aratinga guarouba;Psittacus guarouba;? guarouba",NA,NA,NA,NA,NA,"Guaruba","Psittacidae","Psittaciformes","Aves","Chordata","Metazoa",NA,1.3671875,1339860000,NA,33341676,NA,"2024-12-02","Chromosome",1366127126,109727540,72.2,70,35,2,"insdc_open",NA,"not_in_toga",NA,"species","Guaruba guarouba",1e-4,NA,NA,NA,NA,FALSE,TRUE,FALSE,1,1,1,0,0,TRUE,11,"Both",1,1,1,"Psittaciformes",TRUE
"Trichoglossus moluccanus","Trichoglossus moluccanus",NA,NA,NA,"LEAST CONCERN",2,"M","Birds","Fibro",NA,NA,NA,NA,NA,NA,"Tissue",NA,"Trichoglossus_moluccanus","1549204","Trichoglossus haematodus moluccanus",NA,NA,NA,NA,NA,"Trichoglossus","Psittaculidae","Psittaciformes","Aves","Chordata","Metazoa",NA,1.330078125,1300740000,NA,95614,NA,"2024-08-05","Scaffold",1192125813,72769352,NA,46,23,2,"insdc_open",NA,"toga2","Australian rainbow lorikeet,rainbow lorikeet","species","Trichoglossus moluccanus",1e-4,NA,NA,NA,NA,FALSE,TRUE,TRUE,2,0,1,0,0,TRUE,11,"Both",1,1,1,"Psittaciformes",FALSE
"Eclectus roratus","Eclectus roratus",NA,NA,"II","LEAST CONCERN",1,"M","Birds","Fibro",NA,"X",NA,"X",NA,NA,"Tissue",NA,"Eclectus_roratus","176024","Electus roratus;Lorius roratus;Psittacus roratus",NA,NA,NA,NA,NA,"Eclectus","Psittacidae","Psittaciformes","Aves","Chordata","Metazoa",NA,1.58984375,1555020000,NA,17249,NA,"2022-07-21","Scaffold",1120776969,28643,66.9,70,35,2,"insdc_open",NA,"not_in_toga","Eclectus parrot","species","Eclectus roratus",1e-4,NA,NA,NA,NA,FALSE,TRUE,FALSE,1,1,1,0,0,TRUE,11,"Both",1,1,1,"Psittaciformes",FALSE
"Anodorhynchus hyacinthinus","Anodorhynchus hyacinthinus",NA,NA,"I","VULNERABLE",2,"M/M","Birds","Fibro",NA,NA,NA,NA,NA,NA,"Trachea",NA,"Anodorhynchus_hyacinthinus","51900","Anodorhynchus hyacinthus;Anodorhynchus hyancinthus;Psittacus hyacinthinus",NA,NA,NA,NA,NA,"Anodorhynchus","Psittacidae","Psittaciformes","Aves","Chordata","Metazoa",NA,1.349609375,1320300000,NA,12520,NA,"2022-07-21","Scaffold",1105970761,12605,NA,70,35,2,"insdc_open",NA,"not_in_toga","Hyacinth macaw,Hyacinth macaw;hyacinth macaw","species","Anodorhynchus hyacinthinus",1e-4,NA,NA,NA,NA,FALSE,TRUE,FALSE,2,1,1,0,0,TRUE,11,"Both",1,1,1,"Psittaciformes",FALSE
"Amazona autumnalis","Amazona autumnalis",NA,NA,"II","CRITICALLY ENDANGERED",3,"M/M/F","Birds","Fibro",NA,NA,NA,NA,NA,NA,"Tissue (skin)","Amazona Lilacina","Amazona_autumnalis","151759","Psittacus autumnalis",NA,NA,NA,NA,NA,"Amazona","Psittacidae","Psittaciformes","Aves","Chordata","Metazoa",NA,1.509765625,1476780000,NA,4664,NA,"2022-07-20","Scaffold",1299624158,17050,NA,68,34,2,"insdc_open",NA,"toga1/2","Lilacine Amazon,Red-lored parrot;red-lored parrot","species","Amazona autumnalis",1e-4,NA,NA,NA,NA,FALSE,TRUE,TRUE,4,1,1,0,0,TRUE,11,"Both",1,1,1,"Psittaciformes",FALSE
"Agapornis nigrigenis","Agapornis nigrigenis",NA,NA,"II","VULNERABLE",6,"M/F/M/U/F/U/F","Birds","Fibro",NA,"X",NA,NA,NA,NA,NA,NA,"Agapornis_nigrigenis","60465","Agapornis nigrigensis",NA,NA,NA,NA,NA,"Agapornis","Psittacidae","Psittaciformes","Aves","Chordata","Metazoa",NA,1.3095703125,1281180000,NA,66169,NA,"2024-01-03","Scaffold",1043489132,81463,NA,48,24,2,"insdc_open",NA,"toga1/2",NA,"species","Agapornis nigrigenis",1e-4,NA,NA,NA,NA,FALSE,TRUE,TRUE,10,2,2,0,0,TRUE,11,"Both",1,2,2,"Psittaciformes",FALSE
"Aratinga solstitialis","Aratinga solstitialis",NA,NA,"II","ENDANGERED",1,"-","Birds","Fibro",NA,"X","X","X","X",NA,"Tissue/Trachea",NA,"Aratinga_solstitialis","176015","Aratinga solstitialis solstitialis;Psittacus solstitialis",NA,NA,NA,NA,NA,"Aratinga","Psittacidae","Psittaciformes","Aves","Chordata","Metazoa",NA,1.3701171875,1339860000,NA,236229,NA,"2019-11-14","Scaffold",1169445099,16980747,NA,70,35,2,"insdc_open",NA,"toga2","Sun Parakeet,Sun parakeet;sun parakeet","species","Aratinga solstitialis",1e-4,NA,NA,NA,NA,FALSE,TRUE,TRUE,1,1,1,0,0,TRUE,11,"Both",1,1,1,"Psittaciformes",FALSE
"Ara chloropterus","Ara chloropterus",NA,NA,"II","LEAST CONCERN",1,"F","Birds","Fibro",NA,"X",NA,"X",NA,NA,"Trachea",NA,"Ara_chloropterus","176013","Ara chloroptera",NA,NA,NA,NA,NA,"Ara","Psittacidae","Psittaciformes","Aves","Chordata","Metazoa",NA,1.48046875,1447440000,NA,4271,NA,"2022-11-27","Scaffold",1164831351,19108,NA,68,34,2,"insdc_open",NA,"not_in_toga","Red-and-green Macaw,Green-winged macaw;Red-and-green macaw;red-and-green macaw","species","Ara chloropterus",1e-4,NA,NA,NA,NA,FALSE,TRUE,FALSE,1,1,1,0,0,TRUE,11,"Both",1,1,1,"Psittaciformes",FALSE
"Ara ararauna","Ara ararauna",NA,NA,"II","LEAST CONCERN",2,"M/U","Birds","Fibro",NA,"X",NA,"x",NA,NA,"Trachea",NA,"Ara_ararauna","9226","Psittacus ararauna",NA,NA,NA,NA,NA,"Ara","Psittacidae","Psittaciformes","Aves","Chordata","Metazoa",NA,1.4501953125,1418100000,NA,38811057,NA,"2023-02-24","Chromosome",1224360198,110438430,NA,70,35,2,"insdc_open",NA,"not_in_toga","Blue-and-yellow macaw,Blue-and-yellow macaw;blue-and-yellow macaw","species","Ara ararauna",1e-4,NA,NA,NA,NA,FALSE,TRUE,FALSE,2,1,1,0,0,TRUE,11,"Both",1,1,1,"Psittaciformes",TRUE
"Ara rubrogenys","Ara rubrogenys",NA,NA,"I","CRITICALLY ENDANGERED",1,"F?","Birds","Fibro",NA,"X",NA,"X",NA,NA,NA,NA,"Ara_rubrogenys","467030",NA,NA,NA,NA,NA,NA,"Ara","Psittacidae","Psittaciformes","Aves","Chordata","Metazoa",NA,1.4052734375,1374090000,NA,46382249,NA,"2022-01-30","Scaffold",1161924866,46382249,NA,70,33,2,"insdc_open",NA,"not_in_toga","Red-fronted macaw,Red-fronted macaw;red-fronted macaw","species","Ara rubrogenys",1e-4,NA,NA,NA,NA,FALSE,TRUE,FALSE,2,1,1,0,0,TRUE,11,"Both",1,1,1,"Psittaciformes",FALSE
"Eos reticulata","Eos reticulata",NA,NA,"II","NEAR THREATENED",1,"F","Birds","Fibro",NA,NA,NA,"X",NA,NA,"Trachea",NA,"Eos_reticulata","176075","Psittacus reticulatus;Eos reticulara",NA,NA,NA,NA,NA,"Eos","Psittaculidae","Psittaciformes","Aves","Chordata","Metazoa",NA,1.330078125,1300740000,NA,13006,NA,"2022-07-21","Scaffold",1091480539,25275,NA,72,32,2,"insdc_open",NA,"toga1/2",NA,"genus","Eos semilarvata",1.777655,"1549147","OK",1.777655,1.77766,FALSE,TRUE,TRUE,1,1,1,0,0,TRUE,11,"Both",1,1,1,"Psittaciformes",FALSE
"Procavia capensis","Procavia capensis",NA,NA,NA,"LEAST CONCERN",2,"F/U","Mammalia","Fibro",NA,"X","X","X","X",NA,"Tissue",NA,"Procavia_capensis","9813","Cavia capensis;Hyrax capensis",NA,NA,NA,NA,NA,"Procavia","Procaviidae","Hyracoidea","Mammalia","Chordata","Metazoa",NA,4.05859375,3970679999,NA,35792,NA,"2014-12-16","Scaffold",3602182911,905827,93.1,54,27,2,"published","ZOONOMIA","toga1","Rock hyrax,Rock hyrax;Cape rock hyrax","species","Procavia capensis",1e-4,NA,NA,NA,NA,TRUE,TRUE,TRUE,2,2,2,0,0,TRUE,1,"Both",1,2,2,"Other",FALSE
"Oryctolagus cuniculus","Oryctolagus cuniculus",NA,NA,"-","ENDANGERED",1,"-","Mammalia","Fibro",NA,NA,NA,"x","x",NA,"Tissue",NA,"Oryctolagus_cuniculus","9986","Lepus cuniculus;Oryctogalus fodiens;Oryctolagus cnossius;Oryctolagus cuniculus borkumensis",NA,NA,NA,NA,NA,"Oryctolagus","Leporidae","Lagomorpha","Mammalia","Chordata","Metazoa",NA,3.259765625,3188280000,NA,2030165,NA,"2024-08-31","Chromosome",2804657419,144279705,94.7,44,22,2,"insdc_open",NA,"toga2","European rabbit,Rabbit;rabbit","species","Oryctolagus cuniculus",1e-4,NA,NA,NA,NA,TRUE,TRUE,TRUE,2,1,1,0,0,TRUE,2,"Both",1,1,1,"Other",FALSE
"Oryctolagus cuniculus ibicea","Oryctolagus cuniculus","ibicea",NA,"-","NA",1,"F","Mammalia","Fibro",NA,"X","X",NA,"X",NA,"Tissue","Ibicean Rabbit","Oryctolagus_cuniculus","9986","Lepus cuniculus;Oryctogalus fodiens;Oryctolagus cnossius;Oryctolagus cuniculus borkumensis",NA,NA,NA,NA,NA,"Oryctolagus","Leporidae","Lagomorpha","Mammalia","Chordata","Metazoa",NA,3.259765625,3188280000,NA,2030165,NA,"2024-08-31","Chromosome",2804657419,144279705,94.7,44,22,2,"insdc_open",NA,"toga2","Rabbit;rabbit","species","Oryctolagus cuniculus",1e-4,NA,NA,NA,NA,TRUE,TRUE,TRUE,1,1,1,0,0,TRUE,2,"Both",1,1,1,"Other",FALSE
"Notamacropus rufogriseus","Notamacropus rufogriseus",NA,NA,"-","LEAST CONCERN",9,"M/M/M/F/U/M/F/F/M/F","Mammalia","Fibro",NA,"X","X","X","X",NA,"Tissue",NA,"Notamacropus_rufogriseus","1960652","Kangurus rufogriseus;Macropus rufogriseus",NA,NA,NA,NA,NA,"Notamacropus","Macropodidae","Diprotodontia","Mammalia","Chordata","Metazoa",NA,4.46875,4371659999,NA,938,NA,"2021-01-28","Contig",1394447,938,NA,16,8,2,"insdc_open",NA,"toga1/2",NA,"species","Notamacropus rufogriseus",1e-4,NA,NA,NA,NA,FALSE,TRUE,TRUE,10,7,7,0,0,TRUE,3,"Both",1,7,2,"Diprotodontia",TRUE
"Petrogale xanthopus","Petrogale xanthopus",NA,"Macropodinae","-","NEAR THREATENED",2,"M/?","Mammalia","Fibro","X","X","x",NA,NA,NA,"Tissue",NA,"Petrogale_xanthopus","9325",NA,NA,NA,NA,NA,NA,"Petrogale","Macropodidae","Diprotodontia","Mammalia","Chordata","Metazoa",NA,4.05859375,3970680000,NA,1261,NA,"2021-01-28","Contig",2387784,1261,NA,16,8,2,"insdc_open",NA,"toga1/2",NA,"species","Petrogale xanthopus",1e-4,NA,NA,NA,NA,FALSE,TRUE,TRUE,2,2,2,0,0,TRUE,3,"Both",1,2,2,"Diprotodontia",FALSE
"Osphranter rufus","Osphranter rufus",NA,NA,"-","LEAST CONCERN",4,"M/U/M/F","Mammalia","Fibro",NA,"X","X","X",NA,NA,"Tissue",NA,"Osphranter_rufus","9321","kangurus rufus;Macropus rufus;Megaleia rufa;Kangurus rufus",NA,NA,NA,NA,NA,"Osphranter","Macropodidae","Diprotodontia","Mammalia","Chordata","Metazoa",NA,3.130859375,3061140000,NA,1110,NA,"2021-09-24","Contig",2221471,1110,NA,20,10,2,"insdc_open",NA,"toga1","Red kangaroo,Red kangaroo;red kangaroo","species","Osphranter rufus",1e-4,NA,NA,NA,NA,FALSE,TRUE,TRUE,4,4,4,0,0,TRUE,3,"Both",1,4,2,"Diprotodontia",TRUE
"Loxodonta africana","Loxodonta africana",NA,NA,NA,"ENDANGERED",2,"M/F","Mammalia","Fibro",NA,"X","X","X","X",NA,"Tissue",NA,"Loxodonta_africana","9785","Elephas africanus;Loxodonta africana africana;Elephas africanus cavendishi;Elephas capensis;Elephas capensis knochenhaueri;Elephas capensis oxyotis",NA,NA,NA,NA,NA,"Loxodonta","Elephantidae","Proboscidea","Mammalia","Chordata","Metazoa",NA,4.44140625,4342320000,NA,82653632,NA,"2023-05-16","Chromosome",3368807208,119600562,NA,56,28,2,"insdc_open",NA,"toga2","African Savanna Elephant,African elephant;African savanna elephant","species","Loxodonta africana",1e-4,NA,NA,NA,NA,TRUE,TRUE,TRUE,2,2,2,0,0,TRUE,2,"Both",1,2,2,"Other",FALSE
"Elephas maximus sumatranus","Elephas maximus","sumatranus",NA,NA,NA,1,"M","Mammalia","Fibro",NA,NA,"X","X",NA,NA,"Tissue (ear)/Umbellical Cordon/Placenta",NA,"Elephas_maximus","9783","Elephas asiaticus;Elephas gigas",NA,NA,NA,NA,NA,"Elephas","Elephantidae","Proboscidea","Mammalia","Chordata","Metazoa",NA,4.03125,3941340000,NA,77194844,NA,"2023-10-26","Chromosome",3259804713,130469234,94.2,56,28,2,"insdc_open",NA,"toga1","Sumatran elephant,Asian elephant;Asiatic elephant","species","Elephas maximus",1e-4,NA,NA,NA,NA,TRUE,TRUE,TRUE,1,2,2,0,0,TRUE,2,"Both",1,2,2,"Other",FALSE
"Equus quagga chapmani","Equus quagga","chapmani",NA,"II?","NEAR THREATENED",3,"M/-/F","Mammalia","Fibro","X","X","X","X","X",NA,NA,"Equus quagga chapmani","Equus_quagga","89248","Equus burchellii quagga",NA,NA,NA,NA,NA,"Equus","Equidae","Perissodactyla","Mammalia","Chordata","Metazoa",NA,3.560546875,3481680000,NA,427941,NA,"2022-01-31","Chromosome",2500914156,122556673,NA,44,22,2,"insdc_open",NA,"toga2","Chapman's zebra,plains zebra","species","Equus quagga",1e-4,NA,NA,NA,NA,TRUE,TRUE,TRUE,3,3,3,0,0,TRUE,6,"Both",1,3,2,"Perissodactyla",TRUE
"Ceratotherium simum","Ceratotherium simum",NA,NA,"I","NEAR THREATENED",3,"-/M/M","Mammalia","Fibro/PBMc",NA,"x","x","x","x",NA,"Blood",NA,"Ceratotherium_simum","9807","Rhinoceros simus;Ceratotherium simum simum;Rhinoceros burchellii;Rhinoceros camus",NA,NA,NA,NA,NA,"Ceratotherium","Rhinocerotidae","Perissodactyla","Mammalia","Chordata","Metazoa",NA,3.33984375,3266520000,NA,50391373,NA,"2023-04-03","Chromosome",2522777442,67555069,NA,82,41,2,"insdc_open",NA,"toga1/2",NA,"species","Ceratotherium simum",1e-4,NA,NA,NA,NA,TRUE,TRUE,TRUE,2,2,2,0,0,TRUE,6,"Both",1,2,2,"Perissodactyla",FALSE
"Equus caballus przewalskii","Equus caballus","przewalskii",NA,"I","ENDANGERED",1,"F","Mammalia","Fibro",NA,"X","X","X","X",NA,"Placenta/ Umbilical Cordon",NA,"Equus_caballus","9796","Equus przewalskii f. caballus;Equus przewalskii forma caballus;Equus asinus hippagrus;Equus caballus caballus;Equus caballus domesticus;Equus caballus fossilis;Equus caballus gallicus;Equus caballus germanicus;Equus caballus piveteaui;Equus ferus caballus;Equus hippagrus;Equus neogaeus;Equus neogeus;Hipphaplus bravardi;Hippidium neogaeum",NA,NA,NA,NA,NA,"Equus","Equidae","Perissodactyla","Mammalia","Chordata","Metazoa",NA,3.1796875,3110040000,NA,99223387,NA,"2024-08-16","Chromosome",2506949475,99223387,NA,64,32,2,"insdc_open",NA,"toga1","Przewalski's horse,Horse;horse","species","Equus caballus",1e-4,NA,NA,NA,NA,TRUE,TRUE,TRUE,1,1,1,0,0,TRUE,6,"Both",1,1,1,"Perissodactyla",FALSE
"Equus quagga burchelli","Equus quagga","burchelli",NA,"-","NEAR THREATENED",4,"F/M/F/M","Mammalia","Fibro",NA,"X",NA,NA,"X",NA,"Tissue",NA,"Equus_quagga","89248","Equus burchellii quagga",NA,NA,NA,NA,NA,"Equus","Equidae","Perissodactyla","Mammalia","Chordata","Metazoa",NA,3.560546875,3481680000,NA,427941,NA,"2022-01-31","Chromosome",2500914156,122556673,NA,44,22,2,"insdc_open",NA,"toga2","Burchell's zebra,plains zebra","species","Equus quagga",1e-4,NA,NA,NA,NA,TRUE,TRUE,TRUE,4,2,2,0,0,TRUE,6,"Both",1,2,2,"Perissodactyla",TRUE
"Equus caballus","Equus caballus",NA,NA,NA,"NA",1,"M","Mammalia","Fibro",NA,"X","X","X",NA,NA,"Tissue (ear)",NA,"Equus_caballus","9796","Equus przewalskii f. caballus;Equus przewalskii forma caballus;Equus asinus hippagrus;Equus caballus caballus;Equus caballus domesticus;Equus caballus fossilis;Equus caballus gallicus;Equus caballus germanicus;Equus caballus piveteaui;Equus ferus caballus;Equus hippagrus;Equus neogaeus;Equus neogeus;Hipphaplus bravardi;Hippidium neogaeum",NA,NA,NA,NA,NA,"Equus","Equidae","Perissodactyla","Mammalia","Chordata","Metazoa",NA,3.1796875,3110040000,NA,99223387,NA,"2024-08-16","Chromosome",2506949475,99223387,NA,64,32,2,"insdc_open",NA,"toga1","Horse (domestic),Horse;horse","species","Equus caballus",1e-4,NA,NA,NA,NA,TRUE,TRUE,TRUE,1,1,1,0,0,TRUE,6,"Both",1,1,1,"Perissodactyla",FALSE
"Tapirus terrestris","Tapirus terrestris",NA,NA,"II","VULNERABLE",2,"M/F","Mammalia","Fibro",NA,NA,"X","X",NA,NA,"Tissue (skin)",NA,"Tapirus_terrestris","9801","Hippopotamus terrestris",NA,NA,NA,NA,NA,"Tapirus","Tapiridae","Perissodactyla","Mammalia","Chordata","Metazoa",NA,3.779296875,3696840000,NA,164193,NA,"2019-01-15","Scaffold",2571458752,186384,NA,80,40,2,"published","ZOONOMIA","toga1","Lowland Tapir,South American tapir;Brazilian tapir","species","Tapirus terrestris",1e-4,NA,NA,NA,NA,TRUE,TRUE,TRUE,2,2,2,0,0,TRUE,6,"Both",1,2,2,"Perissodactyla",FALSE
"Hydrochoerus hydrochaeris","Hydrochoerus hydrochaeris",NA,"Hydrochoerinae","-","LEAST CONCERN",1,"M","Mammalia","Fibro",NA,"X","X","X","X",NA,"Tissue",NA,"Hydrochoerus_hydrochaeris","10149","Hydrochaeris hydrochaeris;Hydrochaerus hydrochaeris;Sus hydrochaeris;Capiguara americana;Cavia capybara;Hydrochaerus capybara;Hydrochoerus capybara;Hydrochoerus cololoi;Hydrochoerus hydrochoeris;Hydrochoerus irroratus;Hydrochoerus uruguayensis",NA,NA,NA,NA,NA,"Hydrochoerus","Hydrochaeridae","Rodentia","Mammalia","Chordata","Metazoa",NA,3.689453125,3663832500,NA,148451,NA,"2019-01-16","Scaffold",2734590088,202224,NA,64,27,2,"published","ZOONOMIA","toga1","Capybara,capybara","species","Hydrochoerus hydrochaeris",1e-4,NA,NA,NA,NA,TRUE,TRUE,TRUE,2,1,1,0,0,TRUE,6,"Both",1,1,1,"Rodentia",FALSE
"Dolichotis patagonum","Dolichotis patagonum",NA,"Dolichotinae","-","NEAR THREATENED",3,"F/M/-","Mammalia","Fibro","X","X","X","X","x",NA,"Tissue",NA,"Dolichotis_patagonum","29091","Cavia patagonum",NA,NA,NA,NA,NA,"Dolichotis","Caviidae","Rodentia","Mammalia","Chordata","Metazoa",NA,3.69921875,3618600000,NA,27983,NA,"2019-01-16","Scaffold",3289614431,31026,72.60000000000001,64,32,2,"published","ZOONOMIA","not_in_toga","Patagonian mara,Patagonian cavy","species","Dolichotis patagonum",1e-4,NA,NA,NA,NA,TRUE,TRUE,TRUE,3,2,2,0,0,TRUE,6,"Both",1,2,2,"Rodentia",FALSE
"Eliomys quercinus","Eliomys quercinus",NA,"Leithiinae","-","NEAR THREATENED",1,"-","Mammalia","Fibro","X","X","X","X","X",NA,"Tissue",NA,"Eliomys_quercinus","53277","Mus quercinus;Eliomys cincticauda;Eliomys gotthardus;Eliomys gymnesicus;Eliomys hamiltoni;Eliomys hortualis;Eliomys jurassicus;Eliomys nitela;Eliomys nitela lusitanica;Eliomys ophiusae;Eliomys pallidus;Eliomys quercinus dichrurus;Eliomys quercinus gotthardus;Eliomys quercinus gymnesicus;Eliomys quercinus jurrasicus;Eliomys quercinus liparensis;Eliomys quercinus lusitanicus;Eliomys quercinus ophiusae;Eliomys quercinus quercinus;Eliomys quercinus raticus;Eliomys quercinus sardus;Eliomys quercinus superans;Eliomys quercinus valverdei;Eliomys sardus;Eliomys superans;Myoxus nitela;Myoxus nitela amori",NA,NA,NA,NA,NA,"Eliomys","Gliridae","Rodentia","Mammalia","Chordata","Metazoa",NA,3.970703125,3882659999,NA,51740598,NA,"2025-06-30","Chromosome",2391831224,108114398,NA,48,24,2,"published","LOEWE-TBG","toga1",NA,"species","Eliomys quercinus",1e-4,NA,NA,NA,NA,FALSE,TRUE,TRUE,1,1,1,0,0,TRUE,6,"Both",1,1,1,"Rodentia",FALSE
"Hystrix cristata","Hystrix cristata",NA,NA,"-","LEAST CONCERN",1,"F/M","Mammalia","Fibro",NA,"x","x",NA,"X",NA,"Tissue","Hystrix","Hystrix_cristata","10137",NA,NA,NA,NA,NA,NA,"Hystrix","Hystricidae","Rodentia","Mammalia","Chordata","Metazoa",NA,3.689453125,3663832500,NA,57102,NA,"2019-01-16","Scaffold",2470917678,64768,NA,48,24,2,"published","ZOONOMIA","not_in_toga","Short-tailed porcupine,crested porcupine","species","Hystrix cristata",1e-4,NA,NA,NA,NA,TRUE,TRUE,TRUE,2,2,2,0,0,TRUE,6,"Both",1,2,2,"Rodentia",FALSE
"Cynomys ludovicianus","Cynomys ludovicianus",NA,NA,NA,"LEAST CONCERN",2,"M/F","Mammalia","Fibro",NA,NA,NA,NA,NA,NA,"Tissue",NA,"Cynomys_ludovicianus","45480","Arctomys ludoviciana;Cynomys arizonensis;Cynomys cinereus;Cynomys grisea;Cynomys meadensis;Cynomys pyrrotrichus;Cynomys socialis;Monax missouriensis",NA,NA,NA,NA,NA,"Cynomys","Sciuridae","Rodentia","Mammalia","Chordata","Metazoa",NA,3.970703125,3882659999,NA,567348,NA,"2025-09-12","Scaffold",2560959361,1032944,NA,38,19,2,NA,NA,"toga1/2",NA,"species","Cynomys ludovicianus",1e-4,NA,NA,NA,NA,FALSE,TRUE,TRUE,2,2,2,0,0,TRUE,6,"Both",1,2,2,"Rodentia",FALSE
"Rattus norvegicus","Rattus norvegicus",NA,NA,"-","LEAST CONCERN",1,"U","Mammalia","Fibro",NA,"X","X",NA,NA,NA,"Tissue","Rattus","Rattus_norvegicus","10116","Mus norvegicus;Epimys norvegicus socer;Mus caraco;Mus caspius;Mus decumanoides;Mus decumanus;Mus decumanus hybridus;Mus decumanus major;Mus griseipectus;Mus hibernicus;Mus humiliatus;Mus javanus;Mus magnirostris;Mus maniculatus;Mus maurus;Mus norvegicus praestans;Mus ouangthomae;Mus plumbeus;Mus surmolottus;Mus sylvaticus discolor;Mus tamarensis;Rattus decumanus;Rattus humiliatus insolatus;Rattus humiliatus sowerbyi;Rattus norvegicus albus;Rattus norvegicus otomoi;Rattus norvegicus primarius",NA,NA,NA,NA,NA,"Rattus","Muridae","Rodentia","Mammalia","Chordata","Metazoa",NA,3.26953125,3198060000,NA,64250101,27309,"2024-01-31","Chromosome",2859874536,137014596,96,42,21,2,"insdc_open",NA,"toga2","Rat,Brown rat;Norway rat","species","Rattus norvegicus",1e-4,NA,NA,NA,NA,TRUE,TRUE,TRUE,1,1,1,0,0,TRUE,6,"Both",1,1,1,"Rodentia",FALSE
"Lutra lutra","Lutra lutra",NA,"Lutrinae","I","NEAR THREATENED",2,"M/F","Mammalia","Fibro","X","X",NA,"X","X",NA,"tissue",NA,"Lutra_lutra","9657","Viverra lutra;Lutra piscatoria;Lutra vulgaris;Mustela lutra",NA,NA,NA,NA,NA,"Lutra","Mustelidae","Carnivora","Mammalia","Chordata","Metazoa",NA,2.9453125,2880210000,NA,30403456,NA,"2020-07-31","Chromosome",2438442342,149004807,94.9,38,19,2,"insdc_open",NA,"not_in_toga","Eurasian otter,Otter, Common;Otter;Eurasian river otter","species","Lutra lutra",1e-4,NA,NA,NA,NA,TRUE,TRUE,TRUE,2,1,1,0,0,TRUE,19,"Both",1,1,1,"Carnivora",FALSE
"Panthera leo","Panthera leo",NA,"Pantherinae","II","VULNERABLE",9,"F/M/F/F/F/F/F","Mammalia","Fibro","X","X","X","X","X",NA,"blood",NA,"Panthera_leo","9689","Felis leo;Leo leo;Felis imperialis",NA,NA,NA,NA,NA,"Panthera","Felidae","Carnivora","Mammalia","Chordata","Metazoa",NA,2.94921875,2885100000,NA,77781637,NA,"2021-05-13","Chromosome",2297552363,147402474,NA,38,19,2,"insdc_open",NA,"toga2","Lion,African lion;lion","species","Panthera leo",1e-4,NA,NA,NA,NA,TRUE,TRUE,TRUE,8,9,9,0,0,TRUE,19,"Both",1,9,2,"Carnivora",TRUE
"Panthera onca","Panthera onca",NA,"Pantherinae","I","NEAR THREATENED",4,"F/F","Mammalia","Fibro","X","X","X","X","X",NA,"Tissue",NA,"Panthera_onca","9690","Felis augustus;Felis onca;Felis onca boliviensis;Felis onca coxi;Felis onca ucayalae;Felis veronis;Panthera augusta;Panthera onca augusta;Uncia augusta",NA,NA,NA,NA,NA,"Panthera","Felidae","Carnivora","Mammalia","Chordata","Metazoa",NA,2.830078125,2767740000,NA,51083,NA,"2023-02-09","Chromosome",2498323642,132627732,NA,38,19,2,"published","ZOONOMIA","toga2","Jaguar,jaguar","species","Panthera onca",1e-4,NA,NA,NA,NA,TRUE,TRUE,TRUE,5,6,6,0,0,TRUE,19,"Both",1,6,2,"Carnivora",TRUE
"Canis lupus signatus","Canis lupus","signatus",NA,"II","LEAST CONCERN",4,"M/F/F/F","Mammalia","Fibro",NA,"X","X","X","X",NA,"Tissue/Blood","Canis lupus","Canis_lupus","9612","Aenocyon milleri;Canis dingo;Canis familiaris;Canis furlongi;Canis lycaon;Canis milleri;Canis nubilus;Canis occidentalis;Canis pambasileus;Canis petrolei;Canis tundrarum;Canis variabilis;Lupus gigas;Lupus lupus",NA,NA,NA,NA,NA,"Canis","Canidae","Carnivora","Mammalia","Chordata","Metazoa",NA,2.810546875,2748180000,NA,44625132,NA,"2023-12-27","Chromosome",2347135981,65778685,95.5,78,39,2,"insdc_open",NA,"toga2","Iberian Wolf,Timber wolf;gray wolf","species","Canis lupus",1e-4,NA,NA,NA,NA,TRUE,TRUE,TRUE,4,5,5,0,0,TRUE,19,"Both",1,5,2,"Carnivora",TRUE
"Mungos mungo","Mungos mungo",NA,NA,"-","LEAST CONCERN",3,"F/F/F","Mammalia","Fibro","X","X","X","X","X",NA,"Tissue",NA,"Mungos_mungo","210652","Viverra mungo;Ariela taenionota;Crossarchus fasciatus;Crossarchus fasciatus colonus;Herpestes fasciatus;Herpestes mungo;Ichneumon mungo;Ichneumon taenionotus;Mangusta mungo",NA,NA,NA,NA,NA,"Mungos","Herpestidae","Carnivora","Mammalia","Chordata","Metazoa",NA,2.873046875,2823975000,NA,180702,NA,"2019-01-15","Scaffold",2448211634,236501,NA,36,18,2,"published","ZOONOMIA","not_in_toga","Banded Mongoose,banded mongoose","species","Mungos mungo",1e-4,NA,NA,NA,NA,TRUE,TRUE,TRUE,3,3,3,0,0,TRUE,19,"Both",1,3,2,"Carnivora",FALSE
"Ursus thibetanus","Ursus thibetanus",NA,NA,"I","VULNERABLE",1,"F","Mammalia","Fibro",NA,"X","X","X","X",NA,"Tissue",NA,"Ursus_thibetanus","9642","Selenarctos thibetanus",NA,NA,NA,NA,NA,"Ursus","Ursidae","Carnivora","Mammalia","Chordata","Metazoa",NA,2.75,2689500000,NA,145966,NA,"2023-04-03","Scaffold",2292368350,26803000,NA,74,37,2,"insdc_open",NA,"toga1/2",NA,"species","Ursus thibetanus",1e-4,NA,NA,NA,NA,TRUE,TRUE,TRUE,1,1,1,0,0,TRUE,19,"Both",1,1,1,"Carnivora",FALSE
"Otaria byronia","Otaria byronia",NA,NA,"-","LEAST CONCERN",5,"F/F/F/F/F","Mammalia","Fibro","X","X","X","X","X",NA,"Tissue",NA,"Otaria_byronia","161932","Otaria flavescens;Eumetopias byronia;Otaria byroni;Phoca flavescens",NA,NA,NA,NA,NA,"Otaria","Otariidae","Carnivora","Mammalia","Chordata","Metazoa",NA,3.150390625,3080700000,NA,NA,NA,"2023-04-03","Scaffold",2450000000,144693000,NA,36,18,2,"open",NA,"toga2","South American Sea Lion,South American sea lion","species","Otaria byronia",1e-4,NA,NA,NA,NA,FALSE,TRUE,TRUE,5,5,5,0,0,TRUE,19,"Both",1,5,2,"Carnivora",TRUE
"Ailuropoda melanoleuca","Ailuropoda melanoleuca",NA,NA,"I","VULNERABLE",2,NA,"Mammalia","Fibro","X","X","X","X","X",NA,"Tissue",NA,"Ailuropoda_melanoleuca","9646","Aeluropus melanoleucus;Ailuropus melanoleucus;Ursus melanoleucus",NA,NA,NA,NA,NA,"Ailuropoda","Ursidae","Carnivora","Mammalia","Chordata","Metazoa",NA,2.75,2689500000,NA,127687,22586,"2020-04-20","Chromosome",2369876364,129245720,NA,42,21,2,"insdc_open",NA,"not_in_toga","Giant Panda,giant panda","species","Ailuropoda melanoleuca",1e-4,NA,NA,NA,NA,TRUE,TRUE,TRUE,2,1,1,0,0,TRUE,19,"Both",1,1,1,"Carnivora",FALSE
"Suricata suricatta","Suricata suricatta",NA,NA,"-","LEAST CONCERN",6,"F/F/M/-/M","Mammalia","Fibro","X","X","X","X","X",NA,"Tissue",NA,"Suricata_suricatta","37032","Viverra suricatta;Viverra suricata",NA,NA,NA,NA,NA,"Suricata","Herpestidae","Carnivora","Mammalia","Chordata","Metazoa",NA,2.873046875,2823975000,NA,75409,NA,"2019-07-03","Chromosome",2353578744,141453419,NA,36,18,2,"published","ZOONOMIA","toga1","Meerkat,meerkat","species","Suricata suricatta",1e-4,NA,NA,NA,NA,TRUE,TRUE,TRUE,6,7,7,0,0,TRUE,19,"Both",1,7,2,"Carnivora",TRUE
"Panthera pardus kotiya","Panthera pardus","kotiya",NA,"I","VULNERABLE",2,"M/M","Mammalia","Fibro","X","X","X","X","X",NA,"Tissue",NA,"Panthera_pardus","9691","Felis pardus;Leo pardus;Felis pardus nanopardus",NA,NA,NA,NA,NA,"Panthera","Felidae","Carnivora","Mammalia","Chordata","Metazoa",NA,2.830078125,2767740000,NA,22236240,NA,"2022-07-21","Scaffold",2509664278,126810544,NA,38,19,2,"insdc_open",NA,"toga2","Leopard,leopard","species","Panthera pardus",1e-4,NA,NA,NA,NA,TRUE,TRUE,TRUE,2,2,2,0,0,TRUE,19,"Both",1,2,2,"Carnivora",FALSE
"Crocuta crocuta","Crocuta crocuta",NA,NA,"-","LEAST CONCERN",2,"M/M","Mammalia","Fibro",NA,"X","X","X","X",NA,"Tissue",NA,"Crocuta_crocuta","9678","Canis crocuta;Crocotta kibotonensis;Crocotta panganensis;Crocuta crocuta fisi;Crocuta crocuta fortis;Crocuta nyassae;Crocuta nzoyae;Crocuta rufopicta;Crocuta thomasi;Hyaena capensis;Hyaena crocuta;Hyaena cuvieri;Hyaena gariepensis;Hyaena germinans;Hyaena leontiewi;Hyaena maculata;Hyaena noltei;Hyaena rufa;Hyaena thierryi;Hyaena togoensis;Hyaena wismanni",NA,NA,NA,NA,NA,"Crocuta","Hyaenidae","Carnivora","Mammalia","Chordata","Metazoa",NA,2.873046875,2823975000,NA,97873,19698,"2019-10-07","Scaffold",2348360376,7236831,93.5,40,20,2,"insdc_open",NA,"not_in_toga","Spotted hyena,spotted hyena","species","Crocuta crocuta",1e-4,NA,NA,NA,NA,TRUE,TRUE,TRUE,2,2,2,0,0,TRUE,19,"Both",1,2,2,"Carnivora",FALSE
"Zalophus californianus","Zalophus californianus",NA,NA,"-","LEAST CONCERN",3,"F/F/F","Mammalia","Fibro",NA,"X","X","X","X",NA,"Tissue",NA,"Zalophus_californianus","9704","Otaria californiana;Arctocephalus gilliespii;Eumetopias californianus;Otaria gilliespii;Zalophus gilliespii",NA,NA,NA,NA,NA,"Zalophus","Otariidae","Carnivora","Mammalia","Chordata","Metazoa",NA,3.150390625,3080700000,NA,32626160,NA,"2020-07-14","Chromosome",2391010741,147124152,NA,36,18,2,"published","ZOONOMIA","toga2","California sea lion","species","Zalophus californianus",1e-4,NA,NA,NA,NA,TRUE,TRUE,TRUE,3,2,2,0,0,TRUE,19,"Both",1,2,2,"Carnivora",FALSE
"Panthera pardus saxicolor","Panthera pardus","saxicolor",NA,"I","VULNERABLE",1,"M","Mammalia","Fibro",NA,"X","X","X","X",NA,"Tissue",NA,"Panthera_pardus","9691","Felis pardus;Leo pardus;Felis pardus nanopardus",NA,NA,NA,NA,NA,"Panthera","Felidae","Carnivora","Mammalia","Chordata","Metazoa",NA,2.830078125,2767740000,NA,22236240,NA,"2022-07-21","Scaffold",2509664278,126810544,NA,38,19,2,"insdc_open",NA,"toga2","Persian leopard,leopard","species","Panthera pardus",1e-4,NA,NA,NA,NA,TRUE,TRUE,TRUE,1,1,1,0,0,TRUE,19,"Both",1,1,1,"Carnivora",FALSE
"Mustela lutreola novikovi","Mustela lutreola","novikovi",NA,NA,"CRITICALLY ENDANGERED",1,"F","Mammalia","Fibro",NA,"X","X","X","X",NA,"Tissue",NA,"Mustela_lutreola","9666","Mustela aremorica;Mustela borealis;Mustela budina;Mustela europaea;Mustela fulva;Mustela minor;Mustela transsylvanica;Viverra lutreola",NA,NA,NA,NA,NA,"Mustela","Mustelidae","Carnivora","Mammalia","Chordata","Metazoa",NA,2.9453125,2880210000,NA,83356672,NA,"2023-07-13","Chromosome",2586268927,154078643,NA,38,19,2,"insdc_open",NA,"toga2","European mink","species","Mustela lutreola",1e-4,NA,NA,NA,NA,FALSE,TRUE,TRUE,1,1,1,0,0,TRUE,19,"Both",1,1,1,"Carnivora",FALSE
"Panthera tigris","Panthera tigris",NA,NA,"I","ENDANGERED",2,"F/M","Mammalia","Fibro",NA,"X","X","X","X",NA,"Tissue (ovary/skin)",NA,"Panthera_tigris","9694","Felis tigris",NA,NA,NA,NA,NA,"Panthera","Felidae","Carnivora","Mammalia","Chordata","Metazoa",NA,2.7109375,2650380000,NA,74391967,NA,"2021-05-13","Chromosome",2408678698,146942463,NA,38,19,2,"insdc_open",NA,"toga2","Tiger,Tiger;tiger","species","Panthera tigris",1e-4,NA,NA,NA,NA,TRUE,TRUE,TRUE,2,2,2,0,0,TRUE,19,"Both",1,2,2,"Carnivora",FALSE
"Pteronura brasiliensis","Pteronura brasiliensis",NA,NA,"I","ENDANGERED",1,"F","Mammalia","Fibro",NA,"X",NA,"X",NA,NA,"Tissue (uter/skin)",NA,"Pteronura_brasiliensis","9672","Lutra brasiliana;Lutra lupina;Mustela lutris brasiliensis;Pteronura sambachii;Pterura sanbachii",NA,NA,NA,NA,NA,"Pteronura","Mustelidae","Carnivora","Mammalia","Chordata","Metazoa",NA,2.9453125,2880210000,NA,90879,NA,"2019-01-15","Scaffold",2602275310,119023,82.7,38,19,2,"published","ZOONOMIA","not_in_toga","Giant otter,giant otter","species","Pteronura brasiliensis",1e-4,NA,NA,NA,NA,TRUE,TRUE,TRUE,1,1,1,0,0,TRUE,19,"Both",1,1,1,"Carnivora",FALSE
"Panthera tigris sumatrae","Panthera tigris","sumatrae",NA,NA,"ENDANGERED",2,"M/F","Mammalia","Fibro",NA,NA,NA,NA,NA,NA,"Skin",NA,"Panthera_tigris","9694","Felis tigris",NA,NA,NA,NA,NA,"Panthera","Felidae","Carnivora","Mammalia","Chordata","Metazoa",NA,2.7109375,2650380000,NA,74391967,NA,"2021-05-13","Chromosome",2408678698,146942463,NA,38,19,2,"insdc_open",NA,"toga2","Sumatra tiger,Tiger;tiger","species","Panthera tigris",1e-4,NA,NA,NA,NA,TRUE,TRUE,TRUE,2,1,1,0,0,TRUE,19,"Both",1,1,1,"Carnivora",FALSE
"Leopardus pardalis","Leopardus pardalis",NA,"Felinae","I","LEAST CONCERN",1,"F","Mammalia","Fibro",NA,"X","X",NA,NA,NA,NA,NA,"Leopardus_pardalis","32538","Felis pardalis;Felis albescens;Felis canescens;Felis griffithii;Felis limitis;Felis mearnsi;Felis mexicana;Felis ocelot;Felis pseudopardalis;Leopardus griseus",NA,NA,NA,NA,NA,"Leopardus","Felidae","Carnivora","Mammalia","Chordata","Metazoa",NA,2.974609375,2909550000,NA,104474415,NA,"2021-05-13","Chromosome",2426370816,152606360,NA,36,18,2,"insdc_open",NA,"toga1/2",NA,"genus","Leopardus geoffroyi",5.885985,"46844","OK",5.885985,5.88598,FALSE,TRUE,TRUE,1,1,1,0,0,TRUE,19,"Both",1,1,1,"Carnivora",FALSE
"Ailurus fulgens","Ailurus fulgens",NA,NA,"I","ENDANGERED",7,"F/F/F/M/F/F/M","Mammalia","Fibro",NA,"X","X","X","X",NA,"Tissue",NA,"Ailurus_fulgens","9649",NA,NA,NA,NA,NA,NA,"Ailurus","Ailuridae","Carnivora","Mammalia","Chordata","Metazoa",NA,2.8984375,2833755000,NA,99577,NA,"2017-02-28","Scaffold",2342939051,2983736,NA,36,18,2,"insdc_open",NA,"toga1/2",NA,"genus","Ailurus styani",10,"424585","No match",NA,NA,TRUE,TRUE,TRUE,7,5,5,0,0,TRUE,19,"Both",1,5,2,"Carnivora",TRUE
"Ateles hybridus","Ateles hybridus",NA,"Atelinae","II","CRITICALLY ENDANGERED",8,"F/F/F/M/F/U/M/U","Mammalia","Fibro","X","X","X","X","X","X","Tissue/placenta",NA,"Ateles_hybridus","129801","Ateles belzebuth hybridus;Ameranthropoides loysi;Ateles albifrons;Ateles hybridus brunneus;Ateles hybridus hybridus",NA,NA,NA,NA,NA,"Ateles","Atelidae","Primates","Mammalia","Chordata","Metazoa",NA,3.23828125,3166275000,NA,50515269,NA,"2021-09-22","Scaffold",2643274663,50515269,NA,34,17,2,"insdc_open",NA,"toga2","Brown Spider Monkey,brown spider monkey","species","Ateles hybridus",1e-4,NA,NA,NA,NA,FALSE,TRUE,TRUE,7,6,6,0,1,TRUE,26,"Both",1,6,2,"Primates",TRUE
"Lemur catta","Lemur catta",NA,"Lemuridae","I","ENDANGERED",9,"M/M/M/M/F/M/F","Mammalia","Fibro",NA,"X","X","X","X",NA,"Tissue (skin)",NA,"Lemur_catta","9447","Maki mococo",NA,NA,NA,NA,NA,"Lemur","Lemuridae","Primates","Mammalia","Chordata","Metazoa",NA,3.279296875,3207840000,NA,32529614,NA,"2021-11-04","Chromosome",2245584463,102162704,NA,56,28,2,"published","ZOONOMIA","not_in_toga","Ring-tailed Lemur,Ring-tailed lemur","species","Lemur catta",1e-4,NA,NA,NA,NA,TRUE,TRUE,TRUE,10,6,6,0,0,TRUE,26,"Both",1,6,2,"Primates",TRUE
"Callithrix geoffroyi","Callithrix geoffroyi",NA,"Callitrichinae","II","LEAST CONCERN",1,"F","Mammalia","Fibro","X","X","X","X","X",NA,"Tissue",NA,"Callithrix_geoffroyi","52231","Callithrix jacchus geoffroyi;Simia geoffroyi;Cebus albifrons;Cebus albifrons albifrons;Hapale melanotis;Jacchus leucocephalus;Jacchus maximiliani;Simia albifrons",NA,NA,NA,NA,NA,"Callithrix","Cebidae","Primates","Mammalia","Chordata","Metazoa",NA,3.4296875,3354540000,NA,13434,NA,"2023-10-31","Scaffold",2538092617,13434,NA,44,22,2,"insdc_open",NA,"toga1/2","Geoffroy’s Tufted-ear Marmoset,Geoffroy's marmoset","species","Callithrix geoffroyi",1e-4,NA,NA,NA,NA,FALSE,TRUE,TRUE,1,1,1,0,0,TRUE,26,"Both",1,1,1,"Primates",FALSE
"Saguinus imperator subgrisescens","Saguinus imperator","subgrisescens","Callitrichinae","II","LEAST CONCERN",3,"M/M/F","Mammalia","Fibro","X","X","X","X","X",NA,"Tissue",NA,"Saguinus_imperator","9491","Midas imperator",NA,NA,NA,NA,NA,"Saguinus","Cebidae","Primates","Mammalia","Chordata","Metazoa",NA,3.455078125,3378990000,NA,53787,NA,"2019-01-15","Scaffold",3493717886,65636,NA,44,22,2,"published","ZOONOMIA","toga1","Bearded Emperor Tamarin,tamarin","species","Saguinus imperator",1e-4,NA,NA,NA,NA,TRUE,TRUE,TRUE,3,4,4,0,0,TRUE,26,"Both",1,4,2,"Primates",FALSE
"Saguinus oedipus","Saguinus oedipus",NA,"Callitrichinae","I","CRITICALLY ENDANGERED",3,"U/M/U","Mammalia","Fibro",NA,"X",NA,"x",NA,NA,NA,NA,"Saguinus_oedipus","9490","? oedipus;Oedipus titi;Seniocebus meticulous",NA,NA,NA,NA,NA,"Saguinus","Cebidae","Primates","Mammalia","Chordata","Metazoa",NA,3.455078125,3378990000,NA,91852676,41012,"2023-09-25","Chromosome",3240181431,148490209,NA,44,22,2,"insdc_open",NA,"toga2","Cotton-headed Tamarin,cotton-top tamarin","species","Saguinus oedipus",1e-4,NA,NA,NA,NA,FALSE,TRUE,TRUE,3,3,3,0,0,TRUE,26,"Both",1,3,2,"Primates",FALSE
"Pan troglodytes troglodytes","Pan troglodytes","troglodytes",NA,"I","ENDANGERED",9,"F/F/F/F/F/?/F/F/M","Mammalia","Fibro","X","X","X","X","X","X","Tissue/Blood",NA,"Pan_troglodytes","9598","Simia troglodytes",NA,NA,NA,NA,NA,"Pan","Hominidae","Primates","Mammalia","Chordata","Metazoa",NA,3.6953125,3613710000,NA,146288486,55892,"2024-12-09","Chromosome",3177739762,146288486,91.5,48,24,2,"insdc_open",NA,"not_in_toga","Central chimpanzee,Chimpanzee;chimpanzee","species","Pan troglodytes",1e-4,NA,NA,NA,NA,TRUE,TRUE,TRUE,9,10,10,0,2,TRUE,26,"Both",1,10,2,"Primates",TRUE
"Cercocebus lunulatus","Cercocebus lunulatus",NA,NA,"II","ENDANGERED",6,"-/F/M/F/F/F","Mammalia","Fibro","X","X","X","x","x",NA,NA,"Cercocebus lunulatus","Cercocebus_lunulatus","3074498","Cercocebus atys lunulatus;Cercocebus torquatus lunulatus",NA,NA,NA,NA,NA,"Cercocebus","Cercopithecidae","Primates","Mammalia","Chordata","Metazoa",NA,4.12109375,4029360000,NA,36497,NA,"2023-11-03","Scaffold",2754501585,36500,NA,42,21,2,NA,NA,"toga1/2",NA,"species","Cercocebus lunulatus",1e-4,NA,NA,NA,NA,FALSE,TRUE,TRUE,6,8,8,0,0,TRUE,26,"Both",1,8,2,"Primates",TRUE
"Pongo pygmaeus","Pongo pygmaeus",NA,NA,"I","CRITICALLY ENDANGERED",3,"F/U/M","Mammalia","Fibro","X","X","X","x","x","X","Cell culture / Placenta/ombelical Cordon","Pongo pygmaeus pygmaeus","Pongo_pygmaeus","9600","Simia pygmaeus;Pongo pygmaeus ciochoni;Pongo pygmaeus devosi;Pongo pygmaeus fromageti;Pongo pygmaeus kahlkei",NA,NA,NA,NA,NA,"Pongo","Hominidae","Primates","Mammalia","Chordata","Metazoa",NA,3.66015625,3579480000,NA,140592248,NA,"2024-01-08","Chromosome",3220935163,143261986,93.9,48,24,2,"insdc_open",NA,"not_in_toga","Orangutan,Orangutan;Bornean orangutan","species","Pongo pygmaeus",1e-4,NA,NA,NA,NA,FALSE,TRUE,FALSE,3,3,3,0,1,TRUE,26,"Both",1,3,2,"Primates",FALSE
"Mandrillus sphinx","Mandrillus sphinx",NA,"Cercopithecinae","I","VULNERABLE",2,"F/M/F","Mammalia","Fibro","X","X","X","x","x",NA,"Tissue",NA,"Mandrillus_sphinx","9561","Papio sphinx;Simia sphinx;Maimon burlacei;Mandril sphinx;Mandrillus escherichi;Mandrillus hagenbecki;Mandrillus insularis;Mandrillus schreberi;Mandrillus tessmanni;Mandrillus zenkeri;Mandrillus zenkeri ebolowae;Papio mormon;Papio planirostris;Simia latidens;Simia madarogaster;Simia maimon;Simia mormon;Simia pennanti;Simia suilla",NA,NA,NA,NA,NA,"Mandrillus","Cercopithecidae","Primates","Mammalia","Chordata","Metazoa",NA,3.5,3423000000,NA,20999372,NA,"2022-06-17","Contig",2836346068,20999372,NA,42,21,2,"insdc_open",NA,"not_in_toga","Mandrill,Mandrill;mandrill","species","Mandrillus sphinx",1e-4,NA,NA,NA,NA,TRUE,TRUE,TRUE,3,3,3,0,1,TRUE,26,"Both",1,3,2,"Primates",FALSE
"Miopithecus ogouensis","Miopithecus ogouensis",NA,"Cercopithecinae","II","NEAR THREATENED",2,"U/F","Mammalia","Fibro",NA,"X","X","X","X","X","Tissue",NA,"Miopithecus_ogouensis","100488",NA,NA,NA,NA,NA,NA,"Miopithecus","Cercopithecidae","Primates","Mammalia","Chordata","Metazoa",NA,3.669921875,3589260000,NA,39707,NA,"2023-11-02","Scaffold",2735347575,39714,NA,54,27,2,"insdc_open",NA,"toga1/2","Northern Talapoin Monkey,Gabon talapoin","species","Miopithecus ogouensis",1e-4,NA,NA,NA,NA,FALSE,TRUE,TRUE,2,1,1,0,1,TRUE,26,"Both",1,1,1,"Primates",FALSE
"Eulemur fulvus","Eulemur fulvus",NA,NA,"I","VULNERABLE",2,"F/F","Mammalia","Fibro","X","X","X","x","X",NA,"Tissue",NA,"Eulemur_fulvus","13515","Lemur fulvus;Petterus fulvus;Eulemur fulvus fulvus;Eulemur fulvus sanfordi;Lemur bruneus;Lemur fulvus mayottensis;Lemur fulvus sanfordi;Lemur mayottensis",NA,NA,NA,NA,NA,"Eulemur","Lemuridae","Primates","Mammalia","Chordata","Metazoa",NA,3.35546875,3281190000,NA,28225,NA,"2023-10-30","Scaffold",2441052339,28225,58.2,48,24,2,"published","ZOONOMIA","toga1","Common brown lemur,Brown lemur;brown lemur","species","Eulemur fulvus",1e-4,NA,NA,NA,NA,TRUE,TRUE,TRUE,2,2,2,0,0,TRUE,26,"Both",1,2,2,"Primates",FALSE
"Cercopithecus neglectus","Cercopithecus neglectus",NA,"Cercopithecinae","II","LEAST CONCERN",2,"F/M","Mammalia","Fibro",NA,"X",NA,"X",NA,NA,"Tissue",NA,"Cercopithecus_neglectus","36227","Cercopithecus brazzae;Cercopithecus brazzae uellensis;Cercopithecus ezrae;Cercopithecus neglectus brazziformis",NA,NA,NA,NA,NA,"Cercopithecus","Cercopithecidae","Primates","Mammalia","Chordata","Metazoa",NA,4.87109375,4762860000,NA,44010,NA,"2023-11-02","Scaffold",2733116764,44019,NA,58,29,2,"published","ZOONOMIA","not_in_toga","De Brazza’s Monkey,De Brazza's monkey","species","Cercopithecus neglectus",1e-4,NA,NA,NA,NA,TRUE,TRUE,TRUE,2,2,2,0,0,TRUE,26,"Both",1,2,2,"Primates",FALSE
"Cercocebus torquatus","Cercocebus torquatus",NA,NA,"II","ENDANGERED",2,"M/M","Mammalia","Fibro",NA,"X","X","X","X",NA,"Tissue",NA,"Cercocebus_torquatus","9530","Simia torquata;Cercocebus collaris;Cercocebus crossi;Simia aethiops torquatus",NA,NA,NA,NA,NA,"Cercocebus","Cercopithecidae","Primates","Mammalia","Chordata","Metazoa",NA,4.8984375,4792200000,NA,37166,NA,"2023-11-03","Scaffold",2766409225,37166,NA,42,21,2,"insdc_open",NA,"toga1/2","Red-capped mangabey,Mangabey;collared mangabey","species","Cercocebus torquatus",1e-4,NA,NA,NA,NA,FALSE,TRUE,TRUE,2,2,2,0,0,TRUE,26,"Both",1,2,2,"Primates",FALSE
"Gorilla gorilla","Gorilla gorilla",NA,NA,"I","CRITICALLY ENDANGERED",4,"-/F/M/M","Mammalia","Fibro/PBMc","X","X","X","X","X","X","Blood/Tissue",NA,"Gorilla_gorilla","9593","Troglodytes gorilla",NA,NA,NA,NA,NA,"Gorilla","Hominidae","Primates","Mammalia","Chordata","Metazoa",NA,3.5703125,3491460000,NA,42091,NA,"2023-04-03","Contig",13651264,42091,NA,48,24,2,"insdc_open",NA,"not_in_toga","Western Gorilla,Gorilla;Western lowland gorilla;western gorilla","species","Gorilla gorilla",1e-4,NA,NA,NA,NA,TRUE,TRUE,TRUE,4,3,3,0,1,TRUE,26,"Both",1,3,2,"Primates",TRUE
"Papio cynocephalus","Papio cynocephalus",NA,NA,"II","LEAST CONCERN",3,"F/F/-","Mammalia","Fibro",NA,"X","X","X","X",NA,"Tissue",NA,"Papio_cynocephalus","9556","Papio hamadryas cynocephalus;Simia cynocephalus",NA,NA,NA,NA,NA,"Papio","Cercopithecidae","Primates","Mammalia","Chordata","Metazoa",NA,3.53515625,3457230000,NA,30627,NA,"2023-11-03","Scaffold",2743276708,30627,NA,42,21,2,"insdc_open",NA,"toga1/2","Yellow Baboon,Yellow baboon","species","Papio cynocephalus",1e-4,NA,NA,NA,NA,FALSE,TRUE,TRUE,3,3,3,0,0,TRUE,26,"Both",1,3,2,"Primates",FALSE
"Hylobates muelleri","Hylobates muelleri",NA,NA,"I","ENDANGERED",1,"M","Mammalia","Fibro",NA,"X",NA,"X",NA,NA,"Tissue",NA,"Hylobates_muelleri","9588","Hylobates cinereus muelleri",NA,NA,NA,NA,NA,"Hylobates","Hylobatidae","Primates","Mammalia","Chordata","Metazoa",NA,3.3203125,3246960000,NA,28001,NA,"2023-11-02","Scaffold",2683749953,28009,NA,44,22,2,"insdc_open",NA,"toga1/2","Bornean Gibbon,Mueller's Borneo gibbon","species","Hylobates muelleri",1e-4,NA,NA,NA,NA,FALSE,TRUE,TRUE,1,1,1,0,0,TRUE,26,"Both",1,1,1,"Primates",FALSE
"Mandrillus leucophaeus","Mandrillus leucophaeus",NA,NA,"I","VULNERABLE",3,"F/F/F","Mammalia","Fibro",NA,"X",NA,"X",NA,NA,"Tissue",NA,"Mandrillus_leucophaeus","9568","Papio leucophaeus;Simia leucophaea;Cynocephalus leucophaeus;Simia uvea",NA,NA,NA,NA,NA,"Mandrillus","Cercopithecidae","Primates","Mammalia","Chordata","Metazoa",NA,3.5,3423000000,NA,31346,NA,"2015-03-12","Scaffold",3061992840,3186748,NA,42,21,2,"insdc_open",NA,"toga2","Drill,drill","species","Mandrillus leucophaeus",1e-4,NA,NA,NA,NA,TRUE,TRUE,TRUE,3,3,3,0,0,TRUE,26,"Both",1,3,2,"Primates",FALSE
"Hylobates pileatus","Hylobates pileatus",NA,NA,"I","ENDANGERED",1,"M","Mammalia","Fibro",NA,"X",NA,"X",NA,NA,"Tissue",NA,"Hylobates_pileatus","9589","Hylobates lar pileatus",NA,NA,NA,NA,NA,"Hylobates","Hylobatidae","Primates","Mammalia","Chordata","Metazoa",NA,3.240234375,3168720000,NA,17385161,NA,"2022-01-19","Chromosome",2851401333,131825309,NA,44,22,2,"insdc_open",NA,"toga2","Pileated Gibbon,pileated gibbon","species","Hylobates pileatus",1e-4,NA,NA,NA,NA,FALSE,TRUE,TRUE,1,1,1,0,0,TRUE,26,"Both",1,1,1,"Primates",FALSE
"Cebuella pygmaea","Cebuella pygmaea",NA,NA,"II","VULNERABLE",5,"U/F/F/F/M","Mammalia","Fibro",NA,"X","X","X","X",NA,"Tissue",NA,"Cebuella_pygmaea","9493","Callithrix pygmaea pygmaea;Callithrix pygmaea;Cebuella pygmaea pygmaea;Jacchus pygmaeus",NA,NA,NA,NA,NA,"Cebuella","Cebidae","Primates","Mammalia","Chordata","Metazoa",NA,3.48046875,3403440000,NA,35755,NA,"2023-11-02","Scaffold",2683481473,35755,NA,44,22,2,"insdc_open",NA,"toga1/2","Pygmy marmoset,Pygmy marmoset;pygmy marmoset","species","Cebuella pygmaea",1e-4,NA,NA,NA,NA,TRUE,TRUE,TRUE,5,5,5,0,0,TRUE,26,"Both",1,5,2,"Primates",TRUE
"Leontopithecus chrysomelas","Leontopithecus chrysomelas",NA,NA,"I","ENDANGERED",1,"M","Mammalia","Fibro",NA,"X","X",NA,"X",NA,"Tissue",NA,"Leontopithecus_chrysomelas","57374","Leontopithecus rosalia chrysomelas;Midas chrysomelas",NA,NA,NA,NA,NA,"Leontopithecus","Cebidae","Primates","Mammalia","Chordata","Metazoa",NA,3.455078125,3378990000,NA,30751,NA,"2023-11-02","Scaffold",2728986101,30751,NA,44,22,2,"insdc_open",NA,"toga2","Golden-headed lion tamarin,golden-headed lion tamarin","species","Leontopithecus chrysomelas",1e-4,NA,NA,NA,NA,FALSE,TRUE,TRUE,1,1,1,0,0,TRUE,26,"Both",1,1,1,"Primates",FALSE
"Callimico goeldii","Callimico goeldii",NA,NA,"I","VULNERABLE",2,"M/F","Mammalia","Fibro","X","X","X","X","X",NA,"Tissue (ear)",NA,"Callimico_goeldii","9495","Midas goeldii;Callimico snethlageri;Callithrix goeldii",NA,NA,NA,NA,NA,"Callimico","Cebidae","Primates","Mammalia","Chordata","Metazoa",NA,3.455078125,3378990000,NA,25257,NA,"2023-11-02","Scaffold",2684989308,25261,NA,44,22,2,"insdc_open",NA,"toga2","Goeldi's monke,Goeldi's marmoset","species","Callimico goeldii",1e-4,NA,NA,NA,NA,FALSE,TRUE,TRUE,2,2,2,0,0,TRUE,26,"Both",1,2,2,"Primates",FALSE
"Saguinus midas","Saguinus midas",NA,NA,"II","LEAST CONCERN",2,"F/F","Mammalia","Fibro",NA,"X",NA,NA,NA,NA,"Skin",NA,"Saguinus_midas","30586","Simia midas;Cebus tamarin;Leontocebus midas egens;Leontopithecus midas;Midas rufimanus;Simia lacepedii",NA,NA,NA,NA,NA,"Saguinus","Cebidae","Primates","Mammalia","Chordata","Metazoa",NA,3.455078125,3378990000,NA,10987047,NA,"2022-01-19","Chromosome",2968536278,143273090,NA,44,22,2,"insdc_open",NA,"toga2","Red-handed tamarin,Midas tamarin","species","Saguinus midas",1e-4,NA,NA,NA,NA,FALSE,TRUE,TRUE,2,2,2,0,0,TRUE,26,"Both",1,2,2,"Primates",FALSE
"Varecia variegata","Varecia variegata",NA,NA,NA,"CRITICALLY ENDANGERED",2,"F/M","Mammalia","Fibro",NA,"x",NA,NA,NA,NA,"Skin",NA,"Varecia_variegata","9455","Lemur macaco variegatus;Lemur variegatus",NA,NA,NA,NA,NA,"Varecia","Lemuridae","Primates","Mammalia","Chordata","Metazoa",NA,3.265625,3193170000,NA,40155,NA,"2023-02-10","Chromosome",2424021081,128811464,NA,46,23,2,"insdc_open",NA,"toga2","Black-and-white Ruffed Lemur,ruffed lemur","species","Varecia variegata",1e-4,NA,NA,NA,NA,FALSE,TRUE,TRUE,3,1,1,0,0,TRUE,26,"Both",1,1,1,"Primates",FALSE
"Cercopithecus nictitans martini","Cercopithecus nictitans","martini",NA,"II","ENDANGERED",1,"F","Mammalia","Fibro",NA,NA,NA,NA,NA,NA,"skin/ear/traquea",NA,"Cercopithecus_nictitans","36228","Simia nictitans",NA,NA,NA,NA,NA,"Cercopithecus","Cercopithecidae","Primates","Mammalia","Chordata","Metazoa",NA,4.3984375,4303200000,NA,31127,NA,"2023-11-02","Scaffold",2725310592,31132,NA,66,33,2,"insdc_open",NA,"toga1/2","Martin's putty-nosed guenon,White-nosed Guenon;white-nosed guenon","species","Cercopithecus nictitans",1e-4,NA,NA,NA,NA,FALSE,TRUE,TRUE,1,1,1,0,0,TRUE,26,"Both",1,1,1,"Primates",FALSE
"Macaca sylvanus","Macaca sylvanus",NA,NA,"I","ENDANGERED",2,"M/F","Mammalia","Fibro",NA,"x","x","X","X",NA,"Tissue",NA,"Macaca_sylvanus","9546","Simia sylvanus;Inuus ecaudatus;Pithecus pygmaeus;Simia inuus;Simia pithecus",NA,NA,NA,NA,NA,"Macaca","Cercopithecidae","Primates","Mammalia","Chordata","Metazoa",NA,3.5,3423000000,NA,162126771,21276,"2024-09-18","Complete Genome",2946827162,162126771,NA,42,21,2,"insdc_open",NA,"toga2","Barbary macaque,Barbary ape","genus","Macaca fascicularis",6.193845,"9541","OK",6.193845,6.19384,FALSE,TRUE,TRUE,2,2,2,0,0,TRUE,26,"Both",1,2,2,"Primates",FALSE
"Hylobates lar","Hylobates lar",NA,NA,"I","ENDANGERED",2,"M/M","Mammalia","Fibro",NA,"X",NA,"X",NA,NA,"Tissue",NA,"Hylobates_lar","9580","Homo lar",NA,NA,NA,NA,NA,"Hylobates","Hylobatidae","Primates","Mammalia","Chordata","Metazoa",NA,3.0859375,3017130000,NA,17385161,NA,"2022-01-19","Chromosome",2851401333,131825309,NA,44,22,2,"insdc_open",NA,"toga2","White-handed Gibbon,White-handed gibbon","genus","Hylobates pileatus",4.059,"9589","OK",4.059,0,FALSE,TRUE,TRUE,2,1,1,0,0,TRUE,26,"Both",1,1,1,"Primates",FALSE
"Nanger dama mhorr","Nanger dama","mhorr","Antilopinae","I","CRITICALLY ENDANGERED",20,"F/F/F/F/F/F/F/F/M/M/U/F/F/U/F/F","Mammalia","Fibro","X","X","X","X","X",NA,"blood/placenta/ombelical cord","Nanger Dama","Nanger_dama","67940","Gazella dama;Antilope dama",NA,NA,NA,NA,NA,"Nanger","Bovidae","Artiodactyla","Mammalia","Chordata","Metazoa",NA,3.48046875,3403440000,NA,37125998,NA,"2021-11-18","Scaffold",2695171530,37125998,NA,37,15,2,"insdc_open",NA,"toga1/2","Dama Gazelle,Dama gazelle","species","Nanger dama",1e-4,NA,NA,NA,NA,FALSE,TRUE,TRUE,21,10,10,0,0,TRUE,34,"Both",1,10,2,"Artiodactyla",TRUE
"Aepyceros melampus","Aepyceros melampus",NA,"Aepycerotinae","-","LEAST CONCERN",8,"U/M/M/F/M/F/F","Mammalia","Fibro","X","X","X","X","X",NA,"Tissue (ear)",NA,"Aepyceros_melampus","9897","Antilope melampus",NA,NA,NA,NA,NA,"Aepyceros","Bovidae","Artiodactyla","Mammalia","Chordata","Metazoa",NA,4.69140625,4586820000,NA,82459,NA,"2019-06-24","Scaffold",2631303056,344542,72.2,60,30,2,"insdc_open",NA,"not_in_toga","Impala,Impala;impala","species","Aepyceros melampus",1e-4,NA,NA,NA,NA,TRUE,TRUE,TRUE,8,6,6,0,0,TRUE,34,"Both",1,6,2,"Artiodactyla",TRUE
"Hexaprotodon liberiensis","Hexaprotodon liberiensis",NA,NA,"II","ENDANGERED",1,"F","Mammalia","Fibro","X","X","X","X","X",NA,"Tissue (skin)","Choeropsis liberiensis","Hexaprotodon_liberiensis","56798","Choeropsis liberiensis;Hippopotamus liberiensis",NA,NA,NA,NA,NA,"Hexaprotodon","Hippopotamidae","Artiodactyla","Mammalia","Chordata","Metazoa",NA,3.189453125,3041580000,NA,20244513,NA,"2022-04-22","Chromosome",2374626208,142594368,NA,36,18,2,"insdc_open",NA,"toga2","Pygmi Hippopotamus,pygmy hippopotamus","species","Hexaprotodon liberiensis",1e-4,NA,NA,NA,NA,FALSE,TRUE,TRUE,1,1,1,0,0,TRUE,34,"Both",1,1,1,"Artiodactyla",FALSE
"Ammotragus lervia fassini","Ammotragus lervia","fassini","Caprinae","II","VULNERABLE",7,"M/U/M/U/?/F/M","Mammalia","Fibro","X","X","X","X","X",NA,"Tissue",NA,"Ammotragus_lervia","9899","Antilope lervia",NA,NA,NA,NA,NA,"Ammotragus","Bovidae","Artiodactyla","Mammalia","Chordata","Metazoa",NA,3.267578125,3195615000,NA,52017,NA,"2023-04-03","Scaffold",2650836958,1301762,94.3,58,29,2,"insdc_open",NA,"not_in_toga","Barbary Sheep,aoudad","species","Ammotragus lervia",1e-4,NA,NA,NA,NA,TRUE,TRUE,TRUE,7,5,5,0,0,TRUE,34,"Both",1,5,2,"Artiodactyla",TRUE
"Oryx gazella","Oryx gazella",NA,"Antilopinae","-","LEAST CONCERN",1,"U","Mammalia","Fibro","X","X",NA,NA,"X",NA,"Tissue",NA,"Oryx_gazella","9958","Capra gazella",NA,NA,NA,NA,NA,"Oryx","Bovidae","Artiodactyla","Mammalia","Chordata","Metazoa",NA,3.98046875,3892440000,NA,19498,NA,"2018-12-14","Scaffold",2762920344,1579191,NA,56,28,2,"insdc_open",NA,"not_in_toga","Gemsbok,gemsbok","species","Oryx gazella",1e-4,NA,NA,NA,NA,TRUE,TRUE,TRUE,1,1,1,0,0,TRUE,34,"Both",1,1,1,"Artiodactyla",FALSE
"Giraffa camelopardalis","Giraffa camelopardalis",NA,NA,"II","VULNERABLE",2,"F/F","Mammalia","Fibro","X","X","X","X","X",NA,NA,NA,"Giraffa_camelopardalis","9894","Cervus camelopardalis",NA,NA,NA,NA,NA,"Giraffa","Giraffidae","Artiodactyla","Mammalia","Chordata","Metazoa",NA,2.76953125,2709060000,NA,25056,NA,"2023-04-03","Scaffold",2473180627,3153258,NA,30,15,2,"insdc_open",NA,"not_in_toga","Cameleopardis giraffe,Giraffe;Reticulated giraffe;giraffe","species","Giraffa camelopardalis",1e-4,NA,NA,NA,NA,TRUE,TRUE,TRUE,2,2,2,0,0,TRUE,34,"Both",1,2,2,"Artiodactyla",FALSE
"Lama guanicoe","Lama guanicoe",NA,NA,"II","LEAST CONCERN",4,"F/F/-/M","Mammalia","Fibro",NA,"X",NA,"X",NA,NA,NA,NA,"Lama_guanicoe","9840","Lama guanicoe guanaco",NA,NA,NA,NA,NA,"Lama","Camelidae","Artiodactyla","Mammalia","Chordata","Metazoa",NA,3.2109375,3139380000,NA,343812,NA,"2023-04-03","Scaffold",2050533365,14786206,NA,74,37,2,"insdc_open",NA,"toga1/2","Guanaco","species","Lama guanicoe",1e-4,NA,NA,NA,NA,TRUE,TRUE,TRUE,4,3,3,0,0,TRUE,34,"Both",1,3,2,"Artiodactyla",TRUE
"Connochaetes taurinus","Connochaetes taurinus",NA,"Alcelaphinae","-","LEAST CONCERN",1,"M","Mammalia","Fibro/PBMc","X","X",NA,"X","X",NA,NA,NA,"Connochaetes_taurinus","9927","Antilope taurina;Gorgon taurinus",NA,NA,NA,NA,NA,"Connochaetes","Bovidae","Artiodactyla","Mammalia","Chordata","Metazoa",NA,3.98046875,3853320000,NA,70608,NA,"2019-06-24","Scaffold",2644042816,366224,NA,58,29,2,"insdc_open",NA,"not_in_toga","Ble Wildebeest,brindled gnu","species","Connochaetes taurinus",1e-4,NA,NA,NA,NA,TRUE,TRUE,TRUE,1,1,1,0,0,TRUE,34,"Both",1,1,1,"Artiodactyla",FALSE
"Tragelaphus spekii","Tragelaphus spekii",NA,"Bovinae","III?","LEAST CONCERN",2,"-/-","Mammalia","Fibro",NA,NA,NA,NA,NA,NA,"Tissue (placenta/ombelical cordon)",NA,"Tragelaphus_spekii","69298",NA,NA,NA,NA,NA,NA,"Tragelaphus","Bovidae","Artiodactyla","Mammalia","Chordata","Metazoa",NA,3.939453125,3853320000,NA,9477,NA,"2023-04-03","Scaffold",3725951127,46427,NA,30,15,2,"insdc_open",NA,"toga1/2","Sitatunga","species","Tragelaphus spekii",1e-4,NA,NA,NA,NA,FALSE,TRUE,TRUE,2,1,1,0,0,TRUE,34,"Both",1,1,1,"Artiodactyla",FALSE
"Bison bonasus","Bison bonasus",NA,"Bovinae","-","NEAR THREATENED",3,"F/F/-","Mammalia","Fibro/PBMc","x","x","x","x","x",NA,"Blood/Tissue",NA,"Bison_bonasus","9902","Bison bison bonasus;Bos bonasus;Bison europaeus",NA,NA,NA,NA,NA,"Bison","Bovidae","Artiodactyla","Mammalia","Chordata","Metazoa",NA,4.8984375,4792200000,NA,91242619,NA,"2023-12-17","Scaffold",3071717034,104743180,NA,60,30,2,"insdc_open",NA,"toga1/2","Bison,European bison","species","Bison bonasus",1e-4,NA,NA,NA,NA,FALSE,TRUE,TRUE,3,3,2,1,0,TRUE,34,"Both",1,2,2,"Artiodactyla",FALSE
"Camelus bactrianus","Camelus bactrianus",NA,NA,"I","CRITICALLY ENDANGERED",2,"M/F","Mammalia","Fibro",NA,"X","X","X","X",NA,"Tissue",NA,"Camelus_bactrianus","9837",NA,NA,NA,NA,NA,NA,"Camelus","Camelidae","Artiodactyla","Mammalia","Chordata","Metazoa",NA,2.634765625,2577030000,NA,54723239,NA,"2025-03-21","Chromosome",2233274087,79915242,92.3,74,35,2,"insdc_open",NA,"toga1","Bactrian Camel,Bactrian camel;Two-humped camel","species","Camelus bactrianus",1e-4,NA,NA,NA,NA,TRUE,TRUE,TRUE,2,2,2,0,0,TRUE,34,"Both",1,2,2,"Artiodactyla",FALSE
"Tragelaphus eurycerus","Tragelaphus eurycerus",NA,NA,"III","NEAR THREATENED",2,"F/M","Mammalia","Fibro",NA,"X",NA,"X",NA,NA,"Tissue",NA,"Tragelaphus_eurycerus","69297","Tragelaphus euryceros;Antilope eurycerus",NA,NA,NA,NA,NA,"Tragelaphus","Bovidae","Artiodactyla","Mammalia","Chordata","Metazoa",NA,3.939453125,3853320000,NA,21206903,NA,"2022-03-28","Contig",2845610798,21206903,NA,30,15,2,"insdc_open",NA,"toga1/2","Bongo,bongo","species","Tragelaphus eurycerus",1e-4,NA,NA,NA,NA,FALSE,TRUE,TRUE,2,1,1,0,0,TRUE,34,"Both",1,1,1,"Artiodactyla",FALSE
"Sus scrofa","Sus scrofa",NA,"Suinae","I/II","LEAST CONCERN",2,"F/F","Mammalia","Fibro",NA,"x","x","x","x",NA,"Tissue",NA,"Sus_scrofa","9823","Sus attila;Sus baeticus;Sus castilianus;Sus celtica;Sus continentalis;Sus domesticus;Sus europaeus;Sus sardous;Sus setosus",NA,NA,NA,NA,NA,"Sus","Suidae","Artiodactyla","Mammalia","Chordata","Metazoa",NA,2.94921875,2885100000,NA,48231277,NA,"2017-02-07","Chromosome",2501895775,88231837,NA,36,18,2,"insdc_open",NA,"toga2","Wild boar,pig","species","Sus scrofa",1e-4,NA,NA,NA,NA,TRUE,TRUE,TRUE,2,2,2,0,0,TRUE,34,"Both",1,2,2,"Artiodactyla",FALSE
"Oryx dammah","Oryx dammah",NA,"Antilopinae","I","EXTINCT IN THE WILD",3,"F/F/M","Mammalia","Fibro","X","X","X","x","X","X","Tissue",NA,"Oryx_dammah","59534","Antilope dammah",NA,NA,NA,NA,NA,"Oryx","Bovidae","Artiodactyla","Mammalia","Chordata","Metazoa",NA,3.98046875,3892440000,NA,374342,NA,"2020-09-25","Scaffold",2707165964,100398400,NA,57,28,2,"insdc_open",NA,"not_in_toga","Scimitar-horned Oryx,scimitar-horned oryx","species","Oryx dammah",1e-4,NA,NA,NA,NA,TRUE,TRUE,TRUE,3,2,2,0,1,TRUE,34,"Both",1,2,2,"Artiodactyla",FALSE
"Rangifer tarandus","Rangifer tarandus",NA,NA,"-","VULNERABLE",4,"F/M/F/F","Mammalia","Fibro",NA,"X","X","X","X",NA,"Tissue/ovaries",NA,"Rangifer_tarandus","9870","Cervus tarandus;Cervus tarandus arctica;Rangifer arcticus;Rangifer muscatinensis;Rangifer spitzbergensis;Rangifer tarandus platyrhynchos",NA,NA,NA,NA,NA,"Rangifer","Cervidae","Artiodactyla","Mammalia","Chordata","Metazoa",NA,3.41015625,3334980000,NA,146778,NA,"2023-09-04","Scaffold",2832403223,69738971,NA,70,35,2,"published","ZOONOMIA","toga1","Reindeer,Reindeer, caribou;reindeer","species","Rangifer tarandus",1e-4,NA,NA,NA,NA,TRUE,TRUE,TRUE,4,4,4,0,0,TRUE,34,"Both",1,4,2,"Artiodactyla",TRUE
"Capra hircus","Capra hircus",NA,NA,"-","NA",4,"F/M/F/F","Mammalia","Fibro",NA,"X","X","X","X",NA,"Tissue",NA,"Capra_hircus","9925","Capra aegagrus hircus",NA,NA,NA,NA,NA,"Capra","Bovidae","Artiodactyla","Mammalia","Chordata","Metazoa",NA,3.240234375,3168720000,NA,26244591,20740,"2016-08-24","Chromosome",2922600443,87277232,NA,60,30,2,"insdc_open",NA,"toga2","Domestic goat,Domestic goat;goat","species","Capra hircus",1e-4,NA,NA,NA,NA,TRUE,TRUE,TRUE,4,2,2,0,0,TRUE,34,"Both",1,2,2,"Artiodactyla",TRUE
"Elaphurus davidianus","Elaphurus davidianus",NA,NA,"-","EXTINCT IN THE WILD",5,"F/F/F/M/M","Mammalia","Fibro",NA,"X","X","X","X",NA,"Tissue (ear)",NA,"Elaphurus_davidianus","43332","Cervus davidianus",NA,NA,NA,NA,NA,"Elaphurus","Cervidae","Artiodactyla","Mammalia","Chordata","Metazoa",NA,3.193359375,3168720000,NA,32707,NA,"2021-12-01","Scaffold",2524808978,3039716,94,68,34,2,"insdc_open",NA,"toga1","Père David's deer,Pere David's deer","species","Elaphurus davidianus",1e-4,NA,NA,NA,NA,TRUE,TRUE,TRUE,5,5,5,0,0,TRUE,34,"Both",1,5,2,"Artiodactyla",TRUE
"Dama dama","Dama dama",NA,NA,"I","LEAST CONCERN",2,"F/F","Mammalia","Fibro",NA,"X",NA,NA,NA,NA,"Tissue",NA,"Dama_dama","30532","Cervus dama;Cervus albus;Cervus leucaethiops;Cervus maura;Cervus mauricus;Cervus niger;Cervus platyceros;Cervus plinii;Cervus varius",NA,NA,NA,NA,NA,"Dama","Cervidae","Artiodactyla","Mammalia","Chordata","Metazoa",NA,3.193359375,3168720000,NA,68791581,NA,"2024-10-18","Chromosome",3104280228,77069784,NA,68,34,2,"insdc_open",NA,"toga2","Fallow deer,Fallow deer;fallow deer","species","Dama dama",1e-4,NA,NA,NA,NA,FALSE,TRUE,TRUE,2,2,2,0,0,TRUE,34,"Both",1,2,2,"Artiodactyla",FALSE
"Beatragus hunteri","Beatragus hunteri",NA,NA,NA,"CRITICALLY ENDANGERED",1,NA,"Mammalia","Fibro",NA,"X","X","X","X",NA,"Tissue",NA,"Beatragus_hunteri","59527","Cobus hunteri;? hunteri;Damaliscus hunteri",NA,NA,NA,NA,NA,"Beatragus","Bovidae","Artiodactyla","Mammalia","Chordata","Metazoa",NA,3.98046875,3853320000,NA,57444,NA,"2019-01-16","Scaffold",2697255800,69303,NA,58,19,2,"published","ZOONOMIA","toga1",NA,"species","Beatragus hunteri",1e-4,NA,NA,NA,NA,TRUE,TRUE,TRUE,1,1,1,0,0,TRUE,34,"Both",1,1,1,"Artiodactyla",FALSE
"Bos grunniens","Bos grunniens",NA,NA,NA,"VULNERABLE",2,"F/F","Mammalia","Fibro",NA,"X","X","X","X",NA,"Tissue",NA,"Bos_grunniens","30521","Bos mutus grunniens;Peophagus grunniens;Bos bunnelli",NA,NA,NA,NA,NA,"Bos","Bovidae","Artiodactyla","Mammalia","Chordata","Metazoa",NA,3.650390625,3569700000,NA,44716738,NA,"2019-06-10","Chromosome",2831460571,114386978,NA,60,30,2,"insdc_open",NA,"not_in_toga","Domestic yak,domestic yak","species","Bos grunniens",1e-4,NA,NA,NA,NA,TRUE,TRUE,TRUE,2,2,2,0,0,TRUE,34,"Both",1,2,2,"Artiodactyla",FALSE
"Ovis aries musimon","Ovis aries","musimon",NA,NA,"NA",3,"F/F/F","Mammalia","Fibro",NA,"X","X","X","X",NA,"Tissue",NA,"Ovis_aries","9940","Ovis ammon aries;Ovis orientalis aries;Ovis ovis;Ovis guineensis;Ovis laristanica;Ovis musimon;Ovis ophion;Ovis orientalis;Ovis strepsiceros",NA,NA,NA,NA,NA,"Ovis","Bovidae","Artiodactyla","Mammalia","Chordata","Metazoa",NA,3.30078125,3227400000,NA,43178051,20643,"2023-07-20","Chromosome",2654047367,107697089,NA,54,27,2,"insdc_open",NA,"toga1","Mouflon,Sheep;sheep","species","Ovis aries",1e-4,NA,NA,NA,NA,TRUE,TRUE,TRUE,3,3,3,0,0,TRUE,34,"Both",1,3,2,"Artiodactyla",FALSE
"Bison bison","Bison bison",NA,NA,NA,"NEAR THREATENED",3,"F/M/M","Mammalia","Fibro",NA,"X","X",NA,NA,NA,"Tissue",NA,"Bison_bison","9901","Bos (Bison) bison;Bos bison;Bison americanus;Bison americanus pennsylvanicus;Bison bison athabasacae;Bison bison athabascae;Bison bison bison;Bison bison septemtrionalis;Bison sylvestris",NA,NA,NA,NA,NA,"Bison","Bovidae","Artiodactyla","Mammalia","Chordata","Metazoa",NA,4.8984375,4792200000,NA,18844,NA,"2023-04-03","Scaffold",2953606000,6873254,NA,60,30,2,"insdc_open",NA,"toga1/2","American bison,Buffalo","species","Bison bison",1e-4,NA,NA,NA,NA,TRUE,TRUE,TRUE,3,1,1,0,0,TRUE,34,"Both",1,1,1,"Artiodactyla",FALSE
"Hippopotamus amphibius","Hippopotamus amphibius",NA,NA,"II","VULNERABLE",2,"M/F","Mammalia","Fibro",NA,"X","X","X","X",NA,"Tissue",NA,"Hippopotamus_amphibius","9833","Hippopotamus amphibious;Hippopotamus incognitus",NA,NA,NA,NA,NA,"Hippopotamus","Hippopotamidae","Artiodactyla","Mammalia","Chordata","Metazoa",NA,3.189453125,3041580000,NA,49478000,NA,"2023-04-03","Chromosome",2425746322,141669128,95.2,36,18,2,"published","ZOONOMIA","toga1","Hippopotamus,hippopotamus","species","Hippopotamus amphibius",1e-4,NA,NA,NA,NA,TRUE,TRUE,TRUE,2,2,2,0,0,TRUE,34,"Both",1,2,2,"Artiodactyla",FALSE
"Muntiacus muntjak","Muntiacus muntjak",NA,NA,NA,"LEAST CONCERN",1,"M","Mammalia","Fibro",NA,"X","X",NA,NA,NA,"Tissue (skin)",NA,"Muntiacus_muntjak","9888","Muntiacus muntjac",NA,NA,NA,NA,NA,"Muntiacus","Cervidae","Artiodactyla","Mammalia","Chordata","Metazoa",NA,3.150390625,3080700000,NA,215534,25737,"2019-10-07","Chromosome",2573529099,682452208,NA,6,23,2,"insdc_open",NA,"not_in_toga","Southern Red Muntjac,Barking deer;muntjak","species","Muntiacus muntjak",1e-4,NA,NA,NA,NA,TRUE,TRUE,TRUE,1,1,1,0,0,TRUE,34,"Both",1,1,1,"Artiodactyla",FALSE
"Tursiops truncatus","Tursiops truncatus",NA,NA,"II","LEAST CONCERN",1,"F","Mammalia","Fibro","X","X",NA,"X",NA,NA,"Tissue",NA,"Tursiops_truncatus","9739","Delphinus cymodoce;Delphinus truncatus;Tursiops cymodoce;Delphinus compressicauda;Delphinus erebennus;Delphinus metis;Delphinus metis</i> [No.1];Delphinus nesarnack;Delphinus nesarnak;Delphinus parvimanus;Delphinus troncatus;Delphinus tursio;Delphinus tursio obtusus;Phocoena compressicauda;Tursio compressicauda;Tursio cymodice;Tursio metis;Tursio truncatus;Tursiops coerulescens;Tursiops communis;Tursiops compressicauda;Tursiops eurynome;Tursiops gephyreus;Tursiops gilli;Tursiops gillii;Tursiops maugeanus;Tursiops nuuanu;Tursiops parvimanus;Tursiops ponticus;Tursiops subridens;Tursiops truncantus;Tursiops truncatus gillii;Tursiops tursio;Tursiops tursio obtusus",NA,NA,NA,NA,NA,"Tursiops","Delphinidae","Artiodactyla","Mammalia","Chordata","Metazoa",NA,3.150390625,3080700000,NA,9729386,NA,"2024-12-12","Chromosome",2378505825,108430135,89,44,18,2,"published","CGP","not_in_toga","Bottlenose dolphin,Bottlenose dolphin;common bottlenose dolphin","species","Tursiops truncatus",1e-4,NA,NA,NA,NA,TRUE,TRUE,TRUE,1,1,1,0,0,TRUE,34,"Both",1,1,1,"Artiodactyla",FALSE
"Delphinapterus leucas","Delphinapterus leucas",NA,NA,"II","LEAST CONCERN",1,"M","Mammalia","Fibro",NA,"x",NA,"x",NA,NA,"Tissue",NA,"Delphinapterus_leucas","9749","Delphinus leucas;Balaena albicans;Beluga angustata;Beluga borealis;Beluga canadensis;Beluga catodon;Beluga concreta;Beluga declivis;Beluga glacialis;Beluga kingii;Beluga rhinodon;Beluga vermontana;Catodon albicans;Catodon canadensis;Catodon candicans;Catodon sibbaldi;Cephalorhynchus hectori albus;Delphinapterus beluga;Delphinapterus catodon;Delphinapterus concreta;Delphinapterus dorofeevi;Delphinapterus freimani;Delphinapterus kingi;Delphinapterus leucas marisalbi;Delphinapterus marisalbi;Delphinapterus vermontanus;Delphinus albians;Delphinus albicans;Delphinus canadensis;Delphinus kingii;Delphinus leucaster;Delphinus phocaena albus;Delphinus vermontana;Inia canadensis;Physeter macrocephalus albicans",NA,NA,NA,NA,NA,"Delphinapterus","Monodontidae","Artiodactyla","Mammalia","Chordata","Metazoa",NA,3.2890625,3217620000,NA,196689,NA,"2019-09-03","Scaffold",2362758273,31183418,90.7,44,18,2,"insdc_open",NA,"toga1","Beluga Whale,Beluga whale;Beluga;beluga whale","species","Delphinapterus leucas",1e-4,NA,NA,NA,NA,TRUE,TRUE,TRUE,1,1,1,0,0,TRUE,34,"Both",1,1,1,"Artiodactyla",FALSE
"Megaptera novaeangliae","Megaptera novaeangliae",NA,NA,NA,"LEAST CONCERN",1,"U","Mammalia","Fibro",NA,"X",NA,"X",NA,NA,"Tissue",NA,"Megaptera_novaeangliae","9773","Balaena novaeangliae;Balaena allamack;Balaena atlanticus;Balaena boops;Balaena gibbosa;Balaena lalandii;Balaena longimana;Balaena longipinna;Balaena nodosa;Balaena sulcata antarctica;Balaenoptera antarctica;Balaenoptera astrolabae;Balaenoptera astrolabe;Balaenoptera australis;Balaenoptera capensis;Balaenoptera gibbosa;Balaenoptera leucopteron;Balaenoptera syncondylus;Kyphobalaena keporkak;Megaptera americana;Megaptera antarctica;Megaptera australis;Megaptera bellicosa;Megaptera boops;Megaptera brasiliensis;Megaptera braziliensis;Megaptera burmeisteri;Megaptera gigas;Megaptera indica;Megaptera kusira;Megaptera kuzira;Megaptera lalandii;Megaptera longimana;Megaptera longimana morei;Megaptera longipinna;Megaptera nodosa;Megaptera nodosa bellicosa;Megaptera nodosa lalandii;Megaptera nodosa nodosa;Megaptera nodosa novaezealandiae;Megaptera nodosa novaezelandiae;Megaptera nodosa osphyia;Megaptera novaeangliae australis;Megaptera novaezealandiae;Megaptera novaezelandiae;Megaptera osphya;Megaptera osphyia;Megaptera poescop;Megaptera poeskop;Megaptera versabilis;Poescopia lalandii;Rorqualus antarcticus;Rorqualus australis",NA,NA,NA,NA,NA,"Megaptera","Balaenopteridae","Artiodactyla","Mammalia","Chordata","Metazoa",NA,2.9296875,2865540000,NA,36344089,NA,"2024-09-09","Chromosome",3146604256,107416641,NA,44,18,2,"published","CGP","toga2","Humpback Whale,Humpback whale;humpback whale","species","Megaptera novaeangliae",1e-4,NA,NA,NA,NA,TRUE,TRUE,TRUE,1,1,1,0,0,TRUE,34,"Both",1,1,1,"Artiodactyla",FALSE
"Delphinus delphis","Delphinus delphis",NA,NA,NA,"LEAST CONCERN",1,"M","Mammalia","Fibro",NA,NA,NA,NA,NA,NA,"Tissue",NA,"Delphinus_delphis","9728","Delphinus albimanus;Delphinus algeriensis;Delphinus bairdi;Delphinus capensis;Delphinus delphus;Delphinus fluvofasciatus;Delphinus forsteri;Delphinus frithii;Delphinus fulvifasciatus;Delphinus fulvofasciatus;Delphinus janira;Delphinus loriger;Delphinus marginatus;Delphinus microps;Delphinus moorei;Delphinus novaezealandiae;Delphinus novaezeelandiae;Delphinus novaezelandiae;Delphinus pliocaenicus;Delphinus pliocaenus;Delphinus ponticus;Delphinus sao;Delphinus sowerbianus;Delphinus vulgaris;Delphinus zelandae;Eudelphinus delphis;Eudelphinus pliocaenus;Grampus sowerbianus",NA,NA,NA,NA,NA,"Delphinus","Delphinidae","Artiodactyla","Mammalia","Chordata","Metazoa",NA,3.150390625,3080700000,NA,3627551,NA,"2024-09-07","Chromosome",2663516986,107080983,95.4,44,18,2,"published","CGP","toga2","Common Dolphin,Common dolphin;saddleback dolphin","species","Delphinus delphis",1e-4,NA,NA,NA,NA,FALSE,TRUE,TRUE,1,0,1,0,0,TRUE,34,"Both",1,1,1,"Artiodactyla",FALSE
"Muntiacus reevesi","Muntiacus reevesi",NA,NA,"-","LEAST CONCERN",2,"F/M","Mammalia","Fibro",NA,"X","X","X","X",NA,NA,NA,"Muntiacus_reevesi","9886","Cervus reevesi",NA,NA,NA,NA,NA,"Muntiacus","Cervidae","Artiodactyla","Mammalia","Chordata","Metazoa",NA,2.990234375,2924220000,NA,5780196,26044,"2024-01-31","Chromosome",2656168540,114544513,96.2,46,23,2,"insdc_open",NA,"toga2","Muntiacus reevesi,Reeves's (Chinese) muntjac;Reeve's Muntjac;Reeves' muntjac","species","Muntiacus reevesi",1e-4,NA,NA,NA,NA,TRUE,TRUE,TRUE,2,2,2,0,0,TRUE,34,"Both",1,2,2,"Artiodactyla",FALSE
"Phacochoerus africanus","Phacochoerus africanus",NA,NA,"-","LEAST CONCERN",5,"M/F/F/M","Mammalia","Fibro","X","X","X","X","X",NA,"Tissue",NA,"Phacochoerus_africanus","41426","Sus africanus",NA,NA,NA,NA,NA,"Phacochoerus","Suidae","Artiodactyla","Mammalia","Chordata","Metazoa",NA,2.94921875,2885100000,NA,10602503,NA,"2021-02-19","Chromosome",2435083091,141887063,95.6,34,17,2,"insdc_open",NA,"toga2","Warthog,Common warthog","species","Phacochoerus africanus",1e-4,NA,NA,NA,NA,FALSE,TRUE,TRUE,5,4,4,0,0,TRUE,34,"Both",1,4,2,"Artiodactyla",TRUE
"Connochaetes gnou","Connochaetes gnou",NA,NA,"-","LEAST CONCERN",1,"M","Mammalia","Fibro",NA,"X",NA,NA,NA,NA,"Tissue",NA,"Connochaetes_gnou","59528","Antilope gnou",NA,NA,NA,NA,NA,"Connochaetes","Bovidae","Artiodactyla","Mammalia","Chordata","Metazoa",NA,3.98046875,3853320000,NA,70608,NA,"2019-06-24","Scaffold",2644042816,366224,NA,58,29,2,"insdc_open",NA,"not_in_toga",NA,"genus","Connochaetes taurinus",1.32,"9927","OK",1.32,0,FALSE,TRUE,FALSE,2,2,1,1,0,TRUE,34,"Both",1,1,1,"Artiodactyla",FALSE
"Axis axis","Axis axis",NA,NA,"-","LEAST CONCERN",1,"F","Mammalia","Fibro",NA,"X","X","X","X",NA,"Tissue",NA,"Axis_axis","30531","Cervus axis",NA,NA,NA,NA,NA,"Axis","Cervidae","Artiodactyla","Mammalia","Chordata","Metazoa",NA,3.193359375,3168720000,NA,172761,NA,"2018-11-20","Scaffold",2676163295,20764858,NA,66,33,2,"insdc_open",NA,"not_in_toga",NA,"genus","Axis porcinus",3.1893,"57737","OK",3.1893,3.47087,FALSE,TRUE,FALSE,2,2,2,0,0,TRUE,34,"Both",1,2,2,"Artiodactyla",FALSE
"Potamochoerus porcus","Potamochoerus porcus",NA,NA,"-","LEAST CONCERN",2,"M/M","Mammalia","Fibro",NA,NA,NA,NA,NA,NA,"Tissue",NA,"Potamochoerus_porcus","273791","Sus porcus",NA,NA,NA,NA,NA,"Potamochoerus","Suidae","Artiodactyla","Mammalia","Chordata","Metazoa",NA,2.94921875,2885100000,NA,10602503,NA,"2021-02-19","Chromosome",2435083091,141887063,95.6,34,17,2,"insdc_open",NA,"toga2",NA,"family","Phacochoerus africanus",8.0976,"41426","OK",8.0976,0,FALSE,TRUE,TRUE,2,2,2,0,0,TRUE,34,"Both",1,2,2,"Artiodactyla",FALSE
"Capra pyrenaica hispanica","Capra pyrenaica","hispanica",NA,NA,"LEAST CONCERN",1,"M","Mammalia","Fibro",NA,"X","X","X","X",NA,"Tissue",NA,"Capra_pyrenaica","80419","Capra pyrenaica cabrerae;Capra pyrenaica hispanica;Capra pyrenaica lusitanica;Capra pyrenaica nowaki;Capra pyrenaica pyrenaica;Capra pyrenaica victoriae",NA,NA,NA,NA,NA,"Capra","Bovidae","Artiodactyla","Mammalia","Chordata","Metazoa",NA,3.234375,3163830000,NA,19347,NA,"2015-04-24","Chromosome",2828873048,91317560,88.2,60,30,2,"insdc_open",NA,"not_in_toga",NA,"genus","Capra aegagrus",1.76776,"9923","OK",1.76776,0,FALSE,TRUE,FALSE,1,1,1,0,0,TRUE,34,"Both",1,1,1,"Artiodactyla",FALSE
