"","scientific_name","species","subspecies","subfamily","cites_annex","iucn_category","individuals","sex","cell_line","karyotype","dna","rna","sequencing","i_psc","tissue_of_origin","alternative_name","species_","taxon_id","synonym","tol_id","genus","phylum","kingdom","superkingdom","assembly_level","biosample","scaffold_n50","assembly_type","contig_n50","gene_count","assembly_date","busco_completeness","gc_percent","mitochondrion_assembly_span","c_value","genome_size","genome_size_kmer","genome_size_draft","chromosome_number","haploid_number","ploidy","insdc_open","published","sequencing_status","Name","Annotation.Release","Freeze.Date","Release.Date","Common.name","Taxon.ID","Ensembl.Assembly","Accession","Genebuild.Method","Variation.database","Regulation.database","common_name","family","class","order","genome_match","species_genome","divergence_mya_adj","taxon_rank","zoonomia","genome","annotation","individuals_cl","cell_lines","fibro","pbmc","ipsc","fibro_l","nspecies","cat","cat_num","orders_num","alternative_name_","selected","top20"
"1","Procavia capensis","Procavia capensis",NA,NA,NA,"LEAST CONCERN",1,"F","Fibro",NA,NA,NA,NA,NA,"Tissue",NA,"Procavia_capensis","9813","Hyrax capensis","mProCap","Procavia","Chordata","Metazoa","Eukaryota","Scaffold","SAMN02894304",905827,NA,35792,NA,2014-12-16,93.1,NA,16743,4.05859375,3970679999,NA,NA,54,27,2,"PRJNA13972;PRJNA167910;ZOONOMIA",NA,"published",NA,NA,NA,NA,"Hyrax",9813,"proCap1","-","Projection build","-","-","Rock hyrax","Procaviidae","Mammalia","Hyracoidea","species","Procavia capensis",0,NA,TRUE,TRUE,TRUE,2,2,2,0,0,TRUE,1,"Both",1,1,NA,"selected","selected"
"2","Equus quagga","Equus quagga",NA,NA,"II?","NEAR THREATENED",2,"tigris","Fibro","X","X","X","X",NA,NA,"Equus quagga chapmani","Equus_quagga","89248","Equus burchellii quagga",NA,"Equus","Chordata","Metazoa","Eukaryota","Chromosome","SAMN06718192;SAMN16526506",122556673,NA,427941,27599,2022-01-31,NA,NA,16506,3.560546875,3481680000,NA,NA,44,22,2,"PRJNA382745;PRJNA785630",NA,"insdc_open","plains zebra","GCF_021613505.1-RS_2023_03",2023-03-03,2023-03-05,NA,NA,NA,NA,NA,NA,NA,NA,"Equidae","Mammalia","Perissodactyla","species","Equus quagga",0,NA,TRUE,TRUE,TRUE,2,2,2,0,0,TRUE,4,"Both",1,1,"Equus_quagga chapmani","selected","selected"
"3","Dolichotis patagonum","Dolichotis patagonum",NA,"Dolichotinae","-","NEAR THREATENED",3,"F/M/-","Fibro","X","X",NA,NA,NA,"Tissue",NA,"Dolichotis_patagonum","29091","Dolichotis patagonum","mDolPat","Dolichotis","Chordata","Metazoa","Eukaryota","Scaffold","SAMN07678081",31026,NA,27983,NA,2019-01-16,72.6,NA,16741,3.69921875,3618600000,NA,NA,64,32,2,"EBP;PRJNA399391;ZOONOMIA",NA,"published",NA,NA,NA,NA,NA,NA,NA,NA,NA,NA,NA,"Patagonian mara,Patagonian cavy","Caviidae","Mammalia","Rodentia","species","Dolichotis patagonum",0,NA,TRUE,TRUE,TRUE,3,2,2,0,0,TRUE,6,"Both",1,1,NA,"selected","selected"
"4","Hystrix cristata","Hystrix cristata",NA,NA,"-","LEAST CONCERN",1,"F/M","Fibro",NA,"x",NA,NA,NA,"Tissue","Hystrix","Hystrix_cristata","10137","Hystrix cristata","mHysCri","Hystrix","Chordata","Metazoa","Eukaryota","Scaffold","SAMN07678090",64768,NA,57102,NA,2019-01-16,NA,NA,16822,3.689453125,3663832500,NA,NA,48,24,2,"EBP;PRJNA399401;ZOONOMIA",NA,"published",NA,NA,NA,NA,NA,NA,NA,NA,NA,NA,NA,"Short-tailed porcupine,crested porcupine","Hystricidae","Mammalia","Rodentia","species","Hystrix cristata",0,NA,TRUE,TRUE,TRUE,2,2,2,0,0,TRUE,6,"Both",1,1,"Hystrix","selected","selected"
"5","Panthera leo","Panthera leo",NA,"Pantherinae","II","VULNERABLE",9,"F/M/F/F/F/F/F","Fibro","X","X","X","X",NA,"blood",NA,"Panthera_leo","9689","Felis imperialis","mPanLeo","Panthera","Chordata","Metazoa","Eukaryota","Chromosome","SAMN12375718;SAMN14446495;SAMN17054329",147402474,NA,77781637,32109,2021-05-13,NA,NA,16620,2.94921875,2885100000,NA,NA,38,19,2,"PRJNA556895;PRJNA615082;PRJNA684340;PRJNA747255",NA,"insdc_open","lion","100.0",2021-08-06,2021-08-11,"Lion",9689,"PanLeo1.0","GCA_008795835.1","Full genebuild","-","-","Lion,African lion","Felidae","Mammalia","Carnivora","species","Panthera leo",0,NA,TRUE,TRUE,TRUE,8,8,8,0,0,TRUE,19,"Both",1,1,NA,"selected","selected"
"6","Canis lupus","Canis lupus",NA,NA,"II","LEAST CONCERN",4,"M/F/F/F","Fibro",NA,"X","X","X",NA,"Tissue/Blood",NA,"Canis_lupus","9612","Canis petrolei","mCanLup","Canis","Chordata","Metazoa","Eukaryota","Chromosome","SAMEA7532739;SAMN01737209;SAMN02953603;SAMN03004377;SAMN03366711;SAMN04851098;SAMN07678141;SAMN09397198;SAMN10180180;SAMN10180181;SAMN10749847;SAMN12574852;SAMN13230619;SAMN14279123;SAMN14380863;SAMN14395261;SAMN14478636",65778685,NA,34375412,NA,2023-04-03,95.5,NA,16729,2.810546875,2748180000,NA,NA,78,39,2,"DTOL;EBP;ERGA;PRJEB43199;PRJEB43200;PRJEB43409;PRJNA10628;PRJNA13179;PRJNA176193;PRJNA318403;PRJNA399441;PRJNA475652;PRJNA494426;PRJNA512874;PRJNA540662;PRJNA541172;PRJNA560310;PRJNA587469;PRJNA610230;PRJNA610232;PRJNA610592;PRJNA612738;PRJNA613141;PRJNA615959;VGP;ZOONOMIA",NA,"insdc_open",NA,NA,NA,NA,NA,NA,NA,NA,NA,NA,NA,"Iberian Wolf,Timber wolf","Canidae","Mammalia","Carnivora","species","Canis lupus",0,NA,TRUE,TRUE,TRUE,4,4,4,0,0,TRUE,19,"Both",1,1,NA,"selected","selected"
"7","Otaria byronia","Otaria byronia",NA,NA,"-","LEAST CONCERN",3,"F/F/F","Fibro","X","X",NA,NA,NA,"Tissue",NA,"Otaria_byronia","161932","Phoca flavescens","mOtaByr","Otaria","Chordata","Metazoa","Eukaryota","Scaffold","CNS0152185",144693000,NA,NA,NA,2023-04-03,NA,NA,16643,3.150390625,3080700000,NA,NA,36,18,2,NA,NA,"open",NA,NA,NA,NA,NA,NA,NA,NA,NA,NA,NA,"South American Sea Lion,South American sea lion","Otariidae","Mammalia","Carnivora","species","Otaria byronia",0,NA,FALSE,TRUE,FALSE,3,3,3,0,0,TRUE,19,"Both",1,1,NA,"selected","selected"
"8","Suricata suricatta","Suricata suricatta",NA,NA,"-","LEAST CONCERN",4,"F/F/M/-","Fibro","X","X",NA,NA,NA,"Tissue",NA,"Suricata_suricatta","37032","Viverra suricata","mSurSur","Suricata","Chordata","Metazoa","Eukaryota","Chromosome","SAMN07678040;SAMN11840572",141453419,NA,75409,35499,2019-07-03,NA,NA,16914,2.8046875,2738400000,NA,NA,36,18,2,"EBP;PRJNA399357;PRJNA540846;ZOONOMIA",NA,"published","meerkat","100.0",2019-07-11,2019-07-15,"Meerkat",37032,"meerkat_22Aug2017_6uvM2_HiC","GCA_006229205.1","Full genebuild","-","-","Meerkat,meerkat","Herpestidae","Mammalia","Carnivora","species","Suricata suricatta",0,NA,TRUE,TRUE,TRUE,4,2,2,0,0,TRUE,19,"Both",1,1,NA,"selected","selected"
"9","Ateles hybridus","Ateles hybridus",NA,"Atelinae","II","CRITICALLY ENDANGERED",8,"F/F/F/M/F/U/M/U","Fibro","X","X",NA,"X","X","Tissue/placenta",NA,"Ateles_hybridus","129801","Ateles hybridus brunneus","mAteHyb","Ateles","Chordata","Metazoa","Eukaryota","Scaffold","SAMEA8994840",50515269,NA,50515269,NA,2021-09-22,NA,NA,16560,3.23828125,3166275000,NA,NA,34,17,2,"PRJEB46485",NA,"insdc_open",NA,NA,NA,NA,NA,NA,NA,NA,NA,NA,NA,"Brown Spider Monkey,brown spider monkey","Atelidae","Mammalia","Primates","species","Ateles hybridus",0,NA,FALSE,TRUE,FALSE,8,7,6,0,1,TRUE,23,"Both",1,1,NA,"selected","selected"
"10","Saguinus imperator subgrisescens","Saguinus imperator","subgrisescens","Callitrichinae","II","LEAST CONCERN",3,"M/M/F","Fibro","X","X",NA,"x",NA,"Tissue",NA,"Saguinus_imperator","9491","Saguinus imperator","mSagImp","Saguinus","Chordata","Metazoa","Eukaryota","Scaffold","SAMN07678110",65636,NA,53787,NA,2019-01-15,NA,NA,16505,3.455078125,3378990000,NA,NA,46,23,2,"EBP;PRJNA399417;ZOONOMIA",NA,"published",NA,NA,NA,NA,NA,NA,NA,NA,NA,NA,NA,"Bearded Emperor Tamarin,tamarin","Cebidae","Mammalia","Primates","species","Saguinus imperator",0,NA,FALSE,TRUE,FALSE,3,3,3,0,0,TRUE,23,"Both",1,1,NA,"selected","selected"
"11","Pan troglodytes troglodytes","Pan troglodytes","troglodytes",NA,"I","ENDANGERED",9,"F/F/F/F/F/?/F/F/M","Fibro",NA,"X",NA,"X","X","Tissue/Blood",NA,"Pan_troglodytes","9598","Pan troglodytes","mPanTro","Pan","Chordata","Metazoa","Eukaryota","Chromosome","SAMN02981217;SAMN06272697;SAMN30216104;SAMN30617505",144388002,NA,94528342,44705,2023-02-27,91.5,NA,16554,3.6953125,3613710000,NA,NA,48,24,2,"PRJNA13184;PRJNA369439;PRJNA916736;PRJNA916737;PRJNA930872;PRJNA941354;PRJNA941355;PRJNA950949",NA,"insdc_open","chimpanzee","GCF_028858775.1-RS_2023_04",2023-04-06,2023-04-11,"Chimpanzee",9598,"Pan_tro_3.0","GCA_000001515.5","Full genebuild","Y","Y","Central chimpanzee,Chimpanzee","Hominidae","Mammalia","Primates","species","Pan troglodytes",0,NA,FALSE,TRUE,TRUE,9,9,9,0,2,TRUE,23,"Both",1,1,NA,"selected","selected"
"12","Cercocebus atys lunulatus","Cercocebus atys","lunulatus",NA,"II","ENDANGERED",6,"F/M/F/M/F/F","Fibro","X","X",NA,"x",NA,NA,"White-naped Mangabey","Cercocebus_atys","9531","Cercocebus fuliginosus","mCerAty","Cercocebus","Chordata","Metazoa","Eukaryota","Scaffold","SAMN03379531",12849131,NA,112942,30556,2015-03-19,NA,NA,16543,3.740234375,3657720000,NA,NA,42,21,2,"PRJNA157077;PRJNA167910",NA,"insdc_open","sooty mangabey","100.0",2015-03-23,2015-03-30,"Sooty mangabey",9531,"Caty_1.0","GCA_000955945.1","Full genebuild","-","Y","White-naped Mangabey,Mangabey","Cercopithecidae","Mammalia","Primates","species","Cercocebus atys",0,NA,FALSE,TRUE,TRUE,5,3,3,0,0,TRUE,23,"Both",1,1,"White-naped_Mangabey","selected","selected"
"13","Pongo pygmaeus","Pongo pygmaeus",NA,NA,"I","CRITICALLY ENDANGERED",3,"F/U/M","Fibro","X","X","X","x","X","Cell culture / Placenta/ombelical Cordon","Pongo pygmaeus pygmaeus","Pongo_pygmaeus","9600","Pongo pygmaeus fromageti","mPonPyg","Pongo","Chordata","Metazoa","Eukaryota","Chromosome","SAMEA9989851;SAMN10521809;SAMN23575352",140977933,NA,90555683,39296,2023-02-28,93.9,NA,16389,3.66015625,3579480000,NA,NA,48,24,2,"EBP;PRGP;PRJEB47562;PRJNA785018;PRJNA916740;PRJNA916742;PRJNA930876",NA,"insdc_open","Bornean orangutan","GCF_028885625.1-RS_2023_04",2023-04-06,2023-04-11,NA,NA,NA,NA,NA,NA,NA,"Orangutan","Hominidae","Mammalia","Primates","species","Pongo pygmaeus",0,NA,FALSE,TRUE,TRUE,3,3,3,0,1,TRUE,23,"Both",1,1,"Pongo_pygmaeus pygmaeus","selected","selected"
"14","Mandrillus sphinx","Mandrillus sphinx",NA,"Cercopithecinae","I","VULNERABLE",2,"F/M","Fibro","X","X",NA,"x",NA,"Tissue",NA,"Mandrillus_sphinx","9561","Simia madarogaster","mManSph","Mandrillus","Chordata","Metazoa","Eukaryota","Contig","CNS0036001;SAMN08634632;SAMN23575347",20999372,NA,20999372,NA,2022-06-17,NA,NA,16546,3.5,3.423e+09,NA,NA,42,21,2,"EBP;PRGP;PRJNA436891;PRJNA785018",NA,"insdc_open",NA,NA,NA,NA,NA,NA,NA,NA,NA,NA,NA,"Mandrill","Cercopithecidae","Mammalia","Primates","species","Mandrillus sphinx",0,NA,TRUE,TRUE,TRUE,2,2,2,0,0,TRUE,23,"Both",1,1,NA,"selected","selected"
"15","Eulemur fulvus","Eulemur fulvus",NA,NA,"I","VULNERABLE",2,"F/F","Fibro","X","X",NA,"x",NA,"Tissue",NA,"Eulemur_fulvus","13515","Eulemur fulvus fulvus","mEulFul","Eulemur","Chordata","Metazoa","Eukaryota","Scaffold","SAMN07678083",22561,NA,21310,NA,2019-01-16,58.2,NA,17122,3.35546875,3281190000,NA,NA,48,24,2,"EBP;PRJNA399393;ZOONOMIA",NA,"published",NA,NA,NA,NA,NA,NA,NA,NA,NA,NA,NA,"Common brown lemur,Brown lemur","Lemuridae","Mammalia","Primates","species","Eulemur fulvus",0,NA,TRUE,TRUE,TRUE,2,2,2,0,0,TRUE,23,"Both",1,1,NA,"selected","selected"
"16","Gorilla gorilla","Gorilla gorilla",NA,NA,"I","CRITICALLY ENDANGERED",2,"-/F","Fibro/PBMc",NA,"X",NA,"X","X","Blood/Tissue",NA,"Gorilla_gorilla","9593","Gorilla gorilla","mGorGor","Gorilla","Chordata","Metazoa","Eukaryota","Chromosome","SAMEA2272491;SAMEA3541598;SAMN04003007;SAMN11078986;SAMN30617507",151559850,NA,124954819,NA,2023-04-03,NA,NA,16364,3.5703125,3491460000,NA,NA,48,24,2,"PRJEA31265;PRJEB10880;PRJNA369439;PRJNA916732;PRJNA916733;PRJNA930782;PRJNA941352;PRJNA941353;PRJNA942267;PRJNA954414",NA,"insdc_open","western gorilla","102.0",2019-09-20,2019-09-30,NA,NA,NA,NA,NA,NA,NA,"Western Gorilla,Western lowland gorilla","Hominidae","Mammalia","Primates","species","Gorilla gorilla",0,NA,TRUE,TRUE,TRUE,2,1,1,0,1,TRUE,23,"Both",1,1,NA,"selected","selected"
"17","Nanger dama","Nanger dama",NA,"Antilopinae","I","CRITICALLY ENDANGERED",14,"F/F/F/F/F/F/F/F/M/M","Fibro","X","X",NA,"X",NA,"blood/placenta/ombelical cord",NA,"Nanger_dama","67940","Nanger dama","mNanDam","Nanger","Chordata","Metazoa","Eukaryota","Scaffold","SAMEA9955968;SAMN18578434",37125998,NA,37125998,NA,2021-11-18,NA,NA,16377,3.48046875,3403440000,NA,NA,37,15,2,"PRJEB47547;PRJNA718892",NA,"insdc_open",NA,NA,NA,NA,NA,NA,NA,NA,NA,NA,NA,"Dama Gazelle,Dama gazelle","Bovidae","Mammalia","Artiodactyla","species","Nanger dama",0,NA,FALSE,TRUE,FALSE,13,6,6,0,0,TRUE,35,"Both",1,1,NA,"selected","selected"
"18","Giraffa camelopardalis","Giraffa camelopardalis",NA,NA,"II","VULNERABLE",2,"F/F","Fibro","X",NA,NA,"X",NA,NA,NA,"Giraffa_camelopardalis","9894","Giraffa camelopardalis","mGirCam","Giraffa","Chordata","Metazoa","Eukaryota","Scaffold","SAMN08714473;SAMN14677183;SAMN15027847",3153258,NA,25056,NA,2023-04-03,NA,NA,16433,2.76953125,2709060000,NA,NA,30,15,2,"EBP;LOEWE-TBG;PRJNA438286;PRJNA627604;PRJNA635165",NA,"insdc_open",NA,NA,NA,NA,NA,NA,NA,NA,NA,NA,NA,"Cameleopardis giraffe,Reticulated giraffe","Giraffidae","Mammalia","Artiodactyla","species","Giraffa camelopardalis",0,NA,TRUE,TRUE,TRUE,2,2,2,0,0,TRUE,35,"Both",1,1,NA,"selected","selected"
"19","Lama guanicoe","Lama guanicoe",NA,NA,"II","LEAST CONCERN",3,"F/F/-","Fibro",NA,"X",NA,NA,NA,NA,NA,"Lama_guanicoe","9840","Lama guanicoe","mLamGua","Lama","Chordata","Metazoa","Eukaryota","Scaffold","CNS0198842;SAMN08242136",14786206,NA,343812,NA,2023-04-03,NA,NA,16649,3.2109375,3139380000,NA,NA,74,37,2,"PRJNA427644",NA,"insdc_open",NA,NA,NA,NA,NA,NA,NA,NA,NA,NA,NA,"Guanaco","Camelidae","Mammalia","Artiodactyla","species","Lama guanicoe",0,NA,TRUE,TRUE,TRUE,3,2,2,0,0,TRUE,35,"Both",1,1,NA,"selected","selected"
"20","Oryx dammah","Oryx dammah",NA,"Antilopinae","I","EXTINCT IN THE WILD",3,"F/F/M","Fibro","X",NA,"X","x","X","Tissue",NA,"Oryx_dammah","59534","Oryx dammah","mOryDam","Oryx","Chordata","Metazoa","Eukaryota","Scaffold","SAMN14518290",100398400,NA,374342,32423,2020-09-25,NA,NA,16689,3.98046875,3892440000,NA,NA,57,28,2,"PRJNA622505",NA,"insdc_open","scimitar-horned oryx","100.0",2021-03-15,2021-03-20,NA,NA,NA,NA,NA,NA,NA,"Scimitar-horned Oryx,scimitar-horned oryx","Bovidae","Mammalia","Artiodactyla","species","Oryx dammah",0,NA,TRUE,TRUE,TRUE,3,2,2,0,1,TRUE,35,"Both",1,1,NA,"selected","selected"
"21","Capra hircus","Capra hircus",NA,NA,"-","NA",3,"F/M/F","Fibro",NA,NA,NA,NA,NA,"Tissue",NA,"Capra_hircus","9925","African dwarf goats","mCapHir","Capra","Chordata","Metazoa","Eukaryota","Chromosome","SAMN02953816;SAMN03863711;SAMN10460883;SAMN14408556;SAMN20865798",87277232,NA,26244591,28911,2016-08-24,NA,NA,16643,3.240234375,3168720000,NA,NA,60,30,2,"PRJNA158393;PRJNA290100;PRJNA492932;PRJNA613503;PRJNA756446",NA,"insdc_open","goat","102.0",2016-08-29,2016-09-08,"Goat",9925,"ARS1","GCA_001704415.1","Full genebuild","Y","Y","Domestic goat","Bovidae","Mammalia","Artiodactyla","species","Capra hircus",0,NA,TRUE,TRUE,TRUE,3,2,2,0,0,TRUE,35,"Both",1,1,NA,"selected","selected"
"22","Ovis aries musimon","Ovis aries","musimon",NA,NA,"NA",2,"F/F","Fibro",NA,NA,NA,NA,NA,"Tissue",NA,"Ovis_aries","9940","Ovis laristanica","mOviAri","Ovis","Chordata","Metazoa","Eukaryota","Chromosome","SAMEA104496890;SAMEA3146279;SAMN00116405;SAMN13678651;SAMN17088352;SAMN17575729;SAMN18719720;SAMN18719831;SAMN19573257;SAMN23102564;SAMN23392243;SAMN23421197;SAMN23436134;SAMN23438304;SAMN23482416;SAMN23486030;SAMN23487767;SAMN23488169;SAMN23488219;SAMN23488945;SAMN23489205;SAMN27682982;SAMN27685148",101274418,NA,43178051,33801,2021-02-03,NA,NA,16616,3.30078125,3227400000,NA,NA,54,27,2,"PRJEB3141;PRJEB7436;PRJNA169880;PRJNA412242;PRJNA414087;PRJNA597576;PRJNA675594;PRJNA685905;PRJNA721520;PRJNA721526;PRJNA744239;PRJNA744240;PRJNA745171;PRJNA780104;PRJNA782680;PRJNA783179;PRJNA783516;PRJNA783537;PRJNA784330;PRJNA784357;PRJNA784366;PRJNA784371;PRJNA784376;PRJNA784396;PRJNA784413;PRJNA788213;PRJNA788214;PRJNA788570;PRJNA788571;PRJNA788665;PRJNA788666;PRJNA788671;PRJNA788672;PRJNA788675;PRJNA788676;PRJNA788679;PRJNA788680;PRJNA788687;PRJNA788688;PRJNA788696;PRJNA788697;PRJNA788701;PRJNA788702;PRJNA788704;PRJNA788705;PRJNA788711;PRJNA788712;PRJNA791175;PRJNA791176;PRJNA791354;PRJNA791355;PRJNA791356;PRJNA791357;PRJNA791358;PRJNA791360;PRJNA791364;PRJNA791366;PRJNA791367;PRJNA791368;PRJNA791369;PRJNA791370;PRJNA797009;PRJNA829895;PRJNA830299;PRJNA830545;PRJNA830546;PRJNA830606;PRJNA830607;PRJNA832761;PRJNA839394;PRJNA945429",NA,"insdc_open","sheep","104.0",2021-06-18,2021-07-03,"Sheep",9940,"Oar_rambouillet_v1.0","GCA_002742125.1","Full genebuild","Y","-","Mouflon,Sheep","Bovidae","Mammalia","Artiodactyla","species","Ovis aries",0,NA,FALSE,TRUE,TRUE,2,2,2,0,0,TRUE,35,"Both",1,1,NA,"selected","selected"
"23","Phacochoerus africanus","Phacochoerus africanus",NA,NA,"-","LEAST CONCERN",4,"M/F/F","Fibro",NA,NA,NA,NA,NA,"Tissue",NA,"Phacochoerus_africanus","41426","Sus africanus","mPhaAfr","Phacochoerus","Chordata","Metazoa","Eukaryota","Chromosome","SAMN15809474;SAMN17293408",141887063,NA,10602503,27929,2021-02-19,95.6,NA,16719,2.94921875,2885100000,NA,NA,34,17,2,"PRJNA656957;PRJNA691462",NA,"insdc_open","Common warthog","GCF_016906955.1-RS_2023_03",2023-03-03,2023-03-05,NA,NA,NA,NA,NA,NA,NA,"Warthog,Common warthog","Suidae","Mammalia","Artiodactyla","species","Phacochoerus africanus",0,NA,FALSE,TRUE,TRUE,4,4,4,0,0,TRUE,35,"Both",1,1,NA,"selected","selected"
"24","Bison bonasus","Bison bonasus",NA,"Bovinae","-","NEAR THREATENED",3,"F/F/-","Fibro/PBMc","x","x",NA,NA,NA,"Blood/Tissue",NA,"Bison_bonasus","9901","Bison europaeus","mBisBis","Bison","Chordata","Metazoa","Eukaryota","Scaffold","SAMN02947321",7192658,NA,19971,NA,2023-04-03,NA,NA,16319,4.8984375,4792200000,NA,NA,60,30,2,"PRJNA257088",NA,"insdc_open",NA,NA,NA,NA,NA,NA,NA,NA,NA,NA,NA,"Bison,European bison","Bovidae","Mammalia","Artiodactyla","genus","Bison bison",4.3,"species",FALSE,TRUE,FALSE,3,3,2,1,0,TRUE,35,"Both",1,1,NA,"selected","selected"
"25","Corynorhinus townsendii","Corynorhinus townsendii",NA,NA,NA,NA,NA,NA,NA,NA,NA,NA,NA,NA,NA,NA,"Corynorhinus_townsendii","124745","Corynorhinus townsendii","mCorTow","Corynorhinus","Chordata","Metazoa","Eukaryota","Scaffold","SAMN31536067",177756282,NA,22150609,NA,2022-11-18,NA,NA,16438,2.353515625,2288520000,NA,NA,32,16,2,"CCGP;EBP;PRJNA765806;PRJNA777157;PRJNA896195;PRJNA896196",NA,"insdc_open",NA,NA,NA,NA,NA,NA,NA,NA,NA,NA,NA,"Townsend's big-eared bat","Vespertilionidae","Mammalia","Chiroptera",NA,NA,NA,"species",NA,NA,NA,NA,NA,NA,NA,NA,NA,2308,NA,NA,NA,NA,"not selected",NA
"26","Tolypeutes matacus","Tolypeutes matacus",NA,NA,NA,NA,NA,NA,NA,NA,NA,NA,NA,NA,NA,NA,"Tolypeutes_matacus","183749","Tolypeutes matacus","mTolMat","Tolypeutes","Chordata","Metazoa","Eukaryota","Scaffold","SAMN07678115",12561802,NA,129379,NA,2022-12-12,NA,NA,16980,4.2109375,4117380000,NA,NA,62,30,2,"EBP;PRJNA399423;PRJNA682446;PRJNA781997;ZOONOMIA",NA,"published",NA,NA,NA,NA,NA,NA,NA,NA,NA,NA,NA,NA,"Chlamyphoridae","Mammalia","Cingulata",NA,NA,NA,"species",NA,NA,NA,NA,NA,NA,NA,NA,NA,32,NA,NA,NA,NA,"not selected",NA
"27","Antechinus flavipes","Antechinus flavipes",NA,NA,NA,NA,NA,NA,NA,NA,NA,NA,NA,NA,NA,NA,"Antechinus_flavipes","38775","Antechinus flavipes","mAntFla","Antechinus","Chordata","Metazoa","Eukaryota","Chromosome","SAMN16807749",636717922,NA,51843704,27226,2021-01-06,92.4,NA,17381,3.48046875,3403440000,NA,NA,14,7,2,"PRJNA565840",NA,"insdc_open",NA,NA,NA,NA,NA,NA,NA,NA,NA,NA,NA,"yellow-footed antechinus","Dasyuridae","Mammalia","Dasyuromorphia",NA,NA,NA,"species",NA,NA,NA,NA,NA,NA,NA,NA,NA,99,NA,NA,NA,NA,"not selected",NA
"28","Cynocephalus volans","Cynocephalus volans",NA,NA,NA,NA,NA,NA,NA,NA,NA,NA,NA,NA,NA,NA,"Cynocephalus_volans","110931","Galeopithecus rufus","mCynVol","Cynocephalus","Chordata","Metazoa","Eukaryota","Chromosome","SAMN32206947",165781880,NA,69195939,NA,2022-12-28,NA,NA,16748,3.55078125,3471900000,NA,NA,56,28,2,"EBP;PRJNA911844;PRJNA911845;PRJNA913149;VGP",NA,"insdc_open",NA,NA,NA,NA,NA,NA,NA,NA,NA,NA,NA,"Philippine flying lemur","Cynocephalidae","Mammalia","Dermoptera",NA,NA,NA,"species",NA,NA,NA,NA,NA,NA,NA,NA,NA,3,NA,NA,NA,NA,"not selected",NA
"29","Gracilinanus agilis","Gracilinanus agilis",NA,NA,NA,NA,NA,NA,NA,NA,NA,NA,NA,NA,NA,NA,"Gracilinanus_agilis","191870","Gracilinanus agilis","mGraAgi","Gracilinanus","Chordata","Metazoa","Eukaryota","Chromosome","SAMN16807781",683521856,NA,73170,26561,2021-01-06,88.1,NA,16336,4.03125,3941340000,NA,NA,14,7,2,"PRJNA565840",NA,"insdc_open",NA,NA,NA,NA,NA,NA,NA,NA,NA,NA,NA,"Gracile mouse opossum","Didelphidae","Mammalia","Didelphimorphia",NA,NA,NA,"species",NA,NA,NA,NA,NA,NA,NA,NA,NA,173,NA,NA,NA,NA,"not selected",NA
"30","Potorous gilbertii","Potorous gilbertii",NA,NA,NA,NA,NA,NA,NA,NA,NA,NA,NA,NA,NA,NA,"Potorous_gilbertii","173936","Hypsiprymnus gilbertii","mPotGil","Potorous","Chordata","Metazoa","Eukaryota","Chromosome","SAMN21582258",557804701,NA,46323,NA,2023-02-17,NA,NA,16922,3.580078125,3501240000,NA,NA,12,6,2,"EBP;PRJNA512907;PRJNA944680",NA,"insdc_open",NA,NA,NA,NA,NA,NA,NA,NA,NA,NA,NA,"Gilbert's potoroo","Potoroidae","Mammalia","Diprotodontia",NA,NA,NA,"species",NA,NA,NA,NA,NA,NA,NA,NA,NA,183,NA,NA,NA,NA,"not selected",NA
"31","Sorex araneus","Sorex araneus",NA,NA,NA,NA,NA,NA,NA,NA,NA,NA,NA,NA,NA,NA,"Sorex_araneus","42254","Sorex pyrenaicus","mSorAra","Sorex","Chordata","Metazoa","Eukaryota","Chromosome","SAMN00210854;SAMN32477717",374364821,NA,4024507,28480,2023-01-09,NA,NA,16887,2.91015625,2845980000,NA,NA,22,11,2,"EBP;PRJNA13689;PRJNA916523;PRJNA916524;PRJNA922145;VGP",NA,"insdc_open",NA,NA,NA,NA,NA,NA,NA,NA,NA,NA,NA,"Common shrew","Soricidae","Mammalia","Eulipotyphla",NA,NA,NA,"species",NA,NA,NA,NA,NA,NA,NA,NA,NA,730,NA,NA,NA,NA,"not selected",NA
"32","Sylvilagus floridanus","Sylvilagus floridanus",NA,NA,NA,NA,NA,NA,NA,NA,NA,NA,NA,NA,NA,NA,"Sylvilagus_floridanus","9988","Sylvilagus floridanus subcinctus","mSylFlo","Sylvilagus","Chordata","Metazoa","Eukaryota","Chromosome","SAMEA13607423",129271642,NA,34907720,NA,2023-04-19,NA,NA,17053,3.287109375,3215175000,NA,NA,42,21,2,"PRJEB61298;PRJEB61299;PRJEB61310",NA,"insdc_open",NA,NA,NA,NA,NA,NA,NA,NA,NA,NA,NA,"eastern cottontail","Leporidae","Mammalia","Lagomorpha",NA,NA,NA,"species",NA,NA,NA,NA,NA,NA,NA,NA,NA,222,NA,NA,NA,NA,"not selected",NA
"33","Elephantulus edwardii","Elephantulus edwardii",NA,NA,NA,NA,NA,NA,NA,NA,NA,NA,NA,NA,NA,NA,"Elephantulus_edwardii","28737","Elephantulus edwardii","mEleEdw","Elephantulus","Chordata","Metazoa","Eukaryota","Scaffold","SAMN00749966;SAMN07678142",15011382,NA,24219,34723,2012-10-10,NA,NA,16552,5.98046875,5848440000,NA,NA,26,7,2,"EBP;PRJNA167910;PRJNA399475;PRJNA74589;ZOONOMIA",NA,"published",NA,NA,NA,NA,NA,NA,NA,NA,NA,NA,NA,"Cape elephant shrew","Macroscelididae","Mammalia","Macroscelidea",NA,NA,NA,"species",NA,NA,NA,NA,NA,NA,NA,NA,NA,30,NA,NA,NA,NA,"not selected",NA
"34","Dromiciops gliroides","Dromiciops gliroides",NA,NA,NA,NA,NA,NA,NA,NA,NA,NA,NA,NA,NA,NA,"Dromiciops_gliroides","33562","Didelphys australis","mDroGli","Dromiciops","Chordata","Metazoa","Eukaryota","Chromosome","SAMN15244861;SAMN18857598",670775900,NA,38230856,31081,2021-08-03,NA,NA,15350,3.828125,3789750000,NA,NA,14,7,2,"EBP;PRJNA639670;PRJNA728141;PRJNA728142;PRJNA776875;VGP",NA,"insdc_open",NA,NA,NA,NA,NA,NA,NA,NA,NA,NA,NA,"monito del monte","Microbiotheriidae","Mammalia","Microbiotheria",NA,NA,NA,"species",NA,NA,NA,NA,NA,NA,NA,NA,NA,2,NA,NA,NA,NA,"not selected",NA
"35","Ornithorhynchus anatinus","Ornithorhynchus anatinus",NA,NA,NA,NA,NA,NA,NA,NA,NA,NA,NA,NA,NA,NA,"Ornithorhynchus_anatinus","9258","Ornithorhynchus anatinus","mOrnAna","Ornithorhynchus","Chordata","Metazoa","Eukaryota","Chromosome","CNS0011508;SAMN02953646;SAMN08537700",83338043,NA,15146802,30497,2020-11-06,71.3,NA,17019,3.060546875,2992680000,NA,NA,52,31,2,"EBP;PRJNA12885;PRJNA167910;PRJNA433451;PRJNA489114;PRJNA489115;PRJNA513296;VGP",NA,"insdc_open",NA,NA,NA,NA,NA,NA,NA,NA,NA,NA,NA,"Duck-billed platypus","Ornithorhynchidae","Mammalia","Monotremata",NA,NA,NA,"species",NA,NA,NA,NA,NA,NA,NA,NA,NA,5,NA,NA,NA,NA,"not selected",NA
"36","Notoryctes caurinus","Notoryctes caurinus",NA,NA,NA,NA,NA,NA,NA,NA,NA,NA,NA,NA,NA,NA,"Notoryctes_caurinus","203824","Notoryctes caurinus","mNotCau","Notoryctes","Chordata","Metazoa","Eukaryota",NA,NA,NA,NA,NA,NA,NA,NA,NA,15923,3.828125,3789750000,NA,NA,14,7,2,NA,NA,NA,NA,NA,NA,NA,NA,NA,NA,NA,NA,NA,NA,NA,"Notoryctidae","Mammalia","Notoryctemorphia",NA,NA,NA,"species",NA,NA,NA,NA,NA,NA,NA,NA,NA,2,NA,NA,NA,NA,"not selected",NA
"37","Notoryctes typhlops","Notoryctes typhlops",NA,NA,NA,NA,NA,NA,NA,NA,NA,NA,NA,NA,NA,NA,"Notoryctes_typhlops","37699","Notoryctes typhlops","mNotTyp","Notoryctes","Chordata","Metazoa","Eukaryota",NA,NA,NA,NA,NA,NA,2023-04-03,NA,NA,15923,3.828125,3789750000,NA,NA,14,7,2,NA,NA,"in_progress",NA,NA,NA,NA,NA,NA,NA,NA,NA,NA,NA,"marsupial mole","Notoryctidae","Mammalia","Notoryctemorphia",NA,NA,NA,"species",NA,NA,NA,NA,NA,NA,NA,NA,NA,2,NA,NA,NA,NA,"not selected",NA
"38","Lestoros inca","Lestoros inca",NA,NA,NA,NA,NA,NA,NA,NA,NA,NA,NA,NA,NA,NA,"Lestoros_inca","42731","Lestoros inca","mLesInc","Lestoros","Chordata","Metazoa","Eukaryota",NA,NA,NA,NA,NA,NA,NA,NA,NA,16678,3.828125,3789750000,NA,NA,14,7,2,NA,NA,NA,NA,NA,NA,NA,NA,NA,NA,NA,NA,NA,NA,"Incan shrew opossum","Caenolestidae","Mammalia","Paucituberculata",NA,NA,NA,"species",NA,NA,NA,NA,NA,NA,NA,NA,NA,10,NA,NA,NA,NA,"not selected",NA
"39","Caenolestes sp. IAvH-CT-35596","Caenolestes sp. IAvH-CT-35596",NA,NA,NA,NA,NA,NA,NA,NA,NA,NA,NA,NA,NA,NA,"Caenolestes_sp. IAvH-CT-35596","2964407",NA,NA,"Caenolestes","Chordata","Metazoa","Eukaryota",NA,NA,NA,NA,NA,NA,NA,NA,NA,16629,3.828125,3789750000,NA,NA,14,7,2,NA,NA,NA,NA,NA,NA,NA,NA,NA,NA,NA,NA,NA,NA,NA,"Caenolestidae","Mammalia","Paucituberculata",NA,NA,NA,"species",NA,NA,NA,NA,NA,NA,NA,NA,NA,10,NA,NA,NA,NA,"not selected",NA
"40","Caenolestes sp. IAvH-CT-35597","Caenolestes sp. IAvH-CT-35597",NA,NA,NA,NA,NA,NA,NA,NA,NA,NA,NA,NA,NA,NA,"Caenolestes_sp. IAvH-CT-35597","2964408",NA,NA,"Caenolestes","Chordata","Metazoa","Eukaryota",NA,NA,NA,NA,NA,NA,NA,NA,NA,16629,3.828125,3789750000,NA,NA,14,7,2,NA,NA,NA,NA,NA,NA,NA,NA,NA,NA,NA,NA,NA,NA,NA,"Caenolestidae","Mammalia","Paucituberculata",NA,NA,NA,"species",NA,NA,NA,NA,NA,NA,NA,NA,NA,10,NA,NA,NA,NA,"not selected",NA
"41","Caenolestes sp. IAvH-CT-35619","Caenolestes sp. IAvH-CT-35619",NA,NA,NA,NA,NA,NA,NA,NA,NA,NA,NA,NA,NA,NA,"Caenolestes_sp. IAvH-CT-35619","2964409",NA,NA,"Caenolestes","Chordata","Metazoa","Eukaryota",NA,NA,NA,NA,NA,NA,NA,NA,NA,16629,3.828125,3789750000,NA,NA,14,7,2,NA,NA,NA,NA,NA,NA,NA,NA,NA,NA,NA,NA,NA,NA,NA,"Caenolestidae","Mammalia","Paucituberculata",NA,NA,NA,"species",NA,NA,NA,NA,NA,NA,NA,NA,NA,10,NA,NA,NA,NA,"not selected",NA
"42","Caenolestes sp. IAvH-CT-35595","Caenolestes sp. IAvH-CT-35595",NA,NA,NA,NA,NA,NA,NA,NA,NA,NA,NA,NA,NA,NA,"Caenolestes_sp. IAvH-CT-35595","2964410",NA,NA,"Caenolestes","Chordata","Metazoa","Eukaryota",NA,NA,NA,NA,NA,NA,NA,NA,NA,16629,3.828125,3789750000,NA,NA,14,7,2,NA,NA,NA,NA,NA,NA,NA,NA,NA,NA,NA,NA,NA,NA,NA,"Caenolestidae","Mammalia","Paucituberculata",NA,NA,NA,"species",NA,NA,NA,NA,NA,NA,NA,NA,NA,10,NA,NA,NA,NA,"not selected",NA
"43","Caenolestes sangay","Caenolestes sangay",NA,NA,NA,NA,NA,NA,NA,NA,NA,NA,NA,NA,NA,NA,"Caenolestes_sangay","1408241","Caenolestes sangay","mCaeSan","Caenolestes","Chordata","Metazoa","Eukaryota",NA,NA,NA,NA,NA,NA,NA,NA,NA,16629,3.828125,3789750000,NA,NA,14,7,2,NA,NA,NA,NA,NA,NA,NA,NA,NA,NA,NA,NA,NA,NA,"Sangay shrew opossum","Caenolestidae","Mammalia","Paucituberculata",NA,NA,NA,"species",NA,NA,NA,NA,NA,NA,NA,NA,NA,10,NA,NA,NA,NA,"not selected",NA
"44","Caenolestes caniventer","Caenolestes caniventer",NA,NA,NA,NA,NA,NA,NA,NA,NA,NA,NA,NA,NA,NA,"Caenolestes_caniventer","473861","Caenolestes caniventer","mCaeCan","Caenolestes","Chordata","Metazoa","Eukaryota",NA,NA,NA,NA,NA,NA,NA,NA,NA,16629,3.828125,3789750000,NA,NA,14,7,2,NA,NA,NA,NA,NA,NA,NA,NA,NA,NA,NA,NA,NA,NA,"grey-bellied shrew opossum","Caenolestidae","Mammalia","Paucituberculata",NA,NA,NA,"species",NA,NA,NA,NA,NA,NA,NA,NA,NA,10,NA,NA,NA,NA,"not selected",NA
"45","Caenolestes convelatus","Caenolestes convelatus",NA,NA,NA,NA,NA,NA,NA,NA,NA,NA,NA,NA,NA,NA,"Caenolestes_convelatus","1408244","Caenolestes convelatus","mCaeCon","Caenolestes","Chordata","Metazoa","Eukaryota",NA,NA,NA,NA,NA,NA,NA,NA,NA,16629,3.828125,3789750000,NA,NA,14,7,2,NA,NA,NA,NA,NA,NA,NA,NA,NA,NA,NA,NA,NA,NA,"northern shew opossum","Caenolestidae","Mammalia","Paucituberculata",NA,NA,NA,"species",NA,NA,NA,NA,NA,NA,NA,NA,NA,10,NA,NA,NA,NA,"not selected",NA
"46","Caenolestes fuliginosus","Caenolestes fuliginosus",NA,NA,NA,NA,NA,NA,NA,NA,NA,NA,NA,NA,NA,NA,"Caenolestes_fuliginosus","37696","Caenolestes fuliginosus","mCaeFul","Caenolestes","Chordata","Metazoa","Eukaryota",NA,NA,NA,NA,NA,NA,2023-04-03,NA,NA,16629,3.828125,3789750000,NA,NA,14,7,2,NA,NA,NA,NA,NA,NA,NA,NA,NA,NA,NA,NA,NA,NA,"silky shrew opossum","Caenolestidae","Mammalia","Paucituberculata",NA,NA,NA,"species",NA,NA,NA,NA,NA,NA,NA,NA,NA,10,NA,NA,NA,NA,"not selected",NA
"47","Rhyncholestes raphanurus","Rhyncholestes raphanurus",NA,NA,NA,NA,NA,NA,NA,NA,NA,NA,NA,NA,NA,NA,"Rhyncholestes_raphanurus","33559","Rhyncholestes raphanurus","mRhyRap","Rhyncholestes","Chordata","Metazoa","Eukaryota",NA,NA,NA,NA,NA,NA,2023-04-03,NA,NA,16727,3.828125,3789750000,NA,NA,14,7,2,NA,NA,NA,NA,NA,NA,NA,NA,NA,NA,NA,NA,NA,NA,"Chilean shrew opossum","Caenolestidae","Mammalia","Paucituberculata",NA,NA,NA,"species",NA,NA,NA,NA,NA,NA,NA,NA,NA,10,NA,NA,NA,NA,"not selected",NA
"48","Rhynchomeles prattorum","Rhynchomeles prattorum",NA,NA,NA,NA,NA,NA,NA,NA,NA,NA,NA,NA,NA,NA,"Rhynchomeles_prattorum","1031281","Rhynchomeles prattorum","mRhyPra","Rhynchomeles","Chordata","Metazoa","Eukaryota",NA,NA,NA,NA,NA,NA,NA,NA,NA,16642,4.46484375,4356990000,NA,NA,14,7,2,NA,NA,NA,NA,NA,NA,NA,NA,NA,NA,NA,NA,NA,NA,"Seram bandicoot","Peroryctidae","Mammalia","Peramelemorphia",NA,NA,NA,"species",NA,NA,NA,NA,NA,NA,NA,NA,NA,25,NA,NA,NA,NA,"not selected",NA
"49","Echymipera clara","Echymipera clara",NA,NA,NA,NA,NA,NA,NA,NA,NA,NA,NA,NA,NA,NA,"Echymipera_clara","65610","Echymipera clara","mEchCla","Echymipera","Chordata","Metazoa","Eukaryota",NA,NA,NA,NA,NA,NA,NA,NA,NA,16642,4.46484375,4356990000,NA,NA,14,7,2,NA,NA,NA,NA,NA,NA,NA,NA,NA,NA,NA,NA,NA,NA,"Clara's echymipera","Peroryctidae","Mammalia","Peramelemorphia",NA,NA,NA,"species",NA,NA,NA,NA,NA,NA,NA,NA,NA,25,NA,NA,NA,NA,"not selected",NA
"50","Echymipera kalubu","Echymipera kalubu",NA,NA,NA,NA,NA,NA,NA,NA,NA,NA,NA,NA,NA,NA,"Echymipera_kalubu","42733","Echymipera kalubu","mEchKal","Echymipera","Chordata","Metazoa","Eukaryota",NA,NA,NA,NA,NA,NA,NA,NA,NA,16642,4.46484375,4356990000,NA,NA,14,7,2,NA,NA,NA,NA,NA,NA,NA,NA,NA,NA,NA,NA,NA,NA,"Kalubu echymipera","Peroryctidae","Mammalia","Peramelemorphia",NA,NA,NA,"species",NA,NA,NA,NA,NA,NA,NA,NA,NA,25,NA,NA,NA,NA,"not selected",NA
"51","Echymipera rufescens","Echymipera rufescens",NA,NA,NA,NA,NA,NA,NA,NA,NA,NA,NA,NA,NA,NA,"Echymipera_rufescens","65611","Echymipera rufescens","mEchRuf","Echymipera","Chordata","Metazoa","Eukaryota",NA,NA,NA,NA,NA,NA,2023-04-03,NA,NA,16642,4.46484375,4356990000,NA,NA,14,7,2,NA,NA,NA,NA,NA,NA,NA,NA,NA,NA,NA,NA,NA,NA,"long-nosed echymipera","Peroryctidae","Mammalia","Peramelemorphia",NA,NA,NA,"species",NA,NA,NA,NA,NA,NA,NA,NA,NA,25,NA,NA,NA,NA,"not selected",NA
"52","Microperoryctes sp. MMW-2011","Microperoryctes sp. MMW-2011",NA,NA,NA,NA,NA,NA,NA,NA,NA,NA,NA,NA,NA,NA,"Microperoryctes_sp. MMW-2011","1031272","Microperoryctes sp. MMW-2011",NA,"Microperoryctes","Chordata","Metazoa","Eukaryota",NA,NA,NA,NA,NA,NA,NA,NA,NA,16642,4.46484375,4356990000,NA,NA,14,7,2,NA,NA,NA,NA,NA,NA,NA,NA,NA,NA,NA,NA,NA,NA,NA,"Peroryctidae","Mammalia","Peramelemorphia",NA,NA,NA,"species",NA,NA,NA,NA,NA,NA,NA,NA,NA,25,NA,NA,NA,NA,"not selected",NA
"53","Microperoryctes sp. RWM-2011","Microperoryctes sp. RWM-2011",NA,NA,NA,NA,NA,NA,NA,NA,NA,NA,NA,NA,NA,NA,"Microperoryctes_sp. RWM-2011","1093929","Microperoryctes sp. RWM-2011",NA,"Microperoryctes","Chordata","Metazoa","Eukaryota",NA,NA,NA,NA,NA,NA,NA,NA,NA,16642,4.46484375,4356990000,NA,NA,14,7,2,NA,NA,NA,NA,NA,NA,NA,NA,NA,NA,NA,NA,NA,NA,NA,"Peroryctidae","Mammalia","Peramelemorphia",NA,NA,NA,"species",NA,NA,NA,NA,NA,NA,NA,NA,NA,25,NA,NA,NA,NA,"not selected",NA
"54","Microperoryctes aplini","Microperoryctes aplini",NA,NA,NA,NA,NA,NA,NA,NA,NA,NA,NA,NA,NA,NA,"Microperoryctes_aplini","1031271","Microperoryctes aplini","mMicApl","Microperoryctes","Chordata","Metazoa","Eukaryota",NA,NA,NA,NA,NA,NA,NA,NA,NA,16642,4.46484375,4356990000,NA,NA,14,7,2,NA,NA,NA,NA,NA,NA,NA,NA,NA,NA,NA,NA,NA,NA,NA,"Peroryctidae","Mammalia","Peramelemorphia",NA,NA,NA,"species",NA,NA,NA,NA,NA,NA,NA,NA,NA,25,NA,NA,NA,NA,"not selected",NA
"55","Microperoryctes longicauda","Microperoryctes longicauda",NA,NA,NA,NA,NA,NA,NA,NA,NA,NA,NA,NA,NA,NA,"Microperoryctes_longicauda","38629","Microperoryctes longicauda","mMicLon","Microperoryctes","Chordata","Metazoa","Eukaryota",NA,NA,NA,NA,NA,NA,NA,NA,NA,16642,4.46484375,4356990000,NA,NA,14,7,2,NA,NA,NA,NA,NA,NA,NA,NA,NA,NA,NA,NA,NA,NA,"striped bandicoot","Peroryctidae","Mammalia","Peramelemorphia",NA,NA,NA,"species",NA,NA,NA,NA,NA,NA,NA,NA,NA,25,NA,NA,NA,NA,"not selected",NA
"56","Microperoryctes murina","Microperoryctes murina",NA,NA,NA,NA,NA,NA,NA,NA,NA,NA,NA,NA,NA,NA,"Microperoryctes_murina","2932462",NA,NA,"Microperoryctes","Chordata","Metazoa","Eukaryota",NA,NA,NA,NA,NA,NA,NA,NA,NA,16642,4.46484375,4356990000,NA,NA,14,7,2,NA,NA,NA,NA,NA,NA,NA,NA,NA,NA,NA,NA,NA,NA,NA,"Peroryctidae","Mammalia","Peramelemorphia",NA,NA,NA,"species",NA,NA,NA,NA,NA,NA,NA,NA,NA,25,NA,NA,NA,NA,"not selected",NA
"57","Microperoryctes papuensis","Microperoryctes papuensis",NA,NA,NA,NA,NA,NA,NA,NA,NA,NA,NA,NA,NA,NA,"Microperoryctes_papuensis","65613","Microperoryctes papuensis","mMicPap","Microperoryctes","Chordata","Metazoa","Eukaryota",NA,NA,NA,NA,NA,NA,NA,NA,NA,16642,4.46484375,4356990000,NA,NA,14,7,2,NA,NA,NA,NA,NA,NA,NA,NA,NA,NA,NA,NA,NA,NA,"Papuan bandicoot","Peroryctidae","Mammalia","Peramelemorphia",NA,NA,NA,"species",NA,NA,NA,NA,NA,NA,NA,NA,NA,25,NA,NA,NA,NA,"not selected",NA
"58","Peroryctes broadbenti","Peroryctes broadbenti",NA,NA,NA,NA,NA,NA,NA,NA,NA,NA,NA,NA,NA,NA,"Peroryctes_broadbenti","1031279","Peroryctes broadbenti","mPerBro","Peroryctes","Chordata","Metazoa","Eukaryota",NA,NA,NA,NA,NA,NA,NA,NA,NA,16642,4.46484375,4356990000,NA,NA,14,7,2,NA,NA,NA,NA,NA,NA,NA,NA,NA,NA,NA,NA,NA,NA,"giant bandicoot","Peroryctidae","Mammalia","Peramelemorphia",NA,NA,NA,"species",NA,NA,NA,NA,NA,NA,NA,NA,NA,25,NA,NA,NA,NA,"not selected",NA
"59","Peroryctes raffrayana","Peroryctes raffrayana",NA,NA,NA,NA,NA,NA,NA,NA,NA,NA,NA,NA,NA,NA,"Peroryctes_raffrayana","65628","Peroryctes raffrayana","mPerRaf","Peroryctes","Chordata","Metazoa","Eukaryota",NA,NA,NA,NA,NA,NA,NA,NA,NA,16642,4.46484375,4356990000,NA,NA,14,7,2,NA,NA,NA,NA,NA,NA,NA,NA,NA,NA,NA,NA,NA,NA,"Raffray's bandicoot","Peroryctidae","Mammalia","Peramelemorphia",NA,NA,NA,"species",NA,NA,NA,NA,NA,NA,NA,NA,NA,25,NA,NA,NA,NA,"not selected",NA
"60","Chaeropus yirratji","Chaeropus yirratji",NA,NA,NA,NA,NA,NA,NA,NA,NA,NA,NA,NA,NA,NA,"Chaeropus_yirratji","2591619",NA,NA,"Chaeropus","Chordata","Metazoa","Eukaryota",NA,NA,NA,NA,NA,NA,NA,NA,NA,16070,4.453125,4356990000,NA,NA,14,7,2,NA,NA,NA,NA,NA,NA,NA,NA,NA,NA,NA,NA,NA,NA,NA,"Peramelidae","Mammalia","Peramelemorphia",NA,NA,NA,"species",NA,NA,NA,NA,NA,NA,NA,NA,NA,25,NA,NA,NA,NA,"not selected",NA
"61","Chaeropus ecaudatus","Chaeropus ecaudatus",NA,NA,NA,NA,NA,NA,NA,NA,NA,NA,NA,NA,NA,NA,"Chaeropus_ecaudatus","92649","Chaeropus occidentalis","mChaEca","Chaeropus","Chordata","Metazoa","Eukaryota",NA,NA,NA,NA,NA,NA,NA,NA,NA,16070,4.453125,4356990000,NA,NA,14,7,2,NA,NA,NA,NA,NA,NA,NA,NA,NA,NA,NA,NA,NA,NA,"pig-footed bandicoot","Peramelidae","Mammalia","Peramelemorphia",NA,NA,NA,"species",NA,NA,NA,NA,NA,NA,NA,NA,NA,25,NA,NA,NA,NA,"not selected",NA
"62","Isoodon peninsulae","Isoodon peninsulae",NA,NA,NA,NA,NA,NA,NA,NA,NA,NA,NA,NA,NA,NA,"Isoodon_peninsulae","2767847",NA,NA,"Isoodon","Chordata","Metazoa","Eukaryota",NA,NA,NA,NA,NA,NA,NA,NA,NA,16852,4.64453125,4542810000,NA,NA,14,7,2,NA,NA,NA,NA,NA,NA,NA,NA,NA,NA,NA,NA,NA,NA,NA,"Peramelidae","Mammalia","Peramelemorphia",NA,NA,NA,"species",NA,NA,NA,NA,NA,NA,NA,NA,NA,25,NA,NA,NA,NA,"not selected",NA
"63","Isoodon fusciventer","Isoodon fusciventer",NA,NA,NA,NA,NA,NA,NA,NA,NA,NA,NA,NA,NA,NA,"Isoodon_fusciventer","120743","Isoodon fusciventer","mIsoFus","Isoodon","Chordata","Metazoa","Eukaryota",NA,NA,NA,NA,NA,NA,NA,NA,NA,16852,4.64453125,4542810000,NA,NA,14,7,2,NA,NA,NA,NA,NA,NA,NA,NA,NA,NA,NA,NA,NA,NA,NA,"Peramelidae","Mammalia","Peramelemorphia",NA,NA,NA,"species",NA,NA,NA,NA,NA,NA,NA,NA,NA,25,NA,NA,NA,NA,"not selected",NA
"64","Isoodon auratus","Isoodon auratus",NA,NA,NA,NA,NA,NA,NA,NA,NA,NA,NA,NA,NA,NA,"Isoodon_auratus","120734","Isoodon auratus","mIsoAur","Isoodon","Chordata","Metazoa","Eukaryota",NA,NA,NA,NA,NA,NA,NA,NA,NA,16852,4.64453125,4542810000,NA,NA,14,7,2,NA,NA,NA,NA,NA,NA,NA,NA,NA,NA,NA,NA,NA,NA,"golden bandicoot","Peramelidae","Mammalia","Peramelemorphia",NA,NA,NA,"species",NA,NA,NA,NA,NA,NA,NA,NA,NA,25,NA,NA,NA,NA,"not selected",NA
"65","Isoodon macrourus","Isoodon macrourus",NA,NA,NA,NA,NA,NA,NA,NA,NA,NA,NA,NA,NA,NA,"Isoodon_macrourus","37698","Isoodon macrourus","mIsoMac","Isoodon","Chordata","Metazoa","Eukaryota",NA,NA,NA,NA,NA,NA,2023-04-03,NA,NA,16852,4.671875,4567260000,NA,NA,14,7,2,NA,NA,NA,NA,NA,NA,NA,NA,NA,NA,NA,NA,NA,NA,"Northern brown bandicoot","Peramelidae","Mammalia","Peramelemorphia",NA,NA,NA,"species",NA,NA,NA,NA,NA,NA,NA,NA,NA,25,NA,NA,NA,NA,"not selected",NA
"66","Isoodon obesulus","Isoodon obesulus",NA,NA,NA,NA,NA,NA,NA,NA,NA,NA,NA,NA,NA,NA,"Isoodon_obesulus","65612","Isoodon obesulus","mIsoObe","Isoodon","Chordata","Metazoa","Eukaryota",NA,NA,NA,NA,NA,NA,NA,NA,NA,16852,4.62109375,4518360000,NA,NA,14,7,2,NA,NA,NA,NA,NA,NA,NA,NA,NA,NA,NA,NA,NA,NA,"Southern brown bandicoot","Peramelidae","Mammalia","Peramelemorphia",NA,NA,NA,"species",NA,NA,NA,NA,NA,NA,NA,NA,NA,25,NA,NA,NA,NA,"not selected",NA
"67","Perameles bougainville","Perameles bougainville",NA,NA,NA,NA,NA,NA,NA,NA,NA,NA,NA,NA,NA,NA,"Perameles_bougainville","120735","Perameles bougainville","mPerBou","Perameles","Chordata","Metazoa","Eukaryota",NA,NA,NA,NA,NA,NA,NA,NA,NA,16070,4.453125,4356990000,NA,NA,14,7,2,NA,NA,"in_progress",NA,NA,NA,NA,NA,NA,NA,NA,NA,NA,NA,"western barred bandicoot","Peramelidae","Mammalia","Peramelemorphia",NA,NA,NA,"species",NA,NA,NA,NA,NA,NA,NA,NA,NA,25,NA,NA,NA,NA,"not selected",NA
"68","Perameles eremiana","Perameles eremiana",NA,NA,NA,NA,NA,NA,NA,NA,NA,NA,NA,NA,NA,NA,"Perameles_eremiana","1031274","Perameles eremiana","mPerEre","Perameles","Chordata","Metazoa","Eukaryota",NA,NA,NA,NA,NA,NA,NA,NA,NA,16070,4.453125,4356990000,NA,NA,14,7,2,NA,NA,NA,NA,NA,NA,NA,NA,NA,NA,NA,NA,NA,NA,"Desert bandicoot","Peramelidae","Mammalia","Peramelemorphia",NA,NA,NA,"species",NA,NA,NA,NA,NA,NA,NA,NA,NA,25,NA,NA,NA,NA,"not selected",NA
"69","Perameles gunnii","Perameles gunnii",NA,NA,NA,NA,NA,NA,NA,NA,NA,NA,NA,NA,NA,NA,"Perameles_gunnii","37737","Perameles gunnii","mPerGun","Perameles","Chordata","Metazoa","Eukaryota",NA,NA,NA,NA,NA,NA,NA,NA,NA,16070,4.421875,4322760000,NA,NA,14,7,2,NA,NA,"in_progress",NA,NA,NA,NA,NA,NA,NA,NA,NA,NA,NA,"Eastern barred bandicoot","Peramelidae","Mammalia","Peramelemorphia",NA,NA,NA,"species",NA,NA,NA,NA,NA,NA,NA,NA,NA,25,NA,NA,NA,NA,"not selected",NA
"70","Perameles nasuta","Perameles nasuta",NA,NA,NA,NA,NA,NA,NA,NA,NA,NA,NA,NA,NA,NA,"Perameles_nasuta","9344","Perameles nasuta","mPerNau","Perameles","Chordata","Metazoa","Eukaryota",NA,NA,NA,NA,NA,NA,NA,NA,NA,16070,4.48828125,4391220000,NA,NA,14,7,2,NA,NA,NA,NA,NA,NA,NA,NA,NA,NA,NA,NA,NA,NA,"Long-nosed bandicoot","Peramelidae","Mammalia","Peramelemorphia",NA,NA,NA,"species",NA,NA,NA,NA,NA,NA,NA,NA,NA,25,NA,NA,NA,NA,"not selected",NA
"71","Macrotis lagotis","Macrotis lagotis",NA,NA,NA,NA,NA,NA,NA,NA,NA,NA,NA,NA,NA,NA,"Macrotis_lagotis","92651","Macrotis lagotis","mMacLag","Macrotis","Chordata","Metazoa","Eukaryota",NA,NA,NA,NA,NA,NA,2023-04-03,NA,NA,15289,4.2890625,4195620000,NA,NA,18,9,2,NA,NA,"in_progress",NA,NA,NA,NA,NA,NA,NA,NA,NA,NA,NA,"Rabbit-eared bandicoot, bilby","Peramelidae","Mammalia","Peramelemorphia",NA,NA,NA,"species",NA,NA,NA,NA,NA,NA,NA,NA,NA,25,NA,NA,NA,NA,"not selected",NA
"72","Macrotis leucura","Macrotis leucura",NA,NA,NA,NA,NA,NA,NA,NA,NA,NA,NA,NA,NA,NA,"Macrotis_leucura","2932461",NA,NA,"Macrotis","Chordata","Metazoa","Eukaryota",NA,NA,NA,NA,NA,NA,NA,NA,NA,15289,4.2890625,4195620000,NA,NA,18,9,2,NA,NA,NA,NA,NA,NA,NA,NA,NA,NA,NA,NA,NA,NA,NA,"Peramelidae","Mammalia","Peramelemorphia",NA,NA,NA,"species",NA,NA,NA,NA,NA,NA,NA,NA,NA,25,NA,NA,NA,NA,"not selected",NA
"73","Manis pentadactyla","Manis pentadactyla",NA,NA,NA,NA,NA,NA,NA,NA,NA,NA,NA,NA,NA,NA,"Manis_pentadactyla","143292","Manis pentadactyla","mManPen","Manis","Chordata","Metazoa","Eukaryota","Chromosome","SAMN01943338;SAMN11464812;SAMN27189572;SAMN32757332",149551276,NA,25547713,31161,2023-05-23,NA,NA,16578,2.90234375,2796468750,NA,NA,34,17,2,"EBP;PRJNA20331;PRJNA529513;PRJNA822507;PRJNA924339;PRJNA924340;PRJNA972736;VGP",NA,"insdc_open",NA,NA,NA,NA,NA,NA,NA,NA,NA,NA,NA,"Chinese pangolin","Manidae","Mammalia","Pholidota",NA,NA,NA,"species",NA,NA,NA,NA,NA,NA,NA,NA,NA,17,NA,NA,NA,NA,"not selected",NA
"74","Tamandua tetradactyla","Tamandua tetradactyla",NA,NA,NA,NA,NA,NA,NA,NA,NA,NA,NA,NA,NA,NA,"Tamandua_tetradactyla","48850","Tamandua tetradactyla","mTamTet","Tamandua","Chordata","Metazoa","Eukaryota","Chromosome","SAMN07678112;SAMN12612337",174634624,NA,9869167,NA,2022-06-22,NA,NA,16395,4.109375,4019580000,NA,NA,54,27,2,"EBP;PRJNA399420;PRJNA561939;PRJNA561940;PRJNA848843;VGP;ZOONOMIA",NA,"published",NA,NA,NA,NA,NA,NA,NA,NA,NA,NA,NA,"Southern tamandua","Myrmecophagidae","Mammalia","Pilosa",NA,NA,NA,"species",NA,NA,NA,NA,NA,NA,NA,NA,NA,29,NA,NA,NA,NA,"not selected",NA
"75","Elephas maximus","Elephas maximus",NA,NA,NA,NA,NA,NA,NA,NA,NA,NA,NA,NA,NA,NA,"Elephas_maximus","9783","Elephas asiaticus","mEleMax","Elephas","Chordata","Metazoa","Eukaryota","Scaffold","SAMN14648705;SAMN28571076;SAMN28571077;SAMN28571078;SAMN28571079;SAMN28571080;SAMN29174328",102334419,NA,252430,NA,2023-06-16,94.2,NA,16902,4.03125,3941340000,NA,NA,56,28,2,"EBP;PRJNA622303;PRJNA840935;PRJNA850184;PRJNA850270;PRJNA855931;VGP",NA,"insdc_open",NA,NA,NA,NA,NA,NA,NA,NA,NA,NA,NA,"Asian elephant","Elephantidae","Mammalia","Proboscidea",NA,NA,NA,"species",NA,NA,NA,NA,NA,NA,NA,NA,NA,38,NA,NA,NA,NA,"not selected",NA
"76","Tupaia tana","Tupaia tana",NA,NA,NA,NA,NA,NA,NA,NA,NA,NA,NA,NA,NA,NA,"Tupaia_tana","70687","Tupaia tana","mTupTan","Tupaia","Chordata","Metazoa","Eukaryota","Scaffold","SAMN07678117",112954644,NA,7301848,NA,2022-11-07,NA,NA,16186,3.55078125,3471900000,NA,NA,62,31,2,"EBP;PRJNA399462;PRJNA682446;PRJNA782001;ZOONOMIA",NA,"published",NA,NA,NA,NA,NA,NA,NA,NA,NA,NA,NA,"large tree shrew","Tupaiidae","Mammalia","Scandentia",NA,NA,NA,"species",NA,NA,NA,NA,NA,NA,NA,NA,NA,28,NA,NA,NA,NA,"not selected",NA
"77","Dugong dugon","Dugong dugon",NA,NA,NA,NA,NA,NA,NA,NA,NA,NA,NA,NA,NA,NA,"Dugong_dugon","29137","Dugong dugon dugon","mDugDug","Dugong","Chordata","Metazoa","Eukaryota","Chromosome","SAMD00237432;SAMEA8456941;SAMN33212336",140670990,NA,57632671,NA,2023-05-18,87.5,NA,16850,4.171875,4078260000,NA,NA,56,24,2,"EBP;PRJDB10190;PRJEB43952;PRJNA932812;PRJNA932821;PRJNA970804;VGP",NA,"insdc_open",NA,NA,NA,NA,NA,NA,NA,NA,NA,NA,NA,"dugong","Dugongidae","Mammalia","Sirenia",NA,NA,NA,"species",NA,NA,NA,NA,NA,NA,NA,NA,NA,6,NA,NA,NA,NA,"not selected",NA
"78","Orycteropus afer","Orycteropus afer",NA,NA,NA,NA,NA,NA,NA,NA,NA,NA,NA,NA,NA,NA,"Orycteropus_afer","9818","Myrmecophaga afra","mOryAfe","Orycteropus","Chordata","Metazoa","Eukaryota","Scaffold","SAMN00744890;SAMN07678101",22965,NA,20354,NA,2023-04-03,NA,NA,16816,5.859375,5731080000,NA,NA,20,10,2,"EBP;PRJNA167910;PRJNA399461;PRJNA74587;ZOONOMIA",NA,"published",NA,NA,NA,NA,NA,NA,NA,NA,NA,NA,NA,"Aardvark","Orycteropodidae","Mammalia","Tubulidentata",NA,NA,NA,"species",NA,NA,NA,NA,NA,NA,NA,NA,NA,2,NA,NA,NA,NA,"not selected",NA
