"taxon_id","scientific_name","common_name","alternative_name","genus","subfamily","family","order","class","iucn_category","genome","annotation","zoonomia","samples","sex","cell_line","i_psc","sample","assembly_level","scaffold_n50","contig_n50","gene_count","assembly_date","busco_completeness","genome_size","haploid_number","ploidy","sequencing_status","Annotation.Release","Ensembl.Assembly","Accession"
"433628","Butorides striata","Striated heron,[""green-backed heron""]",NA,"Butorides",NA,"Ardeidae","Pelecaniformes","Birds","LEAST CONCERN",TRUE,FALSE,FALSE,2,"M/M","Fibro",NA,NA,NA,NA,NA,NA,"2023-04-03",NA,1359420000,32,2,NA,NA,NA,NA
"8839","Anas platyrhynchos","Mallard,[""Mallard""]",NA,"Anas",NA,"Anatidae","Anseriformes","Birds","LEAST CONCERN",TRUE,TRUE,FALSE,1,"-","No cell line",NA,NA,"Chromosome",76269206,5679408,25093,"2020-11-23",96.7,1418100000,40,2,"insdc_open","104.0","ASM874695v1","GCA_008746955.1"
"30388","Chauna torquata","Southern screamer,[""southern screamer""]",NA,"Chauna",NA,"Anhimidae","Anseriformes","Birds","LEAST CONCERN",TRUE,FALSE,FALSE,1,"M","Fibro",NA,"Trachea","Scaffold",232486,39550,15083,"2020-07-10",90.5,1364310000,40,2,"insdc_open",NA,NA,NA
"8868","Cygnus atratus","Black swan,[""Black swan""]",NA,"Cygnus",NA,"Anatidae","Anseriformes","Birds","LEAST CONCERN",TRUE,TRUE,FALSE,1,"F","Fibro",NA,"Trachea/Tissue","Chromosome",84552148,28995010,18459,"2022-08-03",97.2,1418100000,40,2,"insdc_open","GCF_013377495.2-RS_2023_02",NA,NA
"75875","Marmaronetta angustirostris","Marbled Teal,[""Marbled teal""]",NA,"Marmaronetta",NA,"Anatidae","Anseriformes","Birds","VULNERABLE",TRUE,FALSE,FALSE,1,"F","No cell line",NA,NA,NA,NA,NA,NA,NA,NA,1349640000,40,2,"in_progress",NA,NA,NA
"541013","Netta peposaca","Rosy-billed Pochard,[""rosy-billed pochard""]",NA,"Netta",NA,"Anatidae","Anseriformes","Birds","LEAST CONCERN",TRUE,FALSE,FALSE,1,"F","No cell line",NA,"Tissue (trachea)",NA,NA,NA,NA,NA,NA,1349640000,41,2,"in_progress",NA,NA,NA
"30387","Netta rufina","Red-crested Pochard,[""Red-crested Pochard""]",NA,"Netta",NA,"Anatidae","Anseriformes","Birds","LEAST CONCERN",TRUE,FALSE,FALSE,1,"-","Fibro",NA,"Tissue",NA,NA,NA,NA,"2023-04-03",NA,1349640000,41,2,"in_progress",NA,NA,NA
"197464","Agalychnis callidryas","Red-eyed Treefrog,[""red-eyed leaf frog""]",NA,"Agalychnis",NA,"Hylidae","Anura","Amphibia","LEAST CONCERN",TRUE,FALSE,FALSE,1,NA,"No cell line",NA,"Tissue",NA,NA,NA,NA,NA,NA,6518370000,13,2,NA,NA,NA,NA
"97955","Alytes muletensis","Mallorcan midwife toad,[""Mallorcan midwife toad""]",NA,"Alytes",NA,"Alytidae","Anura","Amphibia","ENDANGERED",TRUE,FALSE,FALSE,1,"U/M","No cell line",NA,"Tissue (skin)",NA,NA,NA,NA,NA,NA,8058720000,14,4,NA,NA,NA,NA
"8895","Apus apus","Common swift,[""Common Swift""]",NA,"Apus",NA,"Apodidae","Apodiformes","Birds","LEAST CONCERN",TRUE,TRUE,FALSE,1,NA,"Fibro",NA,NA,"Chromosome",115508478,25561769,16724,"2021-11-04",NA,1251840000,39,2,"insdc_open","GCF_020740795.1-RS_2023_02",NA,NA
"1160816","Apus pallidus","Pallid Swift,[""Pallid Swift""]",NA,"Apus",NA,"Apodidae","Apodiformes","Birds","LEAST CONCERN",TRUE,FALSE,FALSE,3,"-/-/-","No cell line",NA,NA,NA,NA,NA,NA,NA,NA,1251840000,35,2,"sample_collected",NA,NA,NA
"59515","Addax nasomaculatus","Addax,[""Addax""]",NA,"Addax","Hippotraginae","Bovidae","Artiodactyla","Mammalia","CRITICALLY ENDANGERED",TRUE,FALSE,FALSE,2,NA,"PBMc",NA,"Blood","Scaffold",20757513,17026,NA,"2021-08-13",91.6,3892440000,28,2,"insdc_open",NA,NA,NA
"9897","Aepyceros melampus","Impala,[""Impala""]",NA,"Aepyceros","Aepycerotinae","Bovidae","Artiodactyla","Mammalia","LEAST CONCERN",TRUE,TRUE,TRUE,8,NA,"Fibro",NA,"Tissue (ear)","Scaffold",344542,82459,NA,"2019-06-24",72.2,4586820000,30,2,"insdc_open",NA,NA,NA
"9899","Ammotragus lervia","Barbary Sheep,[""aoudad""]",NA,"Ammotragus","Caprinae","Bovidae","Artiodactyla","Mammalia","VULNERABLE",TRUE,TRUE,TRUE,4,"M/U/M/U","Fibro",NA,"Tissue",NA,NA,NA,NA,"2023-04-03",94.3,3195615000,29,2,NA,NA,NA,NA
"30531","Axis axis","Spotted deer,[""chital""]",NA,"Axis",NA,"Cervidae","Artiodactyla","Mammalia","LEAST CONCERN",TRUE,FALSE,FALSE,1,"F","Fibro",NA,"Tissue",NA,NA,NA,NA,"2023-04-03",NA,3168720000,33,2,NA,NA,NA,NA
"59527","Beatragus hunteri",NA,NA,"Beatragus",NA,"Bovidae","Artiodactyla","Mammalia","CRITICALLY ENDANGERED",TRUE,TRUE,TRUE,1,NA,"Fibro",NA,"Tissue","Scaffold",69303,57444,NA,"2019-01-16",NA,3853320000,19,2,"published",NA,NA,NA
"9902","Bison bonasus","Bison,[""European bison""]",NA,"Bison","Bovinae","Bovidae","Artiodactyla","Mammalia","NEAR THREATENED",TRUE,FALSE,FALSE,3,"F/F/-","Fibro/PBMc",NA,"Blood/Tissue",NA,NA,NA,NA,"2023-04-03",NA,4792200000,30,2,NA,NA,NA,NA
"30521","Bos grunniens","Domestic yak,[""domestic yak""]",NA,"Bos",NA,"Bovidae","Artiodactyla","Mammalia","VULNERABLE",TRUE,TRUE,TRUE,1,"F","Fibro",NA,"Tissue","Chromosome",114386978,44716738,NA,"2019-06-10",NA,3569700000,30,2,"insdc_open",NA,"LU_Bosgru_v3.0","GCA_005887515.1"
"9837","Camelus bactrianus","Bactrian Camel,[""Two-humped camel""]",NA,"Camelus",NA,"Camelidae","Artiodactyla","Mammalia","CRITICALLY ENDANGERED",TRUE,TRUE,TRUE,1,"M","Fibro",NA,"Tissue","Scaffold",8812066,139067,29764,"2014-10-23",92.3,2577030000,35,2,"insdc_open","102.0",NA,NA
"9925","Capra hircus","Domestic goat,[""Domestic goat""]",NA,"Capra",NA,"Bovidae","Artiodactyla","Mammalia","NA",TRUE,TRUE,TRUE,3,"F/M/F","Fibro",NA,"Tissue","Chromosome",87277232,26244591,28911,"2016-08-24",NA,3168720000,30,2,"insdc_open","102.0","ARS1","GCA_001704415.1"
"80419","Capra pyrenaica","Spanish ibex,[""Spanish ibex""]",NA,"Capra",NA,"Bovidae","Artiodactyla","Mammalia","LEAST CONCERN",TRUE,FALSE,FALSE,1,"M","Fibro",NA,"Tissue",NA,NA,NA,NA,"2023-04-03",NA,3163830000,30,2,"sample_acquired",NA,NA,NA
"56798","Hexaprotodon liberiensis","Pygmi Hippopotamus,[""pygmy hippopotamus""]","Choeropsis liberiensis","Hexaprotodon",NA,"Hippopotamidae","Artiodactyla","Mammalia","ENDANGERED",TRUE,FALSE,FALSE,1,"F","Fibro",NA,"Tissue (skin)","Chromosome",142594368,20244513,NA,"2022-04-22",NA,3041580000,18,2,"insdc_open",NA,NA,NA
"59528","Connochaetes gnou","Black Wildebeest,[""black wildebeest""]",NA,"Connochaetes",NA,"Bovidae","Artiodactyla","Mammalia","LEAST CONCERN",TRUE,FALSE,FALSE,1,"M","Fibro",NA,"Tissue",NA,NA,NA,NA,"2023-04-03",NA,3853320000,29,2,NA,NA,NA,NA
"9927","Connochaetes taurinus","Ble Wildebeest,[""brindled gnu""]",NA,"Connochaetes","Alcelaphinae","Bovidae","Artiodactyla","Mammalia","LEAST CONCERN",TRUE,TRUE,TRUE,1,"M","Fibro/PBMc",NA,NA,"Scaffold",366224,70608,NA,"2019-06-24",NA,3853320000,29,2,"insdc_open",NA,NA,NA
"30532","Dama dama","Fallow deer,[""Fallow deer""]",NA,"Dama",NA,"Cervidae","Artiodactyla","Mammalia","LEAST CONCERN",TRUE,FALSE,FALSE,1,"F","Fibro",NA,"Tissue",NA,NA,NA,NA,"2023-04-03",NA,3168720000,34,2,NA,NA,NA,NA
"43332","Elaphurus davidianus","Père David's deer,[""Pere David's deer""]",NA,"Elaphurus",NA,"Cervidae","Artiodactyla","Mammalia","EXTINCT IN THE WILD",TRUE,TRUE,TRUE,3,"F/F/F","Fibro",NA,"Tissue (ear)","Scaffold",3039716,32707,NA,"2021-12-01",94,3168720000,34,2,"insdc_open",NA,NA,NA
"69301","Gazella cuvieri","Cuvier's Gazelle,[""Cuvier's gazelle""]",NA,"Gazella","Antilopinae","Bovidae","Artiodactyla","Mammalia","VULNERABLE",TRUE,FALSE,FALSE,1,"U","Fibro",NA,"Tissue",NA,NA,NA,NA,"2023-04-03",NA,3447450000,16,2,NA,NA,NA,NA
"37751","Gazella dorcas","Dorcas Gazelle,[""Dorcas gazelle""]",NA,"Gazella","Antilopinae","Bovidae","Artiodactyla","Mammalia","VULNERABLE",TRUE,FALSE,FALSE,8,"M/M/F/M/F/M/U/F","Fibro",NA,"tissue (ear)",NA,NA,NA,NA,"2023-04-03",NA,3447450000,15,2,NA,NA,NA,NA
"9894","Giraffa camelopardalis","Cameleopardis giraffe,[""Reticulated giraffe""]",NA,"Giraffa",NA,"Giraffidae","Artiodactyla","Mammalia","VULNERABLE",TRUE,TRUE,TRUE,2,"F/F","Fibro",NA,NA,"Scaffold",3153258,25056,NA,"2023-04-03",NA,2709060000,15,2,"insdc_open",NA,NA,NA
"9840","Lama guanicoe","Guanaco,[""Guanaco""]",NA,"Lama",NA,"Camelidae","Artiodactyla","Mammalia","LEAST CONCERN",TRUE,FALSE,FALSE,3,"F/F/-","Fibro",NA,NA,"Scaffold",14786206,343812,NA,"2023-04-03",NA,3139380000,37,2,"insdc_open",NA,NA,NA
"67940","Nanger dama","Dama Gazelle,[""Dama gazelle""]",NA,"Nanger","Antilopinae","Bovidae","Artiodactyla","Mammalia","CRITICALLY ENDANGERED",TRUE,FALSE,FALSE,14,"F/F/F/F/F/F/F/F/M/M","Fibro",NA,"blood/placenta/ombelical cord","Scaffold",37125998,37125998,NA,"2021-11-18",NA,3403440000,15,2,"insdc_open",NA,NA,NA
"59534","Oryx dammah","Scimitar-horned Oryx,[""scimitar-horned oryx""]",NA,"Oryx","Antilopinae","Bovidae","Artiodactyla","Mammalia","EXTINCT IN THE WILD",TRUE,TRUE,TRUE,3,"F/F/M","Fibro","X","Tissue","Scaffold",100398400,374342,32423,"2020-09-25",NA,3892440000,28,2,"insdc_open","100.0",NA,NA
"9958","Oryx gazella","Gemsbok,[""gemsbok""]","Oryx gazelle","Oryx","Antilopinae","Bovidae","Artiodactyla","Mammalia","LEAST CONCERN",TRUE,TRUE,TRUE,1,"U","Fibro",NA,"Tissue","Scaffold",1579191,19498,NA,"2018-12-14",NA,3892440000,28,2,"insdc_open",NA,NA,NA
"9940","Ovis aries","Mouflon,[""Sheep""]",NA,"Ovis",NA,"Bovidae","Artiodactyla","Mammalia","NA",TRUE,TRUE,TRUE,1,"F","Fibro",NA,"Tissue","Chromosome",101274418,43178051,33801,"2021-02-03",NA,3227400000,27,2,"insdc_open","104.0","Oar_rambouillet_v1.0","GCA_002742125.1"
"273791","Potamochoerus porcus","Red River Hog,[""red river hog""]",NA,"Potamochoerus",NA,"Suidae","Artiodactyla","Mammalia","LEAST CONCERN",TRUE,FALSE,FALSE,2,"M/M","Fibro",NA,"Tissue",NA,NA,NA,NA,"2023-04-03",NA,2885100000,17,2,NA,NA,NA,NA
"9870","Rangifer tarandus","Reindeer,[""Reindeer, caribou""]",NA,"Rangifer",NA,"Cervidae","Artiodactyla","Mammalia","VULNERABLE",TRUE,FALSE,FALSE,1,NA,"Fibro",NA,"Tissue/ovaries","Scaffold",986392,128565,NA,"2023-04-03",NA,3334980000,35,2,"published",NA,NA,NA
"59531","Kobus leche","Kobus leche,[""lechwe""]","Southern lechwe","Kobus","Reduncinae","Bovidae","Artiodactyla","Mammalia","NEAR THREATENED",TRUE,FALSE,FALSE,1,"-","No cell line",NA,"Blood","Scaffold",3233651,66923,NA,"2023-04-03",NA,3853320000,25,2,"insdc_open",NA,NA,NA
"9823","Sus scrofa","Wild boar,[""pig""]",NA,"Sus","Suinae","Suidae","Artiodactyla","Mammalia","LEAST CONCERN",TRUE,TRUE,TRUE,1,"F","Fibro",NA,"Tissue","Chromosome",88231837,48231277,30371,"2017-02-07",NA,2885100000,18,2,"insdc_open","106.0","Sscrofa11.1","GCA_000003025.6"
"69297","Tragelaphus eurycerus","Bongo,[""bongo""]",NA,"Tragelaphus",NA,"Bovidae","Artiodactyla","Mammalia","NEAR THREATENED",TRUE,FALSE,FALSE,2,"F/M","Fibro",NA,"Tissue","Contig",21206903,21206903,NA,"2022-03-28",NA,3853320000,15,2,"insdc_open",NA,NA,NA
"69298","Tragelaphus spekii","Sitatunga,[""Sitatunga""]",NA,"Tragelaphus","Bovinae","Bovidae","Artiodactyla","Mammalia","LEAST CONCERN",TRUE,FALSE,FALSE,2,"-/-","Fibro",NA,"Tissue (placenta/ombelical cordon)",NA,NA,NA,NA,"2023-04-03",NA,3853320000,15,2,NA,NA,NA,NA
"47709","Sargocentron diadema","Crown Squirrelfish,[""crown squirrelfish""]",NA,"Sargocentron",NA,"Holocentridae","Holocentriformes","Fish","LEAST CONCERN",TRUE,FALSE,FALSE,1,"-","No cell line",NA,"Caudal Fin",NA,NA,NA,NA,NA,NA,757950000,23,2,NA,NA,NA,NA
"155086","Bucorvus leadbeateri","Southern ground hornbill,[""southern ground hornbill""]",NA,"Bucorvus",NA,"Bucorvidae","Bucerotiformes","Birds","VULNERABLE",TRUE,FALSE,FALSE,1,"U","Fibro",NA,"Trachea",NA,NA,NA,NA,"2023-04-03",NA,1398540000,44,2,"in_progress",NA,NA,NA
"263684","Carcharhinus amblyrhynchos","Grey Reef Shark,[""Grey reef shark""]",NA,"Carcharhinus",NA,"Carcharhinidae","Carcharhiniformes","Fish","ENDANGERED",TRUE,FALSE,FALSE,1,NA,"No cell line",NA,"Tissue",NA,NA,NA,NA,"2023-04-03",NA,3344760000,39,2,NA,NA,NA,NA
"9646","Ailuropoda melanoleuca","Giant Panda,[""giant panda""]",NA,"Ailuropoda",NA,"Ursidae","Carnivora","Mammalia","VULNERABLE",TRUE,TRUE,TRUE,2,NA,"Fibro",NA,"Tissue","Chromosome",129245720,127687,31335,"2020-04-20",NA,2689500000,21,2,"insdc_open","103.0","ASM200744v2","GCA_002007445.2"
"9649","Ailurus fulgens","Red Panda,[""lesser panda""]",NA,"Ailurus",NA,"Ailuridae","Carnivora","Mammalia","ENDANGERED",TRUE,TRUE,TRUE,5,"F/F/F/M/F","Fibro",NA,"Tissue",NA,NA,NA,NA,"2023-04-03",NA,2854537500,18,2,NA,NA,NA,NA
"452597","Aonyx cinereus","Asian Small-clawed Otter,[""Asian small-clawed otter""]",NA,"Aonyx",NA,"Mustelidae","Carnivora","Mammalia","VULNERABLE",TRUE,TRUE,TRUE,1,"M","No cell line",NA,"Tissue",NA,NA,NA,NA,"2023-04-03",NA,2880210000,19,2,NA,NA,NA,NA
"9612","Canis lupus","Iberian Wolf,[""Timber wolf""]",NA,"Canis",NA,"Canidae","Carnivora","Mammalia","LEAST CONCERN",TRUE,FALSE,FALSE,4,"M/F/F/F","Fibro",NA,"Tissue/Blood","Chromosome",65778685,34375412,NA,"2023-04-03",95.5,2748180000,39,2,"insdc_open",NA,NA,NA
"9678","Crocuta crocuta","Spotted hyena,[""spotted hyena""]",NA,"Crocuta",NA,"Hyaenidae","Carnivora","Mammalia","LEAST CONCERN",TRUE,TRUE,TRUE,1,"M","Fibro",NA,"Tissue","Scaffold",7236831,97873,19698,"2019-10-07",93.5,2738400000,20,2,"insdc_open",NA,NA,NA
"32538","Leopardus pardalis","Ocelot,[""ocelot""]",NA,"Leopardus","Felinae","Felidae","Carnivora","Mammalia","LEAST CONCERN",TRUE,FALSE,FALSE,1,"F","Fibro",NA,NA,NA,NA,NA,NA,"2023-04-03",NA,2963340000,18,2,NA,NA,NA,NA
"9657","Lutra lutra","Eurasian otter,[""Otter""]",NA,"Lutra","Lutrinae","Mustelidae","Carnivora","Mammalia","NEAR THREATENED",TRUE,TRUE,TRUE,2,"M/F","Fibro",NA,"tissue","Chromosome",149004807,30403456,32271,"2020-07-31",94.9,2880210000,19,2,"insdc_open","GCF_902655055.1-RS_2023_03",NA,NA
"210652","Mungos mungo","Banded Mongoose,[""banded mongoose""]",NA,"Mungos",NA,"Herpestidae","Carnivora","Mammalia","LEAST CONCERN",TRUE,TRUE,TRUE,1,"-","Fibro",NA,"Tissue","Scaffold",236501,180702,NA,"2019-01-15",NA,2738400000,18,2,"published",NA,NA,NA
"9666","Mustela lutreola","European mink,[""European mink""]",NA,"Mustela",NA,"Mustelidae","Carnivora","Mammalia","CRITICALLY ENDANGERED",TRUE,FALSE,FALSE,1,"F","Fibro",NA,"Tissue","Chromosome",154078643,83356672,NA,"2023-07-13",NA,2880210000,19,2,"insdc_open",NA,NA,NA
"161932","Otaria byronia","South American Sea Lion,[""South American sea lion""]",NA,"Otaria",NA,"Otariidae","Carnivora","Mammalia","LEAST CONCERN",TRUE,FALSE,FALSE,3,"F/F/F","Fibro",NA,"Tissue","Scaffold",144693000,NA,NA,"2023-04-03",NA,3080700000,18,2,"open",NA,NA,NA
"9689","Panthera leo","Lion,[""African lion""]",NA,"Panthera","Pantherinae","Felidae","Carnivora","Mammalia","VULNERABLE",TRUE,TRUE,TRUE,9,"F/M/F/F/F/F/F","Fibro",NA,"blood","Chromosome",147402474,77781637,32109,"2021-05-13",NA,2885100000,19,2,"insdc_open","100.0","PanLeo1.0","GCA_008795835.1"
"9690","Panthera onca","Jaguar,[""jaguar""]",NA,"Panthera","Pantherinae","Felidae","Carnivora","Mammalia","NEAR THREATENED",TRUE,TRUE,TRUE,4,"F/F","Fibro",NA,"Tissue","Chromosome",132627732,51083,NA,"2023-02-09",NA,2767740000,19,2,"published",NA,NA,NA
"9694","Panthera tigris","Tiger,[""Tiger""]",NA,"Panthera",NA,"Felidae","Carnivora","Mammalia","ENDANGERED",TRUE,TRUE,FALSE,2,"F/M","Fibro",NA,"Tissue (ovary/skin)","Chromosome",146942463,74391967,33598,"2021-05-13",NA,2650380000,19,2,"insdc_open","102.0",NA,NA
"9672","Pteronura brasiliensis","Giant otter,[""giant otter""]",NA,"Pteronura",NA,"Mustelidae","Carnivora","Mammalia","ENDANGERED",TRUE,TRUE,TRUE,1,"F","Fibro",NA,"Tissue (uter/skin)","Scaffold",119023,90879,NA,"2019-01-15",82.7,2880210000,19,2,"published",NA,NA,NA
"37032","Suricata suricatta","Meerkat,[""meerkat""]",NA,"Suricata",NA,"Herpestidae","Carnivora","Mammalia","LEAST CONCERN",TRUE,TRUE,TRUE,4,"F/F/M/-","Fibro",NA,"Tissue","Chromosome",141453419,75409,35499,"2019-07-03",NA,2738400000,18,2,"published","100.0","meerkat_22Aug2017_6uvM2_HiC","GCA_006229205.1"
"9642","Ursus thibetanus","Asiatic Black Bear,[""Asiatic black bear""]",NA,"Ursus",NA,"Ursidae","Carnivora","Mammalia","VULNERABLE",TRUE,FALSE,FALSE,1,"F","Fibro",NA,"Tissue","Scaffold",26803000,145966,NA,"2023-04-03",NA,2689500000,37,2,"insdc_open",NA,NA,NA
"9704","Zalophus californianus","California sea lion,[""California sea lion""]","Zalophus californianos","Zalophus",NA,"Otariidae","Carnivora","Mammalia","LEAST CONCERN",TRUE,TRUE,TRUE,1,"F","Fibro",NA,"Tissue","Chromosome",147124152,32626160,32543,"2020-07-14",NA,3080700000,18,2,"published","101.0","mZalCal1.pri","GCA_009762305.1"
"8790","Dromaius novaehollandiae","Common Emu,[""Emu""]",NA,"Dromaius",NA,"Dromaiidae","Casuariiformes","Birds","LEAST CONCERN",TRUE,TRUE,FALSE,1,"U","No cell line",NA,"Tissue","Scaffold",3305683,172131,18898,"2018-07-26",96.8,1555020000,40,2,"insdc_open","100.0","droNov1","GCA_003342905.1"
"8296","Ambystoma mexicanum","Axolotl,[""Mexican axolotl""]",NA,"Ambystoma",NA,"Ambystomatidae","Caudata","Amphibia","CRITICALLY ENDANGERED",TRUE,FALSE,FALSE,1,NA,"No cell line",NA,"Tissue","Chromosome",1205706733,217996,NA,"2021-04-01",NA,34719000000,14,3,"insdc_open",NA,NA,NA
"342570","Calotriton arnoldi","Montseny Brook newt,[""Montseny brook newt""]",NA,"Calotriton","Pleurodelinae","Salamandridae","Caudata","Amphibia","CRITICALLY ENDANGERED",TRUE,FALSE,FALSE,5,NA,"No cell line",NA,"tongue/head/skin/testicles/frozen tail/trachea",NA,NA,NA,NA,NA,NA,27012360000,12,3,"in_progress",NA,NA,NA
"8319","Pleurodeles waltl","Sharp-ribbed Salamander,[""Spanish ribbed newt""]",NA,"Pleurodeles",NA,"Salamandridae","Caudata","Amphibia","NEAR THREATENED",TRUE,FALSE,FALSE,2,"U","No cell line",NA,"larvae/Trachea","Chromosome",1237754594,45590032,13359,"2022-12-05",NA,20929200000,12,3,"insdc_open",NA,NA,NA
"9739","Tursiops truncatus","Bottlenose dolphin,[""Bottlenose dolphin""]",NA,"Tursiops",NA,"Delphinidae","Artiodactyla","Mammalia","LEAST CONCERN",TRUE,TRUE,TRUE,1,"F","Fibro",NA,"Tissue","Chromosome",108430135,9729386,28904,"2020-03-27",89,3080700000,22,2,"insdc_open","102.0","turTru1","-"
"9749","Delphinapterus leucas","Beluga Whale,[""Beluga""]",NA,"Delphinapterus",NA,"Monodontidae","Artiodactyla","Mammalia","LEAST CONCERN",TRUE,TRUE,TRUE,1,"M","Fibro",NA,"Tissue","Scaffold",31183418,196689,27561,"2019-08-29",90.7,3217620000,22,2,"insdc_open","101.0","ASM228892v3","GCA_002288925.3"
"9728","Delphinus delphis","Common Dolphin,[""Common dolphin""]",NA,"Delphinus",NA,"Delphinidae","Artiodactyla","Mammalia","LEAST CONCERN",TRUE,FALSE,FALSE,1,"M","Fibro",NA,"Tissue","Chromosome",108933991,54231611,NA,"2023-05-24",NA,3080700000,22,2,"insdc_open",NA,NA,NA
"9773","Megaptera novaeangliae","Humpback Whale,[""Humpback whale""]",NA,"Megaptera",NA,"Balaenopteridae","Artiodactyla","Mammalia","LEAST CONCERN",TRUE,TRUE,TRUE,1,"U","Fibro",NA,"Tissue","Scaffold",9138802,12321,NA,"2019-03-06",NA,2865540000,22,2,"insdc_open",NA,NA,NA
"9886","Muntiacus reevesi","Muntiacus reevesi,[""Reeve's Muntjac""]",NA,"Muntiacus",NA,"Cervidae","Artiodactyla","Mammalia","LEAST CONCERN",TRUE,TRUE,TRUE,1,"F","Fibro",NA,NA,"Chromosome",113316579,18600000,26044,"2021-10-05",NA,2924220000,23,2,"insdc_open",NA,NA,NA
"54508","Jacana jacana","Wattled jacana,[""wattled jacana""]",NA,"Jacana",NA,"Jacanidae","Charadriiformes","Birds","LEAST CONCERN",TRUE,FALSE,FALSE,1,"M","Fibro",NA,"Trachea","Scaffold",126631,31221,14651,"2020-07-10",NA,1418100000,41,2,"insdc_open",NA,NA,NA
"9417","Artibeus jamaicensis","Jamaican Fruit-eating Bat,[""Jamaican fruit-eating bat""]",NA,"Artibeus","Stenodermatinae","Phyllostomidae","Chiroptera","Mammalia","LEAST CONCERN",TRUE,TRUE,TRUE,1,"-","No cell line",NA,"Tissue","Scaffold",22092642,22092642,29413,"2021-12-20",NA,2591700000,15,2,"published","GCF_021234435.1-RS_2023_03",NA,NA
"166054","Pteropus lylei","Lyle's flying fox,[""Lyles flying fox""]","Pteropus liley","Pteropus",NA,"Pteropodidae","Chiroptera","Mammalia","VULNERABLE",TRUE,FALSE,FALSE,3,"-/F/F","Fibro",NA,"Tissue/ear",NA,NA,NA,NA,NA,NA,2454780000,19,2,NA,NA,NA,NA
"8928","Ciconia ciconia","White stork,[""White Stork""]",NA,"Ciconia",NA,"Ciconiidae","Ciconiiformes","Birds","LEAST CONCERN",TRUE,FALSE,FALSE,3,"U/U/U","Fibro",NA,"Tissue","Scaffold",84601090,31371,NA,"2023-01-06",NA,1545240000,34,2,"insdc_open",NA,NA,NA
"335483","Eudocimus ruber",NA,NA,"Eudocimus",NA,"Threskiornithidae","Pelecaniformes","Birds","LEAST CONCERN",TRUE,FALSE,FALSE,2,"M/M","Fibro",NA,"Tissue/Trachea",NA,NA,NA,NA,"2023-04-03",NA,1222500000,34,2,"in_progress",NA,NA,NA
"100822","Geronticus eremita","Waldrapp ibis,[""northern bald ibis""]",NA,"Geronticus",NA,"Threskiornithidae","Pelecaniformes","Birds","ENDANGERED",TRUE,FALSE,FALSE,6,"U/M/U/U/F/F","Fibro",NA,NA,NA,NA,NA,NA,NA,NA,1222500000,34,2,NA,NA,NA,NA
"8901","Nycticorax nycticorax","Black-crowned night heron,[""Black-crowned Night Heron""]",NA,"Nycticorax",NA,"Ardeidae","Pelecaniformes","Birds","LEAST CONCERN",TRUE,FALSE,FALSE,6,"M/U/U/M/U","Fibro",NA,"Tissue","Scaffold",3016563,73971,NA,"2022-05-16",NA,1320300000,32,2,"insdc_open",NA,NA,NA
"257867","Platalea leucorodia","Eurasian spoonbill,[""Eurasian Spoonbill""]",NA,"Platalea",NA,"Threskiornithidae","Pelecaniformes","Birds","LEAST CONCERN",TRUE,FALSE,FALSE,2,"M/M","Fibro",NA,NA,NA,NA,NA,NA,"2023-04-03",NA,1222500000,34,2,"in_progress",NA,NA,NA
"52788","Plegadis falcinellus","Glossy Ibis,[""Glossy Ibis""]","Plegasid falcinellus","Plegadis",NA,"Threskiornithidae","Pelecaniformes","Birds","LEAST CONCERN",TRUE,FALSE,FALSE,4,"M/M/-/-","Fibro",NA,NA,NA,NA,NA,NA,NA,NA,1222500000,25,2,"in_progress",NA,NA,NA
"100858","Threskiornis aethiopicus","Sacred ibis,[""Sacred ibis""]",NA,"Threskiornis",NA,"Threskiornithidae","Pelecaniformes","Birds","LEAST CONCERN",TRUE,FALSE,FALSE,1,"U","Fibro",NA,"Tissue/Trachea","Scaffold",90113662,32973,NA,"2023-02-10",NA,1222500000,34,2,"insdc_open",NA,NA,NA
"498209","Ixobrychus minutus","Little bittern,[""Bittern, Little""]",NA,"Ixobrychus",NA,"Ardeidae","Pelecaniformes","Birds","LEAST CONCERN",TRUE,FALSE,FALSE,1,"F","No cell line",NA,"Trachea",NA,NA,NA,NA,NA,NA,1359420000,32,2,"in_progress",NA,NA,NA
"371920","Platalea ajaja",NA,NA,"Platalea",NA,"Threskiornithidae","Pelecaniformes","Birds","LEAST CONCERN",TRUE,FALSE,FALSE,1,"M","No cell line",NA,"Trachea",NA,NA,NA,NA,NA,NA,1222500000,36,2,"in_progress",NA,NA,NA
"184585","Engraulis encrasicolus","European anchovy,[""European anchovy""]",NA,"Engraulis",NA,"Engraulidae","Clupeiformes","Fish","LEAST CONCERN",TRUE,FALSE,FALSE,1,NA,"No cell line",NA,"Tissue",NA,NA,NA,NA,"2023-04-03",NA,1537905000,24,2,NA,NA,NA,NA
"57412","Colius striatus","Speckled Mousebird,[""speckled mousebird""]",NA,"Colius",NA,"Coliidae","Coliiformes","Birds","LEAST CONCERN",TRUE,TRUE,FALSE,2,"U/M","Fibro",NA,"Trachea","Scaffold",46063,25860,15163,"2014-05-13",83.7,1437660000,38,2,"insdc_open","100.0",NA,NA
"187106","Caloenas nicobarica","Nicobar pigeon,[""Nicobar pigeon""]",NA,"Caloenas",NA,"Columbidae","Columbiformes","Birds","NEAR THREATENED",TRUE,FALSE,FALSE,1,"F","No cell line",NA,"Trachea","Scaffold",20885367,72340,15520,"2020-07-10",NA,1506120000,40,2,"insdc_open",NA,NA,NA
"8932","Columba livia","Rock Dove,[""Rock Dove""]",NA,"Columba",NA,"Columbidae","Columbiformes","Birds","LEAST CONCERN",TRUE,TRUE,FALSE,1,"-","No cell line",NA,"Tissue","Scaffold",14233134,26627,21046,"2017-12-13",96.8,1442550000,40,2,"insdc_open","102.0",NA,NA
"8934","Columba palumbus","Common Woodpigeon,[""Common Wood Pigeon""]",NA,"Columba",NA,"Columbidae","Columbiformes","Birds","LEAST CONCERN",TRUE,FALSE,FALSE,1,"-","No cell line",NA,"Tissue",NA,NA,NA,NA,NA,NA,1442550000,39,2,"sample_collected",NA,NA,NA
"187121","Gallicolumba luzonica",NA,NA,"Gallicolumba",NA,"Columbidae","Columbiformes","Birds","NEAR THREATENED",TRUE,FALSE,FALSE,3,"M/M","Fibro",NA,"Trachea",NA,NA,NA,NA,NA,NA,1440105000,38,2,NA,NA,NA,NA
"187138","Ptilinopus melanospilus","Black-naped Fruit-dove,[""black-naped fruit-dove""]",NA,"Ptilinopus",NA,"Columbidae","Columbiformes","Birds","NA",TRUE,FALSE,FALSE,1,"F","Fibro",NA,"Tissue",NA,NA,NA,NA,NA,NA,1437660000,38,2,"in_progress",NA,NA,NA
"177147","Streptopelia decaocto","Eurasian Collared-dove,[""Eurasian Collared Dove""]",NA,"Streptopelia",NA,"Columbidae","Columbiformes","Birds","LEAST CONCERN",TRUE,FALSE,FALSE,1,"-","Fibro",NA,"Tissue",NA,NA,NA,NA,"2023-04-03",NA,1290960000,38,2,"in_progress",NA,NA,NA
"115709","Zenaida graysoni","Socorro dove,[""Socorro dove""]",NA,"Zenaida",NA,"Columbidae","Columbiformes","Birds","EXTINCT IN THE WILD",TRUE,FALSE,FALSE,1,"F","Fibro",NA,"Tissue",NA,NA,NA,NA,NA,NA,1378980000,38,2,NA,NA,NA,NA
"8939","Dacelo novaeguineae","Laughing kookaburra,[""Laughing kookaburra""]",NA,"Dacelo",NA,"Alcedinidae","Coraciiformes","Birds","LEAST CONCERN",TRUE,FALSE,FALSE,1,"F","No cell line",NA,"Trachea",NA,NA,NA,NA,NA,NA,1457220000,38,2,"in_progress",NA,NA,NA
"170866","Halcyon malimbica",NA,NA,"Halcyon",NA,"Alcedinidae","Coraciiformes","Birds","LEAST CONCERN",TRUE,FALSE,FALSE,1,"M","No cell line",NA,"Tissue","Scaffold",63048,26796,NA,"2022-08-01",NA,1545240000,38,2,"insdc_open",NA,NA,NA
"184239","Crocodylus rhombifer","Cuban Crocodile,[""Cuban crocodile""]","Crocodylus rhombifer","Crocodylus",NA,"Crocodylidae","Crocodylia","Reptil","CRITICALLY ENDANGERED",TRUE,FALSE,FALSE,1,"F","Fibro",NA,"Trachea",NA,NA,NA,NA,"2023-04-03",NA,2777520000,15,2,NA,NA,NA,NA
"184242","Osteolaemus tetraspis","Dwarf crocodile,[""dwarf crocodile""]",NA,"Osteolaemus",NA,"Crocodylidae","Crocodylia","Reptil","VULNERABLE",TRUE,FALSE,FALSE,1,"F","Fibro",NA,"Trachea",NA,NA,NA,NA,"2023-04-03",NA,2777520000,19,2,NA,NA,NA,NA
"84099","Paleosuchus palpebrosus","Dwarf caiman,[""Cuvier's dwarf caiman""]","Paleosunchus palpebrosus","Paleosuchus","Caimaninae","Alligatoridae","Crocodylia","Reptil","LEAST CONCERN",TRUE,FALSE,FALSE,1,NA,"No cell line",NA,"Trachea",NA,NA,NA,NA,"2023-04-03",NA,3290970000,21,2,NA,NA,NA,NA
"103959","Musophaga violacea","Violet turaco,[""violet turaco""]",NA,"Musophaga",NA,"Musophagidae","Musophagiformes","Birds","LEAST CONCERN",TRUE,FALSE,FALSE,1,"M","Fibro",NA,"Trachea",NA,NA,NA,NA,NA,NA,1396095000,41,2,NA,NA,NA,NA
"121530","Tauraco erythrolophus","Red-crested turaco,[""red-crested turaco""]",NA,"Tauraco",NA,"Musophagidae","Musophagiformes","Birds","LEAST CONCERN",TRUE,TRUE,FALSE,1,"F","No cell line",NA,"Trachea","Scaffold",56334,22885,15194,"2014-06-25",91.1,1396095000,41,2,"insdc_open","100.0",NA,NA
"119416","Tauraco leucotis","White-cheeked turaco,[""white-cheeked turaco""]",NA,"Tauraco",NA,"Musophagidae","Musophagiformes","Birds","LEAST CONCERN",TRUE,FALSE,FALSE,1,"F","No cell line",NA,"Trachea",NA,NA,NA,NA,NA,NA,1396095000,41,2,NA,NA,NA,NA
"1960652","Notamacropus rufogriseus","Red-necked Wallaby,[""red-necked wallaby""]","Macropus rufogriseus","Notamacropus",NA,"Macropodidae","Diprotodontia","Mammalia","LEAST CONCERN",TRUE,FALSE,FALSE,6,"M/M/M/F/U/M","Fibro",NA,NA,NA,NA,NA,NA,NA,NA,4371659999,8,2,NA,NA,NA,NA
"9321","Osphranter rufus","Red kangaroo,[""Red kangaroo""]","Macropus rufus","Osphranter",NA,"Macropodidae","Diprotodontia","Mammalia","LEAST CONCERN",TRUE,FALSE,FALSE,2,"M/U","Fibro",NA,"Tissue",NA,NA,NA,NA,NA,NA,3061140000,10,2,NA,NA,NA,NA
"9325","Petrogale xanthopus","Yellow-footed Rock Wallaby,[""ring-tailed rock wallaby""]",NA,"Petrogale","Macropodinae","Macropodidae","Diprotodontia","Mammalia","NEAR THREATENED",TRUE,FALSE,FALSE,1,"M","Fibro",NA,"Tissue",NA,NA,NA,NA,NA,NA,3970680000,8,2,NA,NA,NA,NA
"9365","Erinaceus europaeus","West European Hedgehog,[""Hedgehog""]",NA,"Erinaceus","Erinaceinae","Erinaceidae","Eulipotyphla","Mammalia","LEAST CONCERN",TRUE,TRUE,TRUE,1,NA,"No cell line",NA,"Tissue","Scaffold",3264618,21359,22762,"2012-09-19",NA,3579480000,24,2,"insdc_open","101.0","eriEur1","-"
"109475","Suncus etruscus","Etruscan Shrew,[""white-toothed pygmy shrew""]",NA,"Suncus","Crocidurinae","Soricidae","Eulipotyphla","Mammalia","LEAST CONCERN",TRUE,TRUE,FALSE,1,NA,"No cell line",NA,"Tissue","Chromosome",131952995,5042816,39091,"2022-07-06",NA,2577030000,21,2,"insdc_open","GCF_024139225.1-RS_2023_02",NA,NA
"148594","Falco naumanni","Lesser Kestrel,[""Lesser Kestrel""]",NA,"Falco",NA,"Falconidae","Falconiformes","Birds","LEAST CONCERN",TRUE,TRUE,FALSE,2,"F/F","No cell line",NA,"Tissue/Trachea","Chromosome",91761059,13754753,19775,"2021-03-30",97.1,1403430000,26,2,"insdc_open","100.0",NA,NA
"9031","Gallus gallus","Domestic chicken,[""Domestic chicken""]",NA,"Gallus",NA,"Phasianidae","Galliformes","Birds","LEAST CONCERN",TRUE,TRUE,TRUE,1,"M","Fibro",NA,"Tissue","Chromosome",90861225,18834961,25635,"2021-01-19",96.6,1237170000,39,2,"insdc_open","106.0","bGalGal1.mat.broiler.GRCg7b","GCA_016699485.1"
"9043","Lophura edwardsi","Vietnam pheasant,[""Edwards's pheasant""]",NA,"Lophura",NA,"Phasianidae","Galliformes","Birds","CRITICALLY ENDANGERED",TRUE,FALSE,FALSE,1,"U","Fibro",NA,"Trachea",NA,NA,NA,NA,NA,NA,1237170000,27,2,NA,NA,NA,NA
"30403","Polyplectron napoleonis",NA,NA,"Polyplectron",NA,"Phasianidae","Galliformes","Birds","VULNERABLE",TRUE,FALSE,FALSE,2,"F/M","Fibro",NA,"Trachea",NA,NA,NA,NA,"2023-04-03",NA,1237170000,27,2,"in_progress",NA,NA,NA
"30414","Balearica pavonina","Black Crowned Crane,[""Black (W. African) crowned crane""]",NA,"Balearica",NA,"Gruidae","Gruiformes","Birds","VULNERABLE",TRUE,FALSE,FALSE,1,"U","No cell line",NA,NA,NA,NA,NA,NA,"2023-04-03",NA,1462110000,40,2,NA,NA,NA,NA
"54383","Eurypyga helias","Sunbittern,[""sunbittern""]",NA,"Eurypyga",NA,"Eurypygidae","Gruiformes","Birds","LEAST CONCERN",TRUE,TRUE,FALSE,1,"F","No cell line",NA,"Tissue","Scaffold",47243,24402,15021,"2014-05-13",84.60000000000001,1388760000,40,2,"insdc_open","100.0",NA,NA
"9123","Gallinula chloropus","Common Moorhen,[""Common Moorhen""]",NA,"Gallinula",NA,"Rallidae","Gruiformes","Birds","LEAST CONCERN",TRUE,FALSE,FALSE,2,"U/U","No cell line",NA,NA,NA,NA,NA,NA,"2023-04-03",NA,1496340000,39,2,"in_progress",NA,NA,NA
"54359","Psophia crepitans","Grey-winged Trumpeter,[""common trumpeter""]",NA,"Psophia",NA,"Psophiidae","Gruiformes","Birds","NEAR THREATENED",TRUE,FALSE,FALSE,1,"F","Fibro",NA,"Tissue","Scaffold",468890,58160,15289,"2020-07-10",96.4,1388760000,40,2,"insdc_open",NA,NA,NA
"52644","Haliaeetus leucocephalus","Bald Eagle,[""Bald Eagle""]",NA,"Haliaeetus",NA,"Accipitridae","Accipitriformes","Birds","LEAST CONCERN",TRUE,TRUE,FALSE,1,"M","Fibro",NA,"Tissue","Scaffold",9145499,105493,15655,"2014-08-04",96.9,1398540000,33,2,"insdc_open","100.0",NA,NA
"109274","Hippocampus abdominalis","Pot-bellied Seahorse,[""Big-belly seahorse""]",NA,"Hippocampus",NA,"Syngnathidae","Syngnathiformes","Fish","LEAST CONCERN",TRUE,FALSE,FALSE,2,NA,"No cell line",NA,"Lower lobe of Caudal fin/ whole specimen","Chromosome",21766359,8410403,NA,"2021-05-25",95.9,567240000,22,2,"insdc_open",NA,NA,NA
"9813","Procavia capensis","Rock hyrax,[""Rock hyrax""]",NA,"Procavia",NA,"Procaviidae","Hyracoidea","Mammalia","LEAST CONCERN",TRUE,TRUE,TRUE,1,"F","Fibro",NA,"Tissue","Scaffold",905827,35792,NA,"2014-12-16",93.1,3970679999,27,2,"published",NA,"proCap1","-"
"137246","Chiloscyllium punctatum","Grey Carpetshark,[""Brownbanded bamboo shark""]",NA,"Chiloscyllium",NA,"Hemiscylliidae","Orectolobiformes","Fish","NEAR THREATENED",TRUE,FALSE,FALSE,1,"F","No cell line",NA,"Tissue","Scaffold",1963924,21276,33501,"2018-08-02",NA,4459680000,36,2,"insdc_open",NA,NA,NA
"7801","Ginglymostoma cirratum","Nurse shark,[""Nurse shark""]",NA,"Ginglymostoma",NA,"Ginglymostomatidae","Orectolobiformes","Fish","VULNERABLE",TRUE,FALSE,FALSE,1,"F","No cell line",NA,"Tissue/uter","Scaffold",40366410,55429,NA,"2022-06-30",NA,3814200000,36,2,"insdc_open",NA,NA,NA
"170820","Hemiscyllium ocellatum","Epaulette Shark,[""Epaulette shark""]",NA,"Hemiscyllium",NA,"Hemiscylliidae","Orectolobiformes","Fish","LEAST CONCERN",TRUE,FALSE,FALSE,1,"F","No cell line",NA,"Tissue","Chromosome",83580160,8845575,NA,"2021-11-05",NA,5388780000,36,2,"insdc_open",NA,NA,NA
"37600","Carduelis carduelis","European Goldfinch,[""European Goldfinch""]",NA,"Carduelis",NA,"Fringillidae","Passeriformes","Birds","LEAST CONCERN",TRUE,FALSE,FALSE,1,"-","No cell line",NA,"Tissue",NA,NA,NA,NA,NA,NA,1330080000,41,2,NA,NA,NA,NA
"37601","Chloris chloris","European Greenfinch,[""European Greenfinch""]",NA,"Chloris",NA,"Fringillidae","Passeriformes","Birds","LEAST CONCERN",TRUE,FALSE,FALSE,1,"-","No cell line",NA,"Tissue",NA,NA,NA,NA,NA,NA,1330080000,40,2,"in_progress",NA,NA,NA
"88116","Delichon urbicum","Northern House Martin,[""Common House Martin""]",NA,"Delichon",NA,"Hirundinidae","Passeriformes","Birds","LEAST CONCERN",TRUE,FALSE,FALSE,1,"-","No cell line",NA,"Tissue",NA,NA,NA,NA,"2023-04-03",NA,1344750000,36,2,"in_progress",NA,NA,NA
"46689","Ficedula hypoleuca","European pied flycatcher,[""European Pied Flycatcher""]",NA,"Ficedula",NA,"Muscicapidae","Passeriformes","Birds","LEAST CONCERN",TRUE,FALSE,FALSE,1,"M","No cell line",NA,"Tissue",NA,NA,NA,NA,NA,NA,1234725000,40,2,"in_progress",NA,NA,NA
"43150","Hirundo rustica","Barb Swallow,[""Barn Swallow""]",NA,"Hirundo",NA,"Hirundinidae","Passeriformes","Birds","LEAST CONCERN",TRUE,TRUE,FALSE,1,"-","No cell line",NA,"Tissue","Chromosome",76187387,2794774,18578,"2021-11-30",95.2,1281180000,40,2,"insdc_open","100.0",NA,NA
"245042","Lamprotornis superbus",NA,NA,"Lamprotornis",NA,"Sturnidae","Passeriformes","Birds","LEAST CONCERN",TRUE,FALSE,FALSE,1,"M","No cell line",NA,"Tissue","Chromosome",72276715,150307,15207,"2022-03-24",95.9,1193160000,40,2,"insdc_open",NA,NA,NA
"187436","Lanius senator","Woodchat Shrike,[""Woodchat Shrike""]",NA,"Lanius",NA,"Laniidae","Passeriformes","Birds","LEAST CONCERN",TRUE,FALSE,FALSE,1,NA,"No cell line",NA,"Trachea",NA,NA,NA,NA,NA,NA,1212720000,38,2,"in_progress",NA,NA,NA
"241745","Scissirostrum dubium","Grosbeak Starling,[""finch-billed myna""]",NA,"Scissirostrum",NA,"Sturnidae","Passeriformes","Birds","LEAST CONCERN",TRUE,FALSE,FALSE,3,"/U/F","Fibro",NA,"Tissue (skin)",NA,NA,NA,NA,NA,NA,1281180000,40,2,"in_progress",NA,NA,NA
"87756","Diplodus vulgaris","Seabream,[""Common two-banded seabream""]",NA,"Diplodus",NA,"Sparidae","Spariformes","Fish","LEAST CONCERN",TRUE,FALSE,FALSE,1,NA,"No cell line",NA,"Aleta Caudal",NA,NA,NA,NA,NA,NA,557460000,24,2,NA,NA,NA,NA
"9807","Ceratotherium simum","Southern white rhinoceros,[""white rhinoceros""]",NA,"Ceratotherium",NA,"Rhinocerotidae","Perissodactyla","Mammalia","NEAR THREATENED",TRUE,FALSE,FALSE,1,"-","PBMc",NA,"Blood","Chromosome",67555069,50391373,NA,"2023-04-03",NA,3266520000,41,2,"insdc_open",NA,NA,NA
"9796","Equus caballus","Przewalski's horse,[""Horse""]",NA,"Equus",NA,"Equidae","Perissodactyla","Mammalia","ENDANGERED",TRUE,TRUE,TRUE,1,"F","Fibro",NA,"Placenta/ Umbilical Cordon","Chromosome",87230776,1502753,33146,"2018-01-05",NA,3110040000,32,2,"insdc_open","103.0","EquCab3.0","GCA_002863925.1"
"89248","Equus quagga",NA,"Equus quagga","Equus",NA,"Equidae","Perissodactyla","Mammalia","NEAR THREATENED",TRUE,TRUE,FALSE,2,"tigris","Fibro",NA,NA,"Chromosome",122556673,427941,27599,"2022-01-31",NA,3481680000,22,2,"insdc_open","GCF_021613505.1-RS_2023_03",NA,NA
"1114792","Equus ferus","Monchio Horse,[""tarpan""]","Monchino horse","Equus",NA,"Equidae","Perissodactyla","Mammalia","NA",TRUE,FALSE,FALSE,2,NA,"PBMc",NA,"Blood",NA,NA,NA,NA,NA,NA,3481680000,28,2,NA,NA,NA,NA
"435638","Phoenicopterus roseus","Greater Flamingo,[""Greater Flamingo""]",NA,"Phoenicopterus",NA,"Phoenicopteridae","Phoenicopteriformes","Birds","LEAST CONCERN",TRUE,FALSE,FALSE,1,"F","No cell line",NA,"Tissue",NA,NA,NA,NA,"2023-04-03",NA,1354530000,40,2,"in_progress",NA,NA,NA
"9217","Phoenicopterus ruber","American flamingo,[""Greater flamingo""]",NA,"Phoenicopterus",NA,"Phoenicopteridae","Phoenicopteriformes","Birds","LEAST CONCERN",TRUE,FALSE,FALSE,1,"M","No cell line",NA,"Trachea","Chromosome",85472901,14700712,NA,"2023-04-03",NA,1354530000,40,2,"insdc_open",NA,NA,NA
"95723","Ramphastos toco","Toco toucan,[""Toco toucan""]",NA,"Ramphastos",NA,"Ramphastidae","Piciformes","Birds","LEAST CONCERN",TRUE,FALSE,FALSE,1,"M","Fibro",NA,"Tissue",NA,NA,NA,NA,NA,NA,1760400000,53,2,"sample_collected",NA,NA,NA
"71006","Myrmecophaga tridactyla","Giant Anteater,[""Giant anteater""]",NA,"Myrmecophaga",NA,"Myrmecophagidae","Pilosa","Mammalia","VULNERABLE",TRUE,TRUE,TRUE,2,"U/F","Fibro",NA,"Fetal Sample","Scaffold",41255,36434,NA,"2019-01-16",NA,4224960000,30,2,"published",NA,NA,NA
"9531","Cercocebus atys","White-naped Mangabey,[""Mangabey""]",NA,"Cercocebus",NA,"Cercopithecidae","Primates","Mammalia","ENDANGERED",TRUE,TRUE,TRUE,6,"F/M/F/M/F/F","Fibro",NA,NA,"Scaffold",12849131,112942,30556,"2015-03-19",NA,3657720000,21,2,"insdc_open","100.0","Caty_1.0","GCA_000955945.1"
"129801","Ateles hybridus","Brown Spider Monkey,[""brown spider monkey""]",NA,"Ateles","Atelinae","Atelidae","Primates","Mammalia","CRITICALLY ENDANGERED",TRUE,FALSE,FALSE,8,"F/F/F/M/F/U/M/U","Fibro","X","Tissue/placenta","Scaffold",50515269,50515269,NA,"2021-09-22",NA,3166275000,17,2,"insdc_open",NA,NA,NA
"52231","Callithrix geoffroyi","Geoffroy’s Tufted-ear Marmoset,[""Geoffroy's marmoset""]",NA,"Callithrix","Callitrichinae","Cebidae","Primates","Mammalia","LEAST CONCERN",TRUE,FALSE,FALSE,1,"F","Fibro",NA,"Tissue",NA,NA,NA,NA,"2023-04-03",NA,3354540000,26,2,NA,NA,NA,NA
"9493","Cebuella pygmaea","Pygmy marmoset,[""Pygmy marmoset""]",NA,"Cebuella",NA,"Cebidae","Primates","Mammalia","VULNERABLE",TRUE,FALSE,FALSE,4,"U/F/F/F","Fibro",NA,"Tissue",NA,NA,NA,NA,"2023-04-03",NA,3403440000,22,2,NA,NA,NA,NA
"9530","Cercocebus torquatus","Red-capped mangabey,[""Mangabey""]",NA,"Cercocebus",NA,"Cercopithecidae","Primates","Mammalia","ENDANGERED",TRUE,FALSE,FALSE,2,"M/M","Fibro",NA,"Tissue",NA,NA,NA,NA,"2023-04-03",NA,4792200000,21,2,NA,NA,NA,NA
"36227","Cercopithecus neglectus","De Brazza’s Monkey,[""De Brazza's monkey""]",NA,"Cercopithecus","Cercopithecinae","Cercopithecidae","Primates","Mammalia","LEAST CONCERN",TRUE,TRUE,TRUE,1,"F","Fibro",NA,"Tissue","Scaffold",10270,9789,NA,"2019-01-16",NA,4762860000,29,2,"published",NA,NA,NA
"13515","Eulemur fulvus","Common brown lemur,[""Brown lemur""]",NA,"Eulemur",NA,"Lemuridae","Primates","Mammalia","VULNERABLE",TRUE,TRUE,TRUE,2,"F/F","Fibro",NA,"Tissue","Scaffold",22561,21310,NA,"2019-01-16",58.2,3281190000,24,2,"published",NA,NA,NA
"9593","Gorilla gorilla","Western Gorilla,[""Western lowland gorilla""]",NA,"Gorilla",NA,"Hominidae","Primates","Mammalia","CRITICALLY ENDANGERED",TRUE,TRUE,FALSE,2,"-/F","Fibro/PBMc","X","Blood/Tissue","Chromosome",151559850,124954819,NA,"2023-04-03",NA,3491460000,24,2,"insdc_open","102.0",NA,NA
"9580","Hylobates lar","White-handed Gibbon,[""White-handed gibbon""]",NA,"Hylobates",NA,"Hylobatidae","Primates","Mammalia","ENDANGERED",TRUE,FALSE,FALSE,2,"M/M","Fibro",NA,"Tissue",NA,NA,NA,NA,"2023-04-03",NA,3017130000,22,2,NA,NA,NA,NA
"9588","Hylobates muelleri","Bornean Gibbon,[""Mueller's Borneo gibbon""]",NA,"Hylobates",NA,"Hylobatidae","Primates","Mammalia","ENDANGERED",TRUE,FALSE,FALSE,1,"M","Fibro",NA,"Tissue",NA,NA,NA,NA,NA,NA,3246960000,22,2,NA,NA,NA,NA
"9589","Hylobates pileatus","Pileated Gibbon,[""pileated gibbon""]",NA,"Hylobates",NA,"Hylobatidae","Primates","Mammalia","ENDANGERED",TRUE,FALSE,FALSE,1,"M","Fibro",NA,"Tissue","Chromosome",131825309,17385161,NA,"2022-01-19",NA,3168720000,22,2,"insdc_open",NA,NA,NA
"9447","Lemur catta","Ring-tailed Lemur,[""Ring-tailed lemur""]",NA,"Lemur","Lemuridae","Lemuridae","Primates","Mammalia","ENDANGERED",TRUE,TRUE,TRUE,3,"M/M/M","Fibro",NA,"Tissue (skin)","Chromosome",102162704,32529614,30858,"2021-11-04",NA,3207840000,28,2,"published","100.0",NA,NA
"57374","Leontopithecus chrysomelas","Golden-headed lion tamarin,[""golden-headed lion tamarin""]",NA,"Leontopithecus",NA,"Cebidae","Primates","Mammalia","ENDANGERED",TRUE,FALSE,FALSE,1,"M","Fibro",NA,"Tissue",NA,NA,NA,NA,NA,NA,3378990000,23,2,NA,NA,NA,NA
"75566","Lophocebus aterrimus","Black Mangabey,[""Black mangabey""]",NA,"Lophocebus",NA,"Cercopithecidae","Primates","Mammalia","VULNERABLE",TRUE,FALSE,FALSE,2,"M/F","No cell line",NA,"Tissue","Contig",6802059,6802059,NA,"2022-06-17",94.3,3677280000,21,2,"insdc_open",NA,NA,NA
"9546","Macaca sylvanus","Barbary macaque,[""Barbary ape""]",NA,"Macaca",NA,"Cercopithecidae","Primates","Mammalia","ENDANGERED",TRUE,FALSE,FALSE,1,"M","Fibro",NA,"Tissue",NA,NA,NA,NA,"2023-04-03",NA,3423000000,21,2,"open",NA,NA,NA
"9568","Mandrillus leucophaeus","Drill,[""drill""]",NA,"Mandrillus",NA,"Cercopithecidae","Primates","Mammalia","VULNERABLE",TRUE,TRUE,TRUE,3,"F/F/F","Fibro",NA,"Tissue","Scaffold",3186748,31346,27850,"2015-03-12",NA,3423000000,21,2,"insdc_open","100.0","Mleu.le_1.0","GCA_000951045.1"
"9561","Mandrillus sphinx","Mandrill,[""Mandrill""]",NA,"Mandrillus","Cercopithecinae","Cercopithecidae","Primates","Mammalia","VULNERABLE",TRUE,TRUE,TRUE,2,"F/M","Fibro",NA,"Tissue","Contig",20999372,20999372,NA,"2022-06-17",NA,3423000000,21,2,"insdc_open",NA,NA,NA
"100488","Miopithecus ogouensis","Northern Talapoin Monkey,[""Gabon talapoin""]","Miopithecus ogouensis","Miopithecus","Cercopithecinae","Cercopithecidae","Primates","Mammalia","NEAR THREATENED",TRUE,FALSE,FALSE,2,"U/F","Fibro","X","Tissue",NA,NA,NA,NA,NA,NA,3589260000,27,2,NA,NA,NA,NA
"9598","Pan troglodytes","Central chimpanzee,[""Chimpanzee""]",NA,"Pan",NA,"Hominidae","Primates","Mammalia","ENDANGERED",TRUE,TRUE,TRUE,9,"F/F/F/F/F/?/F/F/M","Fibro","X","Tissue/Blood","Chromosome",144388002,94528342,44705,"2023-02-27",91.5,3613710000,24,2,"insdc_open","GCF_028858775.1-RS_2023_04","Pan_tro_3.0","GCA_000001515.5"
"9556","Papio cynocephalus","Yellow Baboon,[""Yellow baboon""]",NA,"Papio",NA,"Cercopithecidae","Primates","Mammalia","LEAST CONCERN",TRUE,FALSE,FALSE,1,"F","Fibro",NA,"Tissue",NA,NA,NA,NA,"2023-04-03",NA,3457230000,21,2,NA,NA,NA,NA
"9600","Pongo pygmaeus","Orangutan,[""Orangutan""]","Pongo pygmaeus","Pongo",NA,"Hominidae","Primates","Mammalia","CRITICALLY ENDANGERED",TRUE,TRUE,FALSE,3,"F/U/M","Fibro","X","Cell culture / Placenta/ombelical Cordon","Chromosome",140977933,90555683,39296,"2023-02-28",93.9,3579480000,24,2,"insdc_open","GCF_028885625.1-RS_2023_04",NA,NA
"9491","Saguinus imperator","Bearded Emperor Tamarin,[""tamarin""]",NA,"Saguinus","Callitrichinae","Cebidae","Primates","Mammalia","LEAST CONCERN",TRUE,TRUE,TRUE,3,"M/M/F","Fibro",NA,"Tissue","Scaffold",65636,53787,NA,"2019-01-15",NA,3378990000,23,2,"published",NA,NA,NA
"9490","Saguinus oedipus","Cotton-headed Tamarin,[""cotton-top tamarin""]",NA,"Saguinus","Callitrichinae","Cebidae","Primates","Mammalia","CRITICALLY ENDANGERED",TRUE,FALSE,FALSE,3,"U/M/U","Fibro",NA,NA,NA,NA,NA,NA,"2023-04-03",NA,3378990000,23,2,NA,NA,NA,NA
"9783","Elephas maximus","Asian Elephant,[""Asian elephant""]",NA,"Elephas",NA,"Elephantidae","Proboscidea","Mammalia","ENDANGERED",TRUE,TRUE,TRUE,3,NA,"PBMc",NA,"Blood","Scaffold",102334419,252430,NA,"2023-06-16",94.2,3941340000,28,2,"insdc_open",NA,NA,NA
"9785","Loxodonta africana","African Savanna Elephant,[""African elephant""]",NA,"Loxodonta",NA,"Elephantidae","Proboscidea","Mammalia","ENDANGERED",TRUE,TRUE,TRUE,1,"M","Fibro",NA,"Tissue","Scaffold",46401353,69023,28964,"2009-07-15",NA,4342320000,28,2,"insdc_open","102.0","Loxafr3.0","GCA_000001905.1"
"51900","Anodorhynchus hyacinthinus","Hyacinth macaw,[""Hyacinth macaw""]",NA,"Anodorhynchus",NA,"Psittacidae","Psittaciformes","Birds","VULNERABLE",TRUE,FALSE,FALSE,2,"M/M","Fibro",NA,"Trachea","Scaffold",12605,12520,NA,"2022-07-21",NA,1320300000,35,2,"insdc_open",NA,NA,NA
"176024","Eclectus roratus","Eclectus parrot,[""Eclectus parrot""]",NA,"Eclectus",NA,"Psittacidae","Psittaciformes","Birds","LEAST CONCERN",TRUE,FALSE,FALSE,1,"M","Fibro",NA,"Tissue","Scaffold",28643,17249,NA,"2022-07-21",66.9,1555020000,35,2,"insdc_open",NA,NA,NA
"51906","Guaruba guarouba",NA,NA,"Guaruba",NA,"Psittacidae","Psittaciformes","Birds","VULNERABLE",TRUE,FALSE,FALSE,1,"M","Fibro",NA,"Trachea","Scaffold",29847,19329,NA,"2022-07-21",72.2,1339860000,35,2,"insdc_open",NA,NA,NA
"1549204","Trichoglossus moluccanus","Australian rainbow lorikeet,[""rainbow lorikeet""]",NA,"Trichoglossus",NA,"Psittaculidae","Psittaciformes","Birds","LEAST CONCERN",TRUE,FALSE,FALSE,2,"M","Fibro",NA,"Tissue",NA,NA,NA,NA,"2023-04-16",NA,1300740000,23,2,NA,NA,NA,NA
"60465","Agapornis nigrigenis",NA,NA,"Agapornis",NA,"Psittacidae","Psittaciformes","Birds","VULNERABLE",TRUE,FALSE,FALSE,4,"-/F/U/U","Fibro",NA,NA,NA,NA,NA,NA,"2023-04-03",NA,1281180000,24,2,NA,NA,NA,NA
"12930","Amazona aestiva","[""Blue-fronted parrot""]",NA,"Amazona",NA,"Psittacidae","Psittaciformes","Birds","NEAR THREATENED",TRUE,FALSE,FALSE,1,"F","No cell line",NA,"Tissue/Trachea","Chromosome",89048441,26168,16315,"2021-03-30",92.2,1574580000,35,2,"insdc_open",NA,NA,NA
"244070","Amazona brasiliensis","Red-tailed amazon,[""Red-tailed parrot""]",NA,"Amazona",NA,"Psittacidae","Psittaciformes","Birds","NEAR THREATENED",TRUE,FALSE,FALSE,1,"M","No cell line",NA,"Trachea",NA,NA,NA,NA,NA,NA,1584360000,35,2,NA,NA,NA,NA
"151759","Amazona autumnalis","Lilacine Amazon,[""Red-lored parrot""]","Amazona lilacina","Amazona",NA,"Psittacidae","Psittaciformes","Birds","CRITICALLY ENDANGERED",TRUE,FALSE,FALSE,1,"M","No cell line",NA,"Tissue (skin)","Scaffold",17050,4664,NA,"2022-07-20",NA,1476780000,35,2,"insdc_open",NA,NA,NA
"9226","Ara ararauna","Blue-and-yellow macaw,[""Blue-and-yellow macaw""]",NA,"Ara",NA,"Psittacidae","Psittaciformes","Birds","LEAST CONCERN",TRUE,FALSE,FALSE,2,"M/U","Fibro",NA,"Trachea","Chromosome",110438430,38811057,NA,"2023-02-24",NA,1418100000,35,2,"insdc_open",NA,NA,NA
"176013","Ara chloropterus","Red-and-green Macaw,[""Red-and-green macaw""]",NA,"Ara",NA,"Psittacidae","Psittaciformes","Birds","LEAST CONCERN",TRUE,FALSE,FALSE,1,"F","Fibro",NA,"Trachea","Scaffold",19108,4271,NA,"2022-11-27",NA,1447440000,35,2,"insdc_open",NA,NA,NA
"176015","Aratinga solstitialis","Sun Parakeet,[""Sun parakeet""]",NA,"Aratinga",NA,"Psittacidae","Psittaciformes","Birds","ENDANGERED",TRUE,FALSE,FALSE,1,"-","Fibro",NA,"Tissue/Trachea","Scaffold",16980747,236229,NA,"2019-11-14",NA,1339860000,35,2,"insdc_open",NA,NA,NA
"176075","Eos reticulata",NA,NA,"Eos",NA,"Psittaculidae","Psittaciformes","Birds","NEAR THREATENED",TRUE,FALSE,FALSE,1,"F","Fibro",NA,"Trachea",NA,NA,NA,NA,NA,NA,1300740000,32,2,"sample_collected",NA,NA,NA
"10085","Cricetomys gambianus","Gambian giant pouched rat,[""Gambian giant pouched rat""]",NA,"Cricetomys",NA,"Nesomyidae","Rodentia","Mammalia","LEAST CONCERN",TRUE,TRUE,TRUE,1,NA,"No cell line",NA,"Tissue","Scaffold",110049,80761,NA,"2019-01-16",82.10000000000001,3110040000,16,2,"published",NA,NA,NA
"45480","Cynomys ludovicianus","Black-tailed prairie dog,[""black-tailed prairie dog""]",NA,"Cynomys",NA,"Sciuridae","Rodentia","Mammalia","LEAST CONCERN",TRUE,FALSE,FALSE,1,"M","Fibro",NA,"Tissue",NA,NA,NA,NA,"2023-04-03",NA,3882659999,19,2,NA,NA,NA,NA
"29091","Dolichotis patagonum","Patagonian mara,[""Patagonian cavy""]",NA,"Dolichotis","Dolichotinae","Caviidae","Rodentia","Mammalia","NEAR THREATENED",TRUE,TRUE,TRUE,3,"F/M/-","Fibro",NA,"Tissue","Scaffold",31026,27983,NA,"2019-01-16",72.60000000000001,3618600000,32,2,"published",NA,NA,NA
"53277","Eliomys quercinus","Garden Dormouse,[""garden dormouse""]",NA,"Eliomys","Leithiinae","Gliridae","Rodentia","Mammalia","NEAR THREATENED",TRUE,FALSE,FALSE,1,"-","Fibro",NA,"Tissue",NA,NA,NA,NA,"2023-04-12",NA,3882659999,24,2,"in_progress",NA,NA,NA
"10149","Hydrochoerus hydrochaeris","Capybara,[""capybara""]",NA,"Hydrochoerus","Hydrochoerinae","Hydrochaeridae","Rodentia","Mammalia","LEAST CONCERN",TRUE,TRUE,TRUE,1,"M","Fibro",NA,"Tissue","Scaffold",202224,148451,NA,"2019-01-16",NA,3663832500,27,2,"published",NA,NA,NA
"10137","Hystrix cristata","Short-tailed porcupine,[""crested porcupine""]","Hystrix NA","Hystrix",NA,"Hystricidae","Rodentia","Mammalia","LEAST CONCERN",TRUE,TRUE,TRUE,1,"F/M","Fibro",NA,"Tissue","Scaffold",64768,57102,NA,"2019-01-16",NA,3663832500,24,2,"published",NA,NA,NA
"8030","Salmo salar","Atlantic Samon,[""Atlantic salmon""]",NA,"Salmo",NA,"Salmonidae","Salmoniformes","Fish","LEAST CONCERN",TRUE,TRUE,FALSE,2,NA,"Fibro",NA,"Tissue","Chromosome",28058890,28058890,65343,"2021-04-21",NA,3031800000,29,1,"insdc_open","102.0","Ssal_v3.1","GCA_905237065.2"
"92683","Spheniscus demersus","Jackass penguin,[""Jackass penguin""]",NA,"Spheniscus",NA,"Spheniscidae","Sphenisciformes","Birds","ENDANGERED",TRUE,FALSE,FALSE,3,"M/F/F","Fibro",NA,"Tissue","Scaffold",15386364,109372,15881,"2020-01-31",96,1594140000,36,2,"insdc_open",NA,NA,NA
"9240","Spheniscus humboldti","Humboldt penguin,[""Humboldt's penguin""]",NA,"Spheniscus",NA,"Spheniscidae","Sphenisciformes","Birds","VULNERABLE",TRUE,FALSE,FALSE,1,"M","Fibro",NA,"Tissue","Chromosome",89079306,13936613,16378,"2022-12-28",97.5,1594140000,39,2,"insdc_open",NA,NA,NA
"91907","Chamaeleo chamaeleon","Common Chameleon,[""common chameleon""]",NA,"Chamaeleo",NA,"Chamaeleonidae","Squamata","Reptil","LEAST CONCERN",TRUE,FALSE,FALSE,1,NA,"Fibro",NA,"Tissue",NA,NA,NA,NA,"2023-04-03",NA,2934000000,12,2,NA,NA,NA,NA
"96731","Corucia zebrata",NA,NA,"Corucia",NA,"Scincidae","Squamata","Reptil","NEAR THREATENED",TRUE,FALSE,FALSE,1,"U","No cell line",NA,"Trachea",NA,NA,NA,NA,NA,NA,1716390000,16,2,NA,NA,NA,NA
"420545","Dracaena guianensis",NA,NA,"Dracaena",NA,"Teiidae","Squamata","Reptil","LEAST CONCERN",TRUE,FALSE,FALSE,1,"F","Fibro",NA,"Trachea",NA,NA,NA,NA,NA,NA,1872870000,19,2,NA,NA,NA,NA
"187939","Furcifer pardalis",NA,NA,"Furcifer",NA,"Chamaeleonidae","Squamata","Reptil","LEAST CONCERN",TRUE,FALSE,FALSE,1,"F","No cell line",NA,"Tissue","Chromosome",184669281,158731830,NA,"2023-07-12",NA,2449889999,11,2,"insdc_open",NA,NA,NA
"140017","Lampropeltis triangulum","Sinaloan milksnake,[""milk snake""]",NA,"Lampropeltis",NA,"Colubridae","Squamata","Reptil","LEAST CONCERN",TRUE,FALSE,FALSE,1,"F","No cell line",NA,"Trachea",NA,NA,NA,NA,NA,NA,2640600000,18,1,NA,NA,NA,NA
"2083012","Python breitensteini","Bornean blood python,[""Borneo python""]",NA,"Python",NA,"Pythonidae","Squamata","Reptil","LEAST CONCERN",TRUE,FALSE,FALSE,1,"F","No cell line",NA,"Trachea",NA,NA,NA,NA,NA,NA,1789740000,18,3,NA,NA,NA,NA
"51751","Python regius",NA,NA,"Python",NA,"Pythonidae","Squamata","Reptil","LEAST CONCERN",TRUE,FALSE,FALSE,1,"F","No cell line",NA,"Trachea",NA,NA,NA,NA,"2023-04-03",NA,1789740000,18,3,NA,NA,NA,NA
"52167","Uromastyx acanthinura","Dabb spiny-tailed lizard,[""Black spiny-tailed lizard""]",NA,"Uromastyx",NA,"Agamidae","Squamata","Reptil","NEAR THREATENED",TRUE,FALSE,FALSE,1,"F","No cell line",NA,"Tissue",NA,NA,NA,NA,NA,NA,2141820000,17,2,NA,NA,NA,NA
"8558","Varanus albigularis","White-throated monitor,[""cape monitor""]",NA,"Varanus",NA,"Varanidae","Squamata","Reptil","LEAST CONCERN",TRUE,FALSE,FALSE,1,"F","Fibro",NA,"Tissue",NA,NA,NA,NA,NA,NA,2009790000,20,3,NA,NA,NA,NA
"62050","Varanus prasinus",NA,NA,"Varanus",NA,"Varanidae","Squamata","Reptil","LEAST CONCERN",TRUE,FALSE,FALSE,1,"M","Fibro",NA,"Trachea",NA,NA,NA,NA,NA,NA,2009790000,20,3,NA,NA,NA,NA
"103699","Chlamydosaurus kingii","Frilled Lizard,[""frilled dragon""]",NA,"Chlamydosaurus",NA,"Agamidae","Squamata","Reptil","LEAST CONCERN",TRUE,FALSE,FALSE,1,"F","Fibro",NA,NA,NA,NA,NA,NA,"2023-04-03",NA,1819080000,16,2,NA,NA,NA,NA
"371907","Bubo scandiacus","Snowy Owl,[""Owl, Snowy""]",NA,"Bubo",NA,"Strigidae","Strigiformes","Birds","VULNERABLE",TRUE,FALSE,FALSE,1,"M","No cell line",NA,"Tissue/Trachea","Scaffold",19757310,196832,NA,"2021-03-09",96.7,1643040000,40,2,"insdc_open",NA,NA,NA
"126827","Otus scops","Eurasian scops owl,[""Eurasian Scops Owl""]",NA,"Otus","Strigiformes
 

","Strigidae","Strigiformes","Birds","LEAST CONCERN",TRUE,FALSE,FALSE,2,"M/M","Fibro",NA,"Tissue (skin)",NA,NA,NA,NA,"2023-04-03",NA,1369200000,38,2,"in_progress",NA,NA,NA
"111821","Strix aluco","Tawny Owl,[""Tawny Owl""]",NA,"Strix",NA,"Strigidae","Strigiformes","Birds","LEAST CONCERN",TRUE,FALSE,FALSE,1,NA,"No cell line",NA,"Tissue",NA,NA,NA,NA,"2023-04-11",NA,1555020000,41,2,"in_progress",NA,NA,NA
"56313","Tyto alba","Common Barn-owl,[""Owl, Barn""]",NA,"Tyto",NA,"Tytonidae","Strigiformes","Birds","LEAST CONCERN",TRUE,TRUE,FALSE,1,"M","Fibro",NA,"Tissue","Scaffold",36032128,17955177,19198,"2021-06-03",84.2,1594140000,46,2,"insdc_open","102.0",NA,NA
"41426","Phacochoerus africanus","Warthog,[""Common warthog""]",NA,"Phacochoerus",NA,"Suidae","Artiodactyla","Mammalia","LEAST CONCERN",TRUE,TRUE,FALSE,4,"M/F/F","Fibro",NA,"Tissue","Chromosome",141887063,10602503,27929,"2021-02-19",95.6,2885100000,17,2,"insdc_open","GCF_016906955.1-RS_2023_03",NA,NA
"109288","Hippocampus reidi","Long-snout Seahorse,[""slender seahorse""]",NA,"Hippocampus",NA,"Syngnathidae","Syngnathiformes","Fish","NEAR THREATENED",TRUE,FALSE,FALSE,1,"-","No cell line",NA,"Tissue (whole specimen)",NA,NA,NA,NA,"2023-04-03",NA,567240000,22,2,NA,NA,NA,NA
"161584","Syngnathus acus","Longsnout Pipefish,[""greater pipefish""]",NA,"Syngnathus",NA,"Syngnathidae","Syngnathiformes","Fish","LEAST CONCERN",TRUE,TRUE,FALSE,1,"F","No cell line",NA,"Tissue","Chromosome",14974571,11959915,24927,"2020-07-31",94.9,533010000,22,2,"insdc_open","100.0",NA,NA
"8467","Caretta caretta","Loggerhead Turtle,[""Turtle, Loggerhead Sea""]",NA,"Caretta",NA,"Cheloniidae","Testudines","Reptil","VULNERABLE",TRUE,TRUE,FALSE,2,"-/-","PBMc",NA,"Blood","Chromosome",130956235,18214114,24923,"2022-06-07",NA,2581920000,27,2,"insdc_open","100.0",NA,NA
"167804","Aldabrachelys gigantea","Aldabra giant tortoise,[""Aldabra giant tortoise""]","Geochelone gigantea","Aldabrachelys",NA,"Testudinidae","Testudines","Reptil","VULNERABLE",TRUE,FALSE,FALSE,1,NA,"No cell line",NA,NA,"Chromosome",148569599,58656949,NA,"2022-11-15",NA,2889990000,26,2,"insdc_open",NA,NA,NA
"55547","Heosemys spinosa","Spiny Turtle,[""Spiny turtle""]",NA,"Heosemys",NA,"Geoemydidae","Testudines","Reptil","ENDANGERED",TRUE,FALSE,FALSE,1,"M","No cell line",NA,"Trachea",NA,NA,NA,NA,NA,NA,4009799999,26,2,NA,NA,NA,NA
"571338","Macrochelys temminckii","Alligator snapping turtle,[""alligator snapping turtle""]",NA,"Macrochelys",NA,"Chelydridae","Testudines","Reptil","VULNERABLE",TRUE,FALSE,FALSE,2,"F","No cell line",NA,"Trachea",NA,NA,NA,NA,"2023-04-03",NA,2547690000,26,2,NA,NA,NA,NA
"569598","Stigmochelys pardalis","Leopard Tortoise,[""Leopard tortoise""]",NA,"Stigmochelys",NA,"Testudinidae","Testudines","Reptil","LEAST CONCERN",TRUE,FALSE,FALSE,1,"U","No cell line",NA,NA,NA,NA,NA,NA,"2023-04-03",NA,2464560000,26,2,NA,NA,NA,NA
"158816","Terrapene nelsoni","Spotted Box Turtle,[""spotted box turtle""]",NA,"Terrapene",NA,"Emydidae","Testudines","Reptil","NA",TRUE,FALSE,FALSE,2,"M/F","No cell line",NA,"Tissue",NA,NA,NA,NA,NA,NA,2405880000,25,2,NA,NA,NA,NA
"86976","Testudo hermanni","Balkan Hermann's tortoise,[""Hermann's tortoise""]",NA,"Testudo",NA,"Testudinidae","Testudines","Reptil","ENDANGERED",TRUE,FALSE,FALSE,1,"F","No cell line",NA,"Tissue",NA,NA,NA,NA,NA,NA,3423000000,26,2,NA,NA,NA,NA
"68454","Scyliorhinus stellaris","Nursehound,[""Nursehound shark""]",NA,"Scyliorhinus",NA,"Scyliorhinidae","Carcharhiniformes","Fish","VULNERABLE",TRUE,FALSE,FALSE,1,"M","No cell line",NA,"Tissue",NA,NA,NA,NA,"2023-04-12",NA,6014700000,36,2,NA,NA,NA,NA
"9691","Panthera pardus","Persian leopard,Leopard,[""leopard""]",NA,"Panthera",NA,"Felidae","Carnivora","Mammalia","VULNERABLE",TRUE,TRUE,TRUE,2,NA,"Fibro",NA,"Tissue","Scaffold",126810544,22236240,34379,"2022-07-21",NA,2767740000,19,2,"insdc_open","GCF_024362965.1-RS_2023_02","PanPar1.0","GCA_001857705.1"
"9986","Oryctolagus cuniculus","European rabbit,[""Rabbit""]",NA,"Oryctolagus",NA,"Leporidae","Lagomorpha","Mammalia","NA",TRUE,TRUE,FALSE,2,NA,"Fibro",NA,"Tissue","Chromosome",111644748,337730,37497,"2021-02-04",87.7,3188280000,22,2,"insdc_open","GCF_009806435.1-RS_2023_02","OryCun2.0","GCA_000003625.1"
