"taxon_id","scientific_name","species","order","class","superclass","iucn_category","genome","annotation","zoonomia","individuals","cell_lines","fibro","pbmc","ipsc","tissue_of_origin","genome_match","species_genome","assembly_level","scaffold_n50","contig_n50","gene_count","assembly_date","busco_completeness","genome_size","haploid_number","ploidy","sequencing_status","Annotation.Release","Ensembl.Assembly","Accession","common_name","alternative_name","subspecies","genus","subfamily","family"
"223492","Parabuteo unicinctus","Parabuteo unicinctus","Accipitriformes","Aves","Birds","LEAST CONCERN",TRUE,FALSE,FALSE,1,0,0,0,0,"Trachea","species","Parabuteo unicinctus","Scaffold",34879618,1227,NA,"2022-09-20",NA,1398540000,34,2,"insdc_open",NA,NA,NA,"Harris' hawk/bay-winged hawk,Harris's hawk",NA,NA,"Parabuteo",NA,"Accipitridae"
"8957","Accipiter gentilis","Accipiter gentilis","Accipitriformes","Aves","Birds","LEAST CONCERN",TRUE,TRUE,FALSE,1,0,0,0,0,"Trachea/Skin","species","Accipiter gentilis","Chromosome",35025567,17712854,19564,"2022-10-27",97.5,1305630000,39,2,"insdc_open","GCF_929443795.1-RS_2023_02",NA,NA,"Northern Goshawk",NA,NA,"Accipiter",NA,"Accipitridae"
"8839","Anas platyrhynchos","Anas platyrhynchos","Anseriformes","Aves","Birds","LEAST CONCERN",TRUE,TRUE,FALSE,1,0,0,0,0,NA,"species","Anas platyrhynchos","Chromosome",76269206,5679408,25093,"2020-11-23",96.7,1418100000,40,2,"insdc_open","104.0","ASM874695v1","GCA_008746955.1","Mallard",NA,NA,"Anas",NA,"Anatidae"
"30388","Chauna torquata","Chauna torquata","Anseriformes","Aves","Birds","LEAST CONCERN",TRUE,TRUE,FALSE,1,1,1,0,0,"Trachea","species","Chauna torquata","Scaffold",232486,39550,15083,"2020-07-10",90.5,1364310000,40,2,"insdc_open",NA,NA,NA,"Southern screamer,southern screamer",NA,NA,"Chauna",NA,"Anhimidae"
"8868","Cygnus atratus","Cygnus atratus","Anseriformes","Aves","Birds","LEAST CONCERN",TRUE,TRUE,FALSE,1,1,1,0,0,"Trachea/Tissue","species","Cygnus atratus","Chromosome",84552148,28995010,18459,"2022-08-03",97.2,1418100000,40,2,"insdc_open","GCF_013377495.2-RS_2023_02",NA,NA,"Black swan",NA,NA,"Cygnus",NA,"Anatidae"
"8895","Apus apus","Apus apus","Apodiformes","Aves","Birds","LEAST CONCERN",TRUE,TRUE,FALSE,1,0,0,0,0,NA,"species","Apus apus","Chromosome",115508478,25561769,16724,"2021-11-04",NA,1251840000,39,2,"insdc_open","GCF_020740795.1-RS_2023_02",NA,NA,"Common swift,Common Swift",NA,NA,"Apus",NA,"Apodidae"
"67940","Nanger dama","Nanger dama","Artiodactyla","Mammalia","Mammalia","CRITICALLY ENDANGERED",TRUE,FALSE,FALSE,14,7,7,0,0,"blood/placenta/ombelical cord","species","Nanger dama","Scaffold",37125998,37125998,NA,"2021-11-18",NA,3403440000,15,2,"insdc_open",NA,NA,NA,"Dama Gazelle,Dama gazelle",NA,NA,"Nanger","Antilopinae","Bovidae"
"9897","Aepyceros melampus","Aepyceros melampus","Artiodactyla","Mammalia","Mammalia","LEAST CONCERN",TRUE,TRUE,TRUE,8,4,4,0,0,"Tissue (ear)","species","Aepyceros melampus","Scaffold",344542,82459,NA,"2019-06-24",72.2,4586820000,30,2,"insdc_open",NA,NA,NA,"Impala",NA,NA,"Aepyceros","Aepycerotinae","Bovidae"
"56798","Hexaprotodon liberiensis","Hexaprotodon liberiensis","Artiodactyla","Mammalia","Mammalia","ENDANGERED",TRUE,FALSE,FALSE,1,1,1,0,0,"Tissue (skin)","species","Hexaprotodon liberiensis","Chromosome",142594368,20244513,NA,"2022-04-22",NA,3041580000,18,2,"insdc_open",NA,NA,NA,"Pygmi Hippopotamus,pygmy hippopotamus","Choeropsis liberiensis",NA,"Hexaprotodon",NA,"Hippopotamidae"
"9958","Oryx gazella","Oryx gazella","Artiodactyla","Mammalia","Mammalia","LEAST CONCERN",TRUE,TRUE,TRUE,1,1,1,0,0,"Tissue","species","Oryx gazella","Scaffold",1579191,19498,NA,"2018-12-14",NA,3892440000,28,2,"insdc_open",NA,NA,NA,"Gemsbok,gemsbok","Oryx gazelle",NA,"Oryx","Antilopinae","Bovidae"
"59515","Addax nasomaculatus","Addax nasomaculatus","Artiodactyla","Mammalia","Mammalia","CRITICALLY ENDANGERED",TRUE,FALSE,FALSE,2,2,0,2,0,"Blood","species","Addax nasomaculatus","Scaffold",20757513,17026,NA,"2021-08-13",91.6,3892440000,28,2,"insdc_open",NA,NA,NA,"Addax",NA,NA,"Addax","Hippotraginae","Bovidae"
"9894","Giraffa camelopardalis","Giraffa camelopardalis","Artiodactyla","Mammalia","Mammalia","VULNERABLE",TRUE,TRUE,TRUE,2,2,2,0,0,NA,"species","Giraffa camelopardalis","Scaffold",3153258,25056,NA,"2023-04-03",NA,2709060000,15,2,"insdc_open",NA,NA,NA,"Cameleopardis giraffe,Reticulated giraffe",NA,NA,"Giraffa",NA,"Giraffidae"
"9840","Lama guanicoe","Lama guanicoe","Artiodactyla","Mammalia","Mammalia","LEAST CONCERN",TRUE,TRUE,TRUE,3,2,2,0,0,NA,"species","Lama guanicoe","Scaffold",14786206,343812,NA,"2023-04-03",NA,3139380000,37,2,"insdc_open",NA,NA,NA,"Guanaco",NA,NA,"Lama",NA,"Camelidae"
"9927","Connochaetes taurinus","Connochaetes taurinus","Artiodactyla","Mammalia","Mammalia","LEAST CONCERN",TRUE,TRUE,TRUE,1,1,1,0,0,NA,"species","Connochaetes taurinus","Scaffold",366224,70608,NA,"2019-06-24",NA,3853320000,29,2,"insdc_open",NA,NA,NA,"Ble Wildebeest,brindled gnu",NA,NA,"Connochaetes","Alcelaphinae","Bovidae"
"59531","Kobus leche","Kobus leche","Artiodactyla","Mammalia","Mammalia","NEAR THREATENED",TRUE,TRUE,TRUE,1,1,0,1,0,"Blood","species","Kobus leche","Scaffold",3233651,66923,NA,"2023-04-03",NA,3853320000,25,2,"insdc_open",NA,NA,NA,"Kobus leche,lechwe","Southern Lechwe",NA,"Kobus","Reduncinae","Bovidae"
"9837","Camelus bactrianus","Camelus bactrianus","Artiodactyla","Mammalia","Mammalia","CRITICALLY ENDANGERED",TRUE,TRUE,TRUE,2,2,2,0,0,"Tissue","species","Camelus bactrianus","Scaffold",8812066,139067,29764,"2014-10-23",92.3,2577030000,35,2,"insdc_open","102.0",NA,NA,"Bactrian Camel,Two-humped camel",NA,NA,"Camelus",NA,"Camelidae"
"69297","Tragelaphus eurycerus","Tragelaphus eurycerus","Artiodactyla","Mammalia","Mammalia","NEAR THREATENED",TRUE,FALSE,FALSE,2,1,1,0,0,"Tissue","species","Tragelaphus eurycerus","Contig",21206903,21206903,NA,"2022-03-28",NA,3853320000,15,2,"insdc_open",NA,NA,NA,"Bongo,bongo",NA,NA,"Tragelaphus",NA,"Bovidae"
"9823","Sus scrofa","Sus scrofa","Artiodactyla","Mammalia","Mammalia","LEAST CONCERN",TRUE,TRUE,TRUE,1,1,1,0,0,"Tissue","species","Sus scrofa","Chromosome",88231837,48231277,30371,"2017-02-07",NA,2885100000,18,2,"insdc_open","106.0","Sscrofa11.1","GCA_000003025.6","Wild boar,pig",NA,NA,"Sus","Suinae","Suidae"
"59534","Oryx dammah","Oryx dammah","Artiodactyla","Mammalia","Mammalia","EXTINCT IN THE WILD",TRUE,TRUE,TRUE,3,2,2,0,1,"Tissue","species","Oryx dammah","Scaffold",100398400,374342,32423,"2020-09-25",NA,3892440000,28,2,"insdc_open","100.0",NA,NA,"Scimitar-horned Oryx,scimitar-horned oryx",NA,NA,"Oryx","Antilopinae","Bovidae"
"9870","Rangifer tarandus","Rangifer tarandus","Artiodactyla","Mammalia","Mammalia","VULNERABLE",TRUE,TRUE,TRUE,3,3,3,0,0,"Tissue/ovaries","species","Rangifer tarandus","Scaffold",986392,128565,NA,"2023-04-03",NA,3334980000,35,2,"published",NA,NA,NA,"Reindeer,Reindeer, caribou",NA,NA,"Rangifer",NA,"Cervidae"
"9925","Capra hircus","Capra hircus","Artiodactyla","Mammalia","Mammalia","NA",TRUE,TRUE,TRUE,3,2,2,0,0,"Tissue","species","Capra hircus","Chromosome",87277232,26244591,28911,"2016-08-24",NA,3168720000,30,2,"insdc_open","102.0","ARS1","GCA_001704415.1","Domestic goat",NA,NA,"Capra",NA,"Bovidae"
"43332","Elaphurus davidianus","Elaphurus davidianus","Artiodactyla","Mammalia","Mammalia","EXTINCT IN THE WILD",TRUE,TRUE,TRUE,4,4,4,0,0,"Tissue (ear)","species","Elaphurus davidianus","Scaffold",3039716,32707,NA,"2021-12-01",94,3168720000,34,2,"insdc_open",NA,NA,NA,"Père David's deer,Pere David's deer",NA,NA,"Elaphurus",NA,"Cervidae"
"59527","Beatragus hunteri","Beatragus hunteri","Artiodactyla","Mammalia","Mammalia","CRITICALLY ENDANGERED",TRUE,TRUE,TRUE,1,1,1,0,0,"Tissue","species","Beatragus hunteri","Scaffold",69303,57444,NA,"2019-01-16",NA,3853320000,19,2,"published",NA,NA,NA,NA,NA,NA,"Beatragus",NA,"Bovidae"
"30521","Bos grunniens","Bos grunniens","Artiodactyla","Mammalia","Mammalia","VULNERABLE",TRUE,TRUE,TRUE,2,2,2,0,0,"Tissue","species","Bos grunniens","Chromosome",114386978,44716738,NA,"2019-06-10",NA,3569700000,30,2,"insdc_open",NA,"LU_Bosgru_v3.0","GCA_005887515.1","Domestic yak,domestic yak",NA,NA,"Bos",NA,"Bovidae"
"9940","Ovis aries musimon","Ovis aries","Artiodactyla","Mammalia","Mammalia","NA",TRUE,TRUE,FALSE,3,3,3,0,0,"Tissue","species","Ovis aries","Chromosome",101274418,43178051,33801,"2021-02-03",NA,3227400000,27,2,"insdc_open","104.0","Oar_rambouillet_v1.0","GCA_002742125.1","Mouflon,Sheep",NA,"musimon","Ovis",NA,"Bovidae"
"9901","Bison bison","Bison bison","Artiodactyla","Mammalia","Mammalia","NEAR THREATENED",TRUE,TRUE,TRUE,3,1,1,0,0,"Tissue","species","Bison bison","Scaffold",7192658,19971,NA,"2023-04-03",NA,4792200000,30,2,"insdc_open",NA,NA,NA,"American bison,Buffalo",NA,NA,"Bison",NA,"Bovidae"
"9833","Hippopotamus amphibius","Hippopotamus amphibius","Artiodactyla","Mammalia","Mammalia","VULNERABLE",TRUE,TRUE,TRUE,1,1,1,0,0,"Tissue","species","Hippopotamus amphibius","Chromosome",141669128,49478000,NA,"2023-04-03",95.2,3041580000,18,2,"published",NA,NA,NA,"Hippopotamus,hippopotamus",NA,NA,"Hippopotamus",NA,"Hippopotamidae"
"9657","Lutra lutra","Lutra lutra","Carnivora","Mammalia","Mammalia","NEAR THREATENED",TRUE,TRUE,TRUE,2,1,1,0,0,"tissue","species","Lutra lutra","Chromosome",149004807,30403456,32271,"2020-07-31",94.9,2880210000,19,2,"insdc_open","GCF_902655055.1-RS_2023_03",NA,NA,"Eurasian otter,Otter",NA,NA,"Lutra","Lutrinae","Mustelidae"
"9689","Panthera leo","Panthera leo","Carnivora","Mammalia","Mammalia","VULNERABLE",TRUE,TRUE,TRUE,9,8,8,0,0,"blood","species","Panthera leo","Chromosome",147402474,77781637,32109,"2021-05-13",NA,2885100000,19,2,"insdc_open","100.0","PanLeo1.0","GCA_008795835.1","Lion,African lion",NA,NA,"Panthera","Pantherinae","Felidae"
"9690","Panthera onca","Panthera onca","Carnivora","Mammalia","Mammalia","NEAR THREATENED",TRUE,TRUE,TRUE,4,4,4,0,0,"Tissue","species","Panthera onca","Chromosome",132627732,51083,NA,"2023-02-09",NA,2767740000,19,2,"published",NA,NA,NA,"Jaguar,jaguar",NA,NA,"Panthera","Pantherinae","Felidae"
"9612","Canis lupus","Canis lupus","Carnivora","Mammalia","Mammalia","LEAST CONCERN",TRUE,TRUE,TRUE,4,4,4,0,0,"Tissue/Blood","species","Canis lupus","Chromosome",65778685,34375412,NA,"2023-04-03",95.5,2748180000,39,2,"insdc_open",NA,NA,NA,"Iberian Wolf,Timber wolf",NA,NA,"Canis",NA,"Canidae"
"210652","Mungos mungo","Mungos mungo","Carnivora","Mammalia","Mammalia","LEAST CONCERN",TRUE,TRUE,TRUE,1,1,1,0,0,"Tissue","species","Mungos mungo","Scaffold",236501,180702,NA,"2019-01-15",NA,2738400000,18,2,"published",NA,NA,NA,"Banded Mongoose,banded mongoose",NA,NA,"Mungos",NA,"Herpestidae"
"9642","Ursus thibetanus","Ursus thibetanus","Carnivora","Mammalia","Mammalia","VULNERABLE",TRUE,TRUE,TRUE,1,1,1,0,0,"Tissue","species","Ursus thibetanus","Scaffold",26803000,145966,NA,"2023-04-03",NA,2689500000,37,2,"insdc_open",NA,NA,NA,"Asiatic Black Bear,Asiatic black bear",NA,NA,"Ursus",NA,"Ursidae"
"161932","Otaria byronia","Otaria byronia","Carnivora","Mammalia","Mammalia","LEAST CONCERN",TRUE,FALSE,FALSE,3,3,3,0,0,"Tissue","species","Otaria byronia","Scaffold",144693000,NA,NA,"2023-04-03",NA,3080700000,18,2,"open",NA,NA,NA,"South American Sea Lion,South American sea lion",NA,NA,"Otaria",NA,"Otariidae"
"9646","Ailuropoda melanoleuca","Ailuropoda melanoleuca","Carnivora","Mammalia","Mammalia","VULNERABLE",TRUE,TRUE,TRUE,2,1,1,0,0,"Tissue","species","Ailuropoda melanoleuca","Chromosome",129245720,127687,31335,"2020-04-20",NA,2689500000,21,2,"insdc_open","103.0","ASM200744v2","GCA_002007445.2","Giant Panda,giant panda",NA,NA,"Ailuropoda",NA,"Ursidae"
"37032","Suricata suricatta","Suricata suricatta","Carnivora","Mammalia","Mammalia","LEAST CONCERN",TRUE,TRUE,TRUE,6,6,6,0,0,"Tissue","species","Suricata suricatta","Chromosome",141453419,75409,35499,"2019-07-03",NA,2738400000,18,2,"published","100.0","meerkat_22Aug2017_6uvM2_HiC","GCA_006229205.1","Meerkat,meerkat",NA,NA,"Suricata",NA,"Herpestidae"
"9678","Crocuta crocuta","Crocuta crocuta","Carnivora","Mammalia","Mammalia","LEAST CONCERN",TRUE,TRUE,TRUE,1,1,1,0,0,"Tissue","species","Crocuta crocuta","Scaffold",7236831,97873,19698,"2019-10-07",93.5,2738400000,20,2,"insdc_open",NA,NA,NA,"Spotted hyena,spotted hyena",NA,NA,"Crocuta",NA,"Hyaenidae"
"9704","Zalophus californianus","Zalophus californianus","Carnivora","Mammalia","Mammalia","LEAST CONCERN",TRUE,TRUE,TRUE,2,1,1,0,0,"Tissue","species","Zalophus californianus","Chromosome",147124152,32626160,32543,"2020-07-14",NA,3080700000,18,2,"published","101.0","mZalCal1.pri","GCA_009762305.1","California sea lion","Zalophus californianos",NA,"Zalophus",NA,"Otariidae"
"9666","Mustela lutreola novikovi","Mustela lutreola","Carnivora","Mammalia","Mammalia","CRITICALLY ENDANGERED",TRUE,FALSE,FALSE,1,1,1,0,0,"Tissue","species","Mustela lutreola","Chromosome",154078643,83356672,NA,"2023-07-13",NA,2880210000,19,2,"insdc_open",NA,NA,NA,"European mink",NA,"novikovi","Mustela",NA,"Mustelidae"
"9694","Panthera tigris","Panthera tigris","Carnivora","Mammalia","Mammalia","ENDANGERED",TRUE,TRUE,TRUE,2,2,2,0,0,"Tissue (ovary/skin)","species","Panthera tigris","Chromosome",146942463,74391967,33598,"2021-05-13",NA,2650380000,19,2,"insdc_open","102.0",NA,NA,"Tiger",NA,NA,"Panthera",NA,"Felidae"
"9672","Pteronura brasiliensis","Pteronura brasiliensis","Carnivora","Mammalia","Mammalia","ENDANGERED",TRUE,TRUE,TRUE,1,1,1,0,0,"Tissue (uter/skin)","species","Pteronura brasiliensis","Scaffold",119023,90879,NA,"2019-01-15",82.7,2880210000,19,2,"published",NA,NA,NA,"Giant otter,giant otter",NA,NA,"Pteronura",NA,"Mustelidae"
"8790","Dromaius novaehollandiae","Dromaius novaehollandiae","Casuariiformes","Aves","Birds","LEAST CONCERN",TRUE,TRUE,FALSE,1,0,0,0,0,"Tissue","species","Dromaius novaehollandiae","Scaffold",3305683,172131,18898,"2018-07-26",96.8,1555020000,40,2,"insdc_open","100.0","droNov1","GCA_003342905.1","Common Emu,Emu",NA,NA,"Dromaius",NA,"Dromaiidae"
"8296","Ambystoma mexicanum","Ambystoma mexicanum","Caudata","Amphibia","Amphibia","CRITICALLY ENDANGERED",TRUE,FALSE,FALSE,1,0,0,0,0,"Tissue","species","Ambystoma mexicanum","Chromosome",1205706733,217996,NA,"2021-04-01",NA,34719000000,14,3,"insdc_open",NA,NA,NA,"Axolotl,Mexican axolotl",NA,NA,"Ambystoma",NA,"Ambystomatidae"
"8319","Pleurodeles waltl","Pleurodeles waltl","Caudata","Amphibia","Amphibia","NEAR THREATENED",TRUE,TRUE,FALSE,2,1,1,0,0,"larvae/Trachea","species","Pleurodeles waltl","Chromosome",1237754594,45590032,13359,"2022-12-05",NA,20929200000,12,3,"insdc_open",NA,NA,NA,"Sharp-ribbed Salamander,Spanish ribbed newt",NA,NA,"Pleurodeles",NA,"Salamandridae"
"9739","Tursiops truncatus","Tursiops truncatus","Artiodactyla","Mammalia","Mammalia","LEAST CONCERN",TRUE,TRUE,TRUE,1,1,1,0,0,"Tissue","species","Tursiops truncatus","Chromosome",108430135,9729386,28904,"2020-03-27",89,3080700000,22,2,"insdc_open","102.0","turTru1","-","Bottlenose dolphin",NA,NA,"Tursiops",NA,"Delphinidae"
"9749","Delphinapterus leucas","Delphinapterus leucas","Artiodactyla","Mammalia","Mammalia","LEAST CONCERN",TRUE,TRUE,TRUE,1,1,1,0,0,"Tissue","species","Delphinapterus leucas","Scaffold",31183418,196689,27561,"2019-08-29",90.7,3217620000,22,2,"insdc_open","101.0","ASM228892v3","GCA_002288925.3","Beluga Whale,Beluga",NA,NA,"Delphinapterus",NA,"Monodontidae"
"9773","Megaptera novaeangliae","Megaptera novaeangliae","Artiodactyla","Mammalia","Mammalia","LEAST CONCERN",TRUE,TRUE,TRUE,1,1,1,0,0,"Tissue","species","Megaptera novaeangliae","Scaffold",9138802,12321,NA,"2019-03-06",NA,2865540000,22,2,"insdc_open",NA,NA,NA,"Humpback Whale,Humpback whale",NA,NA,"Megaptera",NA,"Balaenopteridae"
"9728","Delphinus delphis","Delphinus delphis","Artiodactyla","Mammalia","Mammalia","LEAST CONCERN",TRUE,FALSE,FALSE,1,0,0,0,0,"Tissue","species","Delphinus delphis","Chromosome",108933991,54231611,NA,"2023-05-24",NA,3080700000,22,2,"insdc_open",NA,NA,NA,"Common Dolphin,Common dolphin",NA,NA,"Delphinus",NA,"Delphinidae"
"9886","Muntiacus reevesi","Muntiacus reevesi","Artiodactyla","Mammalia","Mammalia","LEAST CONCERN",TRUE,TRUE,TRUE,1,1,1,0,0,NA,"species","Muntiacus reevesi","Chromosome",113316579,18600000,26044,"2021-10-05",NA,2924220000,23,2,"insdc_open",NA,NA,NA,"Muntiacus reevesi,Reeve's Muntjac",NA,NA,"Muntiacus",NA,"Cervidae"
"54508","Jacana jacana","Jacana jacana","Charadriiformes","Aves","Birds","LEAST CONCERN",TRUE,TRUE,FALSE,1,1,1,0,0,"Trachea","species","Jacana jacana","Scaffold",126631,31221,14651,"2020-07-10",NA,1418100000,41,2,"insdc_open",NA,NA,NA,"Wattled jacana,wattled jacana",NA,NA,"Jacana",NA,"Jacanidae"
"9417","Artibeus jamaicensis","Artibeus jamaicensis","Chiroptera","Mammalia","Mammalia","LEAST CONCERN",TRUE,TRUE,TRUE,1,0,0,0,0,"Tissue","species","Artibeus jamaicensis","Scaffold",22092642,22092642,29413,"2021-12-20",NA,2591700000,15,2,"published","GCF_021234435.1-RS_2023_03",NA,NA,"Jamaican Fruit-eating Bat,Jamaican fruit-eating bat",NA,NA,"Artibeus","Stenodermatinae","Phyllostomidae"
"8901","Nycticorax nycticorax","Nycticorax nycticorax","Pelecaniformes","Aves","Birds","LEAST CONCERN",TRUE,FALSE,FALSE,6,2,2,0,0,"Tissue","species","Nycticorax nycticorax","Scaffold",3016563,73971,NA,"2022-05-16",NA,1320300000,32,2,"insdc_open",NA,NA,NA,"Black-crowned night heron,Black-crowned Night Heron",NA,NA,"Nycticorax",NA,"Ardeidae"
"8928","Ciconia ciconia","Ciconia ciconia","Ciconiiformes","Aves","Birds","LEAST CONCERN",TRUE,FALSE,FALSE,3,1,1,0,0,"Tissue","species","Ciconia ciconia","Scaffold",84601090,31371,NA,"2023-01-06",NA,1545240000,34,2,"insdc_open",NA,NA,NA,"White stork,White Stork",NA,NA,"Ciconia",NA,"Ciconiidae"
"100858","Threskiornis aethiopicus","Threskiornis aethiopicus","Pelecaniformes","Aves","Birds","LEAST CONCERN",TRUE,FALSE,FALSE,1,1,1,0,0,"Tissue/Trachea","species","Threskiornis aethiopicus","Scaffold",90113662,32973,NA,"2023-02-10",NA,1222500000,34,2,"insdc_open",NA,NA,NA,"Sacred ibis",NA,NA,"Threskiornis",NA,"Threskiornithidae"
"57412","Colius striatus","Colius striatus","Coliiformes","Aves","Birds","LEAST CONCERN",TRUE,TRUE,FALSE,2,1,1,0,0,"Trachea","species","Colius striatus","Scaffold",46063,25860,15163,"2014-05-13",83.7,1437660000,38,2,"insdc_open","100.0",NA,NA,"Speckled Mousebird,speckled mousebird",NA,NA,"Colius",NA,"Coliidae"
"8932","Columba livia","Columba livia","Columbiformes","Aves","Birds","LEAST CONCERN",TRUE,TRUE,FALSE,1,0,0,0,0,"Tissue","species","Columba livia","Scaffold",14233134,26627,21046,"2017-12-13",96.8,1442550000,40,2,"insdc_open","102.0",NA,NA,"Rock Dove",NA,NA,"Columba",NA,"Columbidae"
"187106","Caloenas nicobarica","Caloenas nicobarica","Columbiformes","Aves","Birds","NEAR THREATENED",TRUE,TRUE,FALSE,1,0,0,0,0,"Trachea","species","Caloenas nicobarica","Scaffold",20885367,72340,15520,"2020-07-10",NA,1506120000,40,2,"insdc_open",NA,NA,NA,"Nicobar pigeon",NA,NA,"Caloenas",NA,"Columbidae"
"170866","Halcyon malimbica","Halcyon malimbica","Coraciiformes","Aves","Birds","LEAST CONCERN",TRUE,FALSE,FALSE,1,0,0,0,0,"Tissue","species","Halcyon malimbica","Scaffold",63048,26796,NA,"2022-08-01",NA,1545240000,38,2,"insdc_open",NA,NA,NA,NA,NA,NA,"Halcyon",NA,"Alcedinidae"
"121530","Tauraco erythrolophus","Tauraco erythrolophus","Musophagiformes","Aves","Birds","LEAST CONCERN",TRUE,TRUE,FALSE,1,0,0,0,0,"Trachea","species","Tauraco erythrolophus","Scaffold",56334,22885,15194,"2014-06-25",91.1,1396095000,41,2,"insdc_open","100.0",NA,NA,"Red-crested turaco,red-crested turaco",NA,NA,"Tauraco",NA,"Musophagidae"
"9365","Erinaceus europaeus","Erinaceus europaeus","Eulipotyphla","Mammalia","Mammalia","LEAST CONCERN",TRUE,TRUE,TRUE,1,0,0,0,0,"Tissue","species","Erinaceus europaeus","Scaffold",3264618,21359,22762,"2012-09-19",NA,3579480000,24,2,"insdc_open","101.0","eriEur1","-","West European Hedgehog,Hedgehog",NA,NA,"Erinaceus","Erinaceinae","Erinaceidae"
"109475","Suncus etruscus","Suncus etruscus","Eulipotyphla","Mammalia","Mammalia","LEAST CONCERN",TRUE,TRUE,FALSE,1,0,0,0,0,"Tissue","species","Suncus etruscus","Chromosome",131952995,5042816,39091,"2022-07-06",NA,2577030000,21,2,"insdc_open","GCF_024139225.1-RS_2023_02",NA,NA,"Etruscan Shrew,white-toothed pygmy shrew",NA,NA,"Suncus","Crocidurinae","Soricidae"
"148594","Falco naumanni","Falco naumanni","Falconiformes","Aves","Birds","LEAST CONCERN",TRUE,TRUE,FALSE,2,0,0,0,0,"Tissue/Trachea","species","Falco naumanni","Chromosome",91761059,13754753,19775,"2021-03-30",97.1,1403430000,26,2,"insdc_open","100.0",NA,NA,"Lesser Kestrel",NA,NA,"Falco",NA,"Falconidae"
"9031","Gallus gallus domestic","Gallus gallus","Galliformes","Aves","Birds","LEAST CONCERN",TRUE,TRUE,FALSE,1,1,1,0,0,"Tissue","species","Gallus gallus","Chromosome",90861225,18834961,25635,"2021-01-19",96.6,1237170000,39,2,"insdc_open","106.0","bGalGal1.mat.broiler.GRCg7b","GCA_016699485.1","Domestic chicken",NA,"domestic","Gallus",NA,"Phasianidae"
"9049","Pavo cristatus","Pavo cristatus","Galliformes","Aves","Birds","LEAST CONCERN",TRUE,TRUE,FALSE,1,2,2,0,0,"Trachea/Skin","species","Pavo cristatus","Scaffold",11421185,6188159,NA,"2022-01-19",96.3,1310520000,27,2,"insdc_open",NA,"AIIM_Pcri_1.0","GCA_005519975.1","Indian Peafowl,Indian peafowl","Pavo cristatuts",NA,"Pavo",NA,"Phasianidae"
"54359","Psophia crepitans","Psophia crepitans","Gruiformes","Aves","Birds","NEAR THREATENED",TRUE,TRUE,FALSE,1,0,0,0,0,"Tissue","species","Psophia crepitans","Scaffold",468890,58160,15289,"2020-07-10",96.4,1388760000,40,2,"insdc_open",NA,NA,NA,"Grey-winged Trumpeter,common trumpeter",NA,NA,"Psophia",NA,"Psophiidae"
"54383","Eurypyga helias","Eurypyga helias","Gruiformes","Aves","Birds","LEAST CONCERN",TRUE,TRUE,FALSE,1,0,0,0,0,"Tissue","species","Eurypyga helias","Scaffold",47243,24402,15021,"2014-05-13",84.60000000000001,1388760000,40,2,"insdc_open","100.0",NA,NA,"Sunbittern,sunbittern",NA,NA,"Eurypyga",NA,"Eurypygidae"
"52644","Haliaeetus leucocephalus","Haliaeetus leucocephalus","Accipitriformes","Aves","Birds","LEAST CONCERN",TRUE,TRUE,FALSE,1,1,1,0,0,"Tissue","species","Haliaeetus leucocephalus","Scaffold",9145499,105493,15655,"2014-08-04",96.9,1398540000,33,2,"insdc_open","100.0",NA,NA,"Bald Eagle",NA,NA,"Haliaeetus",NA,"Accipitridae"
"109274","Hippocampus abdominalis","Hippocampus abdominalis","Syngnathiformes","Actinopteri","Fish","LEAST CONCERN",TRUE,FALSE,FALSE,2,0,0,0,0,"Lower lobe of Caudal fin/ whole specimen","species","Hippocampus abdominalis","Chromosome",21766359,8410403,NA,"2021-05-25",95.9,567240000,22,2,"insdc_open",NA,NA,NA,"Pot-bellied Seahorse,Big-belly seahorse",NA,NA,"Hippocampus",NA,"Syngnathidae"
"9813","Procavia capensis","Procavia capensis","Hyracoidea","Mammalia","Mammalia","LEAST CONCERN",TRUE,TRUE,TRUE,2,2,2,0,0,"Tissue","species","Procavia capensis","Scaffold",905827,35792,NA,"2014-12-16",93.1,3970679999,27,2,"published",NA,"proCap1","-","Rock hyrax",NA,NA,"Procavia",NA,"Procaviidae"
"7801","Ginglymostoma cirratum","Ginglymostoma cirratum","Orectolobiformes","Chondrichthyes","Fish","VULNERABLE",TRUE,FALSE,FALSE,1,0,0,0,0,"Tissue/uter","species","Ginglymostoma cirratum","Scaffold",40366410,55429,NA,"2022-06-30",NA,3814200000,36,2,"insdc_open",NA,NA,NA,"Nurse shark",NA,NA,"Ginglymostoma",NA,"Ginglymostomatidae"
"137246","Chiloscyllium punctatum","Chiloscyllium punctatum","Orectolobiformes","Chondrichthyes","Fish","NEAR THREATENED",TRUE,TRUE,FALSE,1,0,0,0,0,"Tissue","species","Chiloscyllium punctatum","Scaffold",1963924,21276,33501,"2018-08-02",NA,4459680000,36,2,"insdc_open",NA,NA,NA,"Grey Carpetshark,Brownbanded bamboo shark",NA,NA,"Chiloscyllium",NA,"Hemiscylliidae"
"170820","Hemiscyllium ocellatum","Hemiscyllium ocellatum","Orectolobiformes","Chondrichthyes","Fish","LEAST CONCERN",TRUE,FALSE,FALSE,1,0,0,0,0,"Tissue","species","Hemiscyllium ocellatum","Chromosome",83580160,8845575,NA,"2021-11-05",NA,5388780000,36,2,"insdc_open",NA,NA,NA,"Epaulette Shark,Epaulette shark",NA,NA,"Hemiscyllium",NA,"Hemiscylliidae"
"245042","Lamprotornis superbus","Lamprotornis superbus","Passeriformes","Aves","Birds","LEAST CONCERN",TRUE,TRUE,FALSE,1,0,0,0,0,"Tissue","species","Lamprotornis superbus","Chromosome",72276715,150307,15207,"2022-03-24",95.9,1193160000,40,2,"insdc_open",NA,NA,NA,NA,NA,NA,"Lamprotornis",NA,"Sturnidae"
"43150","Hirundo rustica","Hirundo rustica","Passeriformes","Aves","Birds","LEAST CONCERN",TRUE,TRUE,FALSE,1,0,0,0,0,"Tissue","species","Hirundo rustica","Chromosome",76187387,2794774,18578,"2021-11-30",95.2,1281180000,40,2,"insdc_open","100.0",NA,NA,"Barb Swallow,Barn Swallow",NA,NA,"Hirundo",NA,"Hirundinidae"
"36300","Pelecanus crispus","Pelecanus crispus","Pelecaniformes","Aves","Birds","VULNERABLE",TRUE,TRUE,FALSE,1,1,1,0,0,"Trachea","species","Pelecanus crispus","Scaffold",43364,21679,15587,"2014-05-09",88.7,1290960000,33,2,"insdc_open","100.0",NA,NA,"Dalmatian pelican,Dalmatian Pelican","Pelicanus crispus",NA,"Pelecanus",NA,"Pelecanidae"
"9807","Ceratotherium simum","Ceratotherium simum","Perissodactyla","Mammalia","Mammalia","NEAR THREATENED",TRUE,TRUE,TRUE,3,2,2,0,0,"Blood","species","Ceratotherium simum","Chromosome",67555069,50391373,NA,"2023-04-03",NA,3266520000,41,2,"insdc_open",NA,NA,NA,"Southern white rhinoceros,white rhinoceros",NA,NA,"Ceratotherium",NA,"Rhinocerotidae"
"9217","Phoenicopterus ruber","Phoenicopterus ruber","Phoenicopteriformes","Aves","Birds","LEAST CONCERN",TRUE,FALSE,FALSE,1,0,0,0,0,"Trachea","species","Phoenicopterus ruber","Chromosome",85472901,14700712,NA,"2023-04-03",NA,1354530000,40,2,"insdc_open",NA,NA,NA,"American flamingo,Greater flamingo",NA,NA,"Phoenicopterus",NA,"Phoenicopteridae"
"71006","Myrmecophaga tridactyla","Myrmecophaga tridactyla","Pilosa","Mammalia","Mammalia","VULNERABLE",TRUE,TRUE,TRUE,2,0,0,0,0,"Fetal Sample","species","Myrmecophaga tridactyla","Scaffold",41255,36434,NA,"2019-01-16",NA,4224960000,30,2,"published",NA,NA,NA,"Giant Anteater,Giant anteater",NA,NA,"Myrmecophaga",NA,"Myrmecophagidae"
"129801","Ateles hybridus","Ateles hybridus","Primates","Mammalia","Mammalia","CRITICALLY ENDANGERED",TRUE,FALSE,FALSE,8,7,6,0,1,"Tissue/placenta","species","Ateles hybridus","Scaffold",50515269,50515269,NA,"2021-09-22",NA,3166275000,17,2,"insdc_open",NA,NA,NA,"Brown Spider Monkey,brown spider monkey",NA,NA,"Ateles","Atelinae","Atelidae"
"9447","Lemur catta","Lemur catta","Primates","Mammalia","Mammalia","ENDANGERED",TRUE,TRUE,TRUE,4,2,2,0,0,"Tissue (skin)","species","Lemur catta","Chromosome",102162704,32529614,30858,"2021-11-04",NA,3207840000,28,2,"published","100.0",NA,NA,"Ring-tailed Lemur,Ring-tailed lemur",NA,NA,"Lemur","Lemuridae","Lemuridae"
"9491","Saguinus imperator subgrisescens","Saguinus imperator","Primates","Mammalia","Mammalia","LEAST CONCERN",TRUE,FALSE,FALSE,3,3,3,0,0,"Tissue","species","Saguinus imperator","Scaffold",65636,53787,NA,"2019-01-15",NA,3378990000,23,2,"published",NA,NA,NA,"Bearded Emperor Tamarin,tamarin",NA,"subgrisescens","Saguinus","Callitrichinae","Cebidae"
"9598","Pan troglodytes troglodytes","Pan troglodytes","Primates","Mammalia","Mammalia","ENDANGERED",TRUE,TRUE,FALSE,9,9,9,0,2,"Tissue/Blood","species","Pan troglodytes","Chromosome",144388002,94528342,44705,"2023-02-27",91.5,3613710000,24,2,"insdc_open","GCF_028858775.1-RS_2023_04","Pan_tro_3.0","GCA_000001515.5","Central chimpanzee,Chimpanzee",NA,"troglodytes","Pan",NA,"Hominidae"
"9531","Cercocebus atys lunulatus","Cercocebus atys","Primates","Mammalia","Mammalia","ENDANGERED",TRUE,TRUE,FALSE,6,3,3,0,0,NA,"species","Cercocebus atys","Scaffold",12849131,112942,30556,"2015-03-19",NA,3657720000,21,2,"insdc_open","100.0","Caty_1.0","GCA_000955945.1","White-naped Mangabey,Mangabey","White-naped Mangabey","lunulatus","Cercocebus",NA,"Cercopithecidae"
"9600","Pongo pygmaeus","Pongo pygmaeus","Primates","Mammalia","Mammalia","CRITICALLY ENDANGERED",TRUE,TRUE,FALSE,3,3,3,0,1,"Cell culture / Placenta/ombelical Cordon","species","Pongo pygmaeus","Chromosome",140977933,90555683,39296,"2023-02-28",93.9,3579480000,24,2,"insdc_open","GCF_028885625.1-RS_2023_04",NA,NA,"Orangutan","Pongo pygmaeus pygmaeus",NA,"Pongo",NA,"Hominidae"
"75566","Lophocebus aterrimus","Lophocebus aterrimus","Primates","Mammalia","Mammalia","VULNERABLE",TRUE,FALSE,FALSE,2,2,0,0,0,"Tissue","species","Lophocebus aterrimus","Contig",6802059,6802059,NA,"2022-06-17",94.3,3677280000,21,2,"insdc_open",NA,NA,NA,"Black Mangabey,Black mangabey",NA,NA,"Lophocebus",NA,"Cercopithecidae"
"9561","Mandrillus sphinx","Mandrillus sphinx","Primates","Mammalia","Mammalia","VULNERABLE",TRUE,TRUE,TRUE,2,2,2,0,1,"Tissue","species","Mandrillus sphinx","Contig",20999372,20999372,NA,"2022-06-17",NA,3423000000,21,2,"insdc_open",NA,NA,NA,"Mandrill",NA,NA,"Mandrillus","Cercopithecinae","Cercopithecidae"
"13515","Eulemur fulvus","Eulemur fulvus","Primates","Mammalia","Mammalia","VULNERABLE",TRUE,TRUE,TRUE,2,2,2,0,0,"Tissue","species","Eulemur fulvus","Scaffold",22561,21310,NA,"2019-01-16",58.2,3281190000,24,2,"published",NA,NA,NA,"Common brown lemur,Brown lemur",NA,NA,"Eulemur",NA,"Lemuridae"
"36227","Cercopithecus neglectus","Cercopithecus neglectus","Primates","Mammalia","Mammalia","LEAST CONCERN",TRUE,TRUE,TRUE,1,1,1,0,0,"Tissue","species","Cercopithecus neglectus","Scaffold",10270,9789,NA,"2019-01-16",NA,4762860000,29,2,"published",NA,NA,NA,"De Brazza’s Monkey,De Brazza's monkey",NA,NA,"Cercopithecus","Cercopithecinae","Cercopithecidae"
"9593","Gorilla gorilla","Gorilla gorilla","Primates","Mammalia","Mammalia","CRITICALLY ENDANGERED",TRUE,TRUE,TRUE,3,2,2,0,1,"Blood/Tissue","species","Gorilla gorilla","Chromosome",151559850,124954819,NA,"2023-04-03",NA,3491460000,24,2,"insdc_open","102.0",NA,NA,"Western Gorilla,Western lowland gorilla",NA,NA,"Gorilla",NA,"Hominidae"
"9568","Mandrillus leucophaeus","Mandrillus leucophaeus","Primates","Mammalia","Mammalia","VULNERABLE",TRUE,TRUE,TRUE,3,3,3,0,0,"Tissue","species","Mandrillus leucophaeus","Scaffold",3186748,31346,27850,"2015-03-12",NA,3423000000,21,2,"insdc_open","100.0","Mleu.le_1.0","GCA_000951045.1","Drill,drill",NA,NA,"Mandrillus",NA,"Cercopithecidae"
"9589","Hylobates pileatus","Hylobates pileatus","Primates","Mammalia","Mammalia","ENDANGERED",TRUE,FALSE,FALSE,1,1,1,0,0,"Tissue","species","Hylobates pileatus","Chromosome",131825309,17385161,NA,"2022-01-19",NA,3168720000,22,2,"insdc_open",NA,NA,NA,"Pileated Gibbon,pileated gibbon",NA,NA,"Hylobates",NA,"Hylobatidae"
"9785","Loxodonta africana","Loxodonta africana","Proboscidea","Mammalia","Mammalia","ENDANGERED",TRUE,TRUE,TRUE,1,1,1,0,0,"Tissue","species","Loxodonta africana","Scaffold",46401353,69023,28964,"2009-07-15",NA,4342320000,28,2,"insdc_open","102.0","Loxafr3.0","GCA_000001905.1","African Savanna Elephant,African elephant",NA,NA,"Loxodonta",NA,"Elephantidae"
"51906","Guaruba guarouba","Guaruba guarouba","Psittaciformes","Aves","Birds","VULNERABLE",TRUE,FALSE,FALSE,1,1,1,0,0,"Trachea","species","Guaruba guarouba","Scaffold",29847,19329,NA,"2022-07-21",72.2,1339860000,35,2,"insdc_open",NA,NA,NA,NA,"Guaruba guarouba",NA,"Guaruba",NA,"Psittacidae"
"176024","Eclectus roratus","Eclectus roratus","Psittaciformes","Aves","Birds","LEAST CONCERN",TRUE,FALSE,FALSE,1,1,1,0,0,"Tissue","species","Eclectus roratus","Scaffold",28643,17249,NA,"2022-07-21",66.9,1555020000,35,2,"insdc_open",NA,NA,NA,"Eclectus parrot",NA,NA,"Eclectus",NA,"Psittacidae"
"51900","Anodorhynchus hyacinthinus","Anodorhynchus hyacinthinus","Psittaciformes","Aves","Birds","VULNERABLE",TRUE,FALSE,FALSE,2,1,1,0,0,"Trachea","species","Anodorhynchus hyacinthinus","Scaffold",12605,12520,NA,"2022-07-21",NA,1320300000,35,2,"insdc_open",NA,NA,NA,"Hyacinth macaw",NA,NA,"Anodorhynchus",NA,"Psittacidae"
"151759","Amazona autumnalis","Amazona autumnalis","Psittaciformes","Aves","Birds","CRITICALLY ENDANGERED",TRUE,FALSE,FALSE,2,0,0,0,0,"Tissue (skin)","species","Amazona autumnalis","Scaffold",17050,4664,NA,"2022-07-20",NA,1476780000,35,2,"insdc_open",NA,NA,NA,"Lilacine Amazon,Red-lored parrot","Amazona Lilacina",NA,"Amazona",NA,"Psittacidae"
"176015","Aratinga solstitialis","Aratinga solstitialis","Psittaciformes","Aves","Birds","ENDANGERED",TRUE,FALSE,FALSE,1,1,1,0,0,"Tissue/Trachea","species","Aratinga solstitialis","Scaffold",16980747,236229,NA,"2019-11-14",NA,1339860000,35,2,"insdc_open",NA,NA,NA,"Sun Parakeet,Sun parakeet",NA,NA,"Aratinga",NA,"Psittacidae"
"176013","Ara chloropterus","Ara chloropterus","Psittaciformes","Aves","Birds","LEAST CONCERN",TRUE,FALSE,FALSE,1,1,1,0,0,"Trachea","species","Ara chloropterus","Scaffold",19108,4271,NA,"2022-11-27",NA,1447440000,35,2,"insdc_open",NA,NA,NA,"Red-and-green Macaw,Red-and-green macaw",NA,NA,"Ara",NA,"Psittacidae"
"12930","Amazona aestiva","Amazona aestiva","Psittaciformes","Aves","Birds","NEAR THREATENED",TRUE,TRUE,FALSE,1,0,0,0,0,"Tissue/Trachea","species","Amazona aestiva","Chromosome",89048441,26168,16315,"2021-03-30",92.2,1574580000,35,2,"insdc_open",NA,NA,NA,"Blue-fronted parrot",NA,NA,"Amazona",NA,"Psittacidae"
"9226","Ara ararauna","Ara ararauna","Psittaciformes","Aves","Birds","LEAST CONCERN",TRUE,FALSE,FALSE,2,1,1,0,0,"Trachea","species","Ara ararauna","Chromosome",110438430,38811057,NA,"2023-02-24",NA,1418100000,35,2,"insdc_open",NA,NA,NA,"Blue-and-yellow macaw",NA,NA,"Ara",NA,"Psittacidae"
"467030","Ara rubrogenys","Ara rubrogenys","Psittaciformes","Aves","Birds","CRITICALLY ENDANGERED",TRUE,FALSE,FALSE,1,0,0,0,0,NA,"species","Ara rubrogenys","Scaffold",46382249,46382249,NA,"2022-01-30",NA,1374090000,35,2,"insdc_open",NA,NA,NA,"Red-fronted macaw",NA,NA,"Ara",NA,"Psittacidae"
"10149","Hydrochoerus hydrochaeris","Hydrochoerus hydrochaeris","Rodentia","Mammalia","Mammalia","LEAST CONCERN",TRUE,TRUE,TRUE,1,1,1,0,0,"Tissue","species","Hydrochoerus hydrochaeris","Scaffold",202224,148451,NA,"2019-01-16",NA,3663832500,27,2,"published",NA,NA,NA,"Capybara,capybara",NA,NA,"Hydrochoerus","Hydrochoerinae","Hydrochaeridae"
"29091","Dolichotis patagonum","Dolichotis patagonum","Rodentia","Mammalia","Mammalia","NEAR THREATENED",TRUE,TRUE,TRUE,3,2,2,0,0,"Tissue","species","Dolichotis patagonum","Scaffold",31026,27983,NA,"2019-01-16",72.60000000000001,3618600000,32,2,"published",NA,NA,NA,"Patagonian mara,Patagonian cavy",NA,NA,"Dolichotis","Dolichotinae","Caviidae"
"10137","Hystrix cristata","Hystrix cristata","Rodentia","Mammalia","Mammalia","LEAST CONCERN",TRUE,TRUE,TRUE,1,2,2,0,0,"Tissue","species","Hystrix cristata","Scaffold",64768,57102,NA,"2019-01-16",NA,3663832500,24,2,"published",NA,NA,NA,"Short-tailed porcupine,crested porcupine","Hystrix",NA,"Hystrix",NA,"Hystricidae"
"10085","Cricetomys gambianus","Cricetomys gambianus","Rodentia","Mammalia","Mammalia","LEAST CONCERN",TRUE,TRUE,TRUE,1,0,0,0,0,"Tissue","species","Cricetomys gambianus","Scaffold",110049,80761,NA,"2019-01-16",82.10000000000001,3110040000,16,2,"published",NA,NA,NA,"Gambian giant pouched rat",NA,NA,"Cricetomys",NA,"Nesomyidae"
"8030","Salmo salar","Salmo salar","Salmoniformes","Actinopteri","Fish","LEAST CONCERN",TRUE,TRUE,FALSE,2,0,0,0,0,"Tissue","species","Salmo salar","Chromosome",28058890,28058890,65343,"2021-04-21",NA,3031800000,29,1,"insdc_open","102.0","Ssal_v3.1","GCA_905237065.2","Atlantic Samon,Atlantic salmon",NA,NA,"Salmo",NA,"Salmonidae"
"92683","Spheniscus demersus","Spheniscus demersus","Sphenisciformes","Aves","Birds","ENDANGERED",TRUE,TRUE,FALSE,3,2,2,0,0,"Tissue","species","Spheniscus demersus","Scaffold",15386364,109372,15881,"2020-01-31",96,1594140000,36,2,"insdc_open",NA,NA,NA,"Jackass penguin",NA,NA,"Spheniscus",NA,"Spheniscidae"
"9240","Spheniscus humboldti","Spheniscus humboldti","Sphenisciformes","Aves","Birds","VULNERABLE",TRUE,TRUE,FALSE,1,1,1,0,0,"Tissue","species","Spheniscus humboldti","Chromosome",89079306,13936613,16378,"2022-12-28",97.5,1594140000,39,2,"insdc_open",NA,NA,NA,"Humboldt penguin,Humboldt's penguin",NA,NA,"Spheniscus",NA,"Spheniscidae"
"187939","Furcifer pardalis","Furcifer pardalis","Squamata","Lepidosauria","Reptil","LEAST CONCERN",TRUE,FALSE,FALSE,1,0,0,0,0,"Tissue","species","Furcifer pardalis","Chromosome",184669281,158731830,NA,"2023-07-12",NA,2449889999,11,2,"insdc_open",NA,NA,NA,NA,NA,NA,"Furcifer",NA,"Chamaeleonidae"
"481883","Eublepharis macularius","Eublepharis macularius","Squamata","Lepidosauria","Reptil","LEAST CONCERN",TRUE,TRUE,FALSE,1,0,0,0,0,"Trachea","species","Eublepharis macularius","Chromosome",145573841,80105973,24025,"2023-02-10",NA,2405880000,19,2,"insdc_open","GCF_028583425.1-RS_2023_03",NA,NA,"Leopard gecko",NA,NA,"Eublepharis",NA,"Eublepharidae"
"56313","Tyto alba","Tyto alba","Strigiformes","Aves","Birds","LEAST CONCERN",TRUE,TRUE,FALSE,1,1,1,0,0,"Tissue","species","Tyto alba","Scaffold",36032128,17955177,19198,"2021-06-03",84.2,1594140000,46,2,"insdc_open","102.0",NA,NA,"Common Barn-owl,Owl, Barn",NA,NA,"Tyto",NA,"Tytonidae"
"371907","Bubo scandiacus","Bubo scandiacus","Strigiformes","Aves","Birds","VULNERABLE",TRUE,FALSE,FALSE,1,0,0,0,0,"Tissue/Trachea","species","Bubo scandiacus","Scaffold",19757310,196832,NA,"2021-03-09",96.7,1643040000,40,2,"insdc_open",NA,NA,NA,"Snowy Owl,Owl, Snowy",NA,NA,"Bubo",NA,"Strigidae"
"8787","Casuarius casuarius","Casuarius casuarius","Casuariiformes","Aves","Birds","LEAST CONCERN",TRUE,TRUE,FALSE,1,1,1,0,0,"Trachea/Skin","species","Casuarius casuarius","Scaffold",3704890,165721,15110,"2018-07-26",NA,1555020000,46,2,"insdc_open",NA,NA,NA,"Southern cassowary,southern cassowary",NA,NA,"Casuarius",NA,"Casuariidae"
"8797","Rhea americana","Rhea americana","Rheiformes","Aves","Birds","NEAR THREATENED",TRUE,FALSE,FALSE,1,1,1,0,0,"Trachea/Skin","species","Rhea americana","Scaffold",3949999,88762,NA,"2018-07-26",96.9,1555020000,28,2,"insdc_open",NA,NA,NA,"Greater rhea,greater rhea",NA,NA,"Rhea",NA,"Rheidae"
"41426","Phacochoerus africanus","Phacochoerus africanus","Artiodactyla","Mammalia","Mammalia","LEAST CONCERN",TRUE,TRUE,FALSE,4,4,4,0,0,"Tissue","species","Phacochoerus africanus","Chromosome",141887063,10602503,27929,"2021-02-19",95.6,2885100000,17,2,"insdc_open","GCF_016906955.1-RS_2023_03",NA,NA,"Warthog,Common warthog",NA,NA,"Phacochoerus",NA,"Suidae"
"161584","Syngnathus acus","Syngnathus acus","Syngnathiformes","Actinopteri","Fish","LEAST CONCERN",TRUE,TRUE,FALSE,1,0,0,0,0,"Tissue","species","Syngnathus acus","Chromosome",14974571,11959915,24927,"2020-07-31",94.9,533010000,22,2,"insdc_open","100.0",NA,NA,"Longsnout Pipefish,greater pipefish",NA,NA,"Syngnathus",NA,"Syngnathidae"
"167804","Aldabrachelys gigantea","Aldabrachelys gigantea","Testudines",NA,"Reptil","VULNERABLE",TRUE,FALSE,FALSE,1,0,0,0,0,NA,"species","Aldabrachelys gigantea","Chromosome",148569599,58656949,NA,"2022-11-15",NA,2889990000,26,2,"insdc_open",NA,NA,NA,"Aldabra giant tortoise","Geochelone gigantea",NA,"Aldabrachelys",NA,"Testudinidae"
"8467","Caretta caretta","Caretta caretta","Testudines",NA,"Reptil","VULNERABLE",TRUE,TRUE,FALSE,2,2,0,2,0,"Blood","species","Caretta caretta","Chromosome",130956235,18214114,24923,"2022-06-07",NA,2581920000,27,2,"insdc_open","100.0",NA,NA,"Loggerhead Turtle,Turtle, Loggerhead Sea",NA,NA,"Caretta",NA,"Cheloniidae"
"9783","Elephas maximus","Elephas maximus","Proboscidea","Mammalia","Mammalia","ENDANGERED",TRUE,TRUE,TRUE,4,4,1,3,0,"Blood, Tissue (ear)/Umbellical Cordon/Placenta","species","Elephas maximus","Scaffold",102334419,252430,NA,"2023-06-16",94.2,3941340000,28,2,"insdc_open",NA,NA,NA,"Asian Elephant, Sumatran elephant,Asian elephant","","sumatranus","Elephas","","Elephantidae"
"9796","Equus caballus","Equus caballus","Perissodactyla","Mammalia","Mammalia","ENDANGERED",TRUE,TRUE,TRUE,2,2,2,0,0,"Placenta/ Umbilical Cordon, Tissue (ear)","species","Equus caballus","Chromosome",87230776,1502753,33146,"2018-01-05",NA,3110040000,32,2,"insdc_open","103.0","EquCab3.0","GCA_002863925.1","Przewalski's horse, Horse (domestic),Horse","","przewalskii","Equus","","Equidae"
"89248","Equus quagga","Equus quagga","Perissodactyla","Mammalia","Mammalia","NEAR THREATENED",TRUE,TRUE,TRUE,3,2,2,0,0,"Tissue","species","Equus quagga","Chromosome",122556673,427941,27599,"2022-01-31",NA,3481680000,22,2,"insdc_open","GCF_021613505.1-RS_2023_03",NA,NA,NA,"Equus quagga chapmani","burchelli","Equus","","Equidae"
"9986","Oryctolagus cuniculus","Oryctolagus cuniculus","Lagomorpha","Mammalia","Mammalia","ENDANGERED",TRUE,TRUE,TRUE,2,1,1,0,0,"Tissue","species","Oryctolagus cuniculus","Chromosome",111644748,337730,37497,"2021-02-04",87.7,3188280000,22,2,"insdc_open","GCF_009806435.1-RS_2023_02","OryCun2.0","GCA_000003625.1","European rabbit,Rabbit","Ibicean Rabbit","ibicea","Oryctolagus","","Leporidae"
"9691","Panthera pardus","Panthera pardus","Carnivora","Mammalia","Mammalia","VULNERABLE",TRUE,TRUE,TRUE,2,2,2,0,0,"Tissue","species","Panthera pardus","Scaffold",126810544,22236240,34379,"2022-07-21",NA,2767740000,19,2,"insdc_open","GCF_024362965.1-RS_2023_02","PanPar1.0","GCA_001857705.1","Leopard, Persian leopard,leopard","","kotiya, saxicolor","Panthera","","Felidae"
NA,"Butorides striata","Butorides striata","Pelecaniformes","Aves","Birds","LEAST CONCERN",FALSE,FALSE,FALSE,2,1,1,0,0,NA,NA,NA,NA,NA,NA,NA,NA,NA,NA,NA,NA,NA,NA,NA,NA,"Striated heron,green-backed heron",NA,NA,"Butorides",NA,"Ardeidae"
NA,"Marmaronetta angustirostris","Marmaronetta angustirostris","Anseriformes","Aves","Birds","VULNERABLE",FALSE,FALSE,FALSE,1,0,0,0,0,NA,NA,NA,NA,NA,NA,NA,NA,NA,NA,NA,NA,NA,NA,NA,NA,"Marbled Teal,Marbled teal",NA,NA,"Marmaronetta",NA,"Anatidae"
"219594","Netta peposaca","Netta peposaca","Anseriformes","Aves","Birds","LEAST CONCERN",TRUE,TRUE,FALSE,1,0,0,0,0,"Tissue (trachea)","family","Aythya fuligula","Chromosome",85905639,17816505,17219,"2019-12-31",96.9,1349640000,40,2,"insdc_open","100.0",NA,NA,"Rosy-billed Pochard,rosy-billed pochard",NA,NA,"Netta",NA,"Anatidae"
NA,"Netta rufina","Netta rufina","Anseriformes","Aves","Birds","LEAST CONCERN",FALSE,FALSE,FALSE,1,1,1,0,0,"Tissue",NA,NA,NA,NA,NA,NA,NA,NA,NA,NA,NA,NA,NA,NA,NA,"Red-crested Pochard",NA,NA,"Netta",NA,"Anatidae"
NA,"Cygnus melancoryphus","Cygnus melancoryphus","Anseriformes","Aves","Birds","LEAST CONCERN",FALSE,FALSE,FALSE,1,1,1,0,0,"Trachea",NA,NA,NA,NA,NA,NA,NA,NA,NA,NA,NA,NA,NA,NA,NA,"Black-necked swan",NA,NA,"Cygnus",NA,"Anatidae"
NA,"Alytes muletensis","Alytes muletensis","Anura","Amphibia","Amphibia","ENDANGERED",FALSE,FALSE,FALSE,4,0,0,0,0,"Tissue (skin)",NA,NA,NA,NA,NA,NA,NA,NA,NA,NA,NA,NA,NA,NA,NA,"Mallorcan midwife toad",NA,NA,"Alytes",NA,"Alytidae"
NA,"Agalychnis callidryas","Agalychnis callidryas","Anura","Amphibia","Amphibia","LEAST CONCERN",FALSE,FALSE,FALSE,1,0,0,0,0,"Tissue",NA,NA,NA,NA,NA,NA,NA,NA,NA,NA,NA,NA,NA,NA,NA,"Red-eyed Treefrog,red-eyed leaf frog",NA,NA,"Agalychnis",NA,"Hylidae"
"8895","Apus pallidus","Apus pallidus","Apodiformes","Aves","Birds","LEAST CONCERN",TRUE,TRUE,FALSE,3,0,0,0,0,NA,"genus","Apus apus","Chromosome",115508478,25561769,16724,"2021-11-04",NA,1251840000,39,2,"insdc_open","GCF_020740795.1-RS_2023_02",NA,NA,"Pallid Swift",NA,NA,"Apus",NA,"Apodidae"
NA,"Gazella dorcas","Gazella dorcas","Artiodactyla","Mammalia","Mammalia","VULNERABLE",FALSE,FALSE,FALSE,9,6,6,0,0,"tissue (ear)",NA,NA,NA,NA,NA,NA,NA,NA,NA,NA,NA,NA,NA,NA,NA,"Dorcas Gazelle,Dorcas gazelle",NA,NA,"Gazella","Antilopinae","Bovidae"
NA,"Ammotragus lervia fassini","Ammotragus lervia","Artiodactyla","Mammalia","Mammalia","VULNERABLE",FALSE,FALSE,FALSE,4,3,3,0,0,"Tissue",NA,NA,NA,NA,NA,NA,NA,NA,NA,NA,NA,NA,NA,NA,NA,"Barbary Sheep,aoudad",NA,"fassini","Ammotragus","Caprinae","Bovidae"
NA,"Gazella cuvieri","Gazella cuvieri","Artiodactyla","Mammalia","Mammalia","VULNERABLE",FALSE,FALSE,FALSE,1,1,1,0,0,"Tissue",NA,NA,NA,NA,NA,NA,NA,NA,NA,NA,NA,NA,NA,NA,NA,"Cuvier's Gazelle,Cuvier's gazelle",NA,NA,"Gazella","Antilopinae","Bovidae"
"69297","Tragelaphus spekii","Tragelaphus spekii","Artiodactyla","Mammalia","Mammalia","LEAST CONCERN",TRUE,FALSE,FALSE,2,1,1,0,0,"Tissue (placenta/ombelical cordon)","genus","Tragelaphus eurycerus","Contig",21206903,21206903,NA,"2022-03-28",NA,3853320000,15,2,"insdc_open",NA,NA,NA,"Sitatunga",NA,NA,"Tragelaphus","Bovinae","Bovidae"
"9901","Bison bonasus","Bison bonasus","Artiodactyla","Mammalia","Mammalia","NEAR THREATENED",TRUE,FALSE,FALSE,3,3,2,1,0,"Blood/Tissue","genus","Bison bison","Scaffold",7192658,19971,NA,"2023-04-03",NA,4792200000,30,2,"insdc_open",NA,NA,NA,"Bison,European bison",NA,NA,"Bison","Bovinae","Bovidae"
"9927","Connochaetes gnou","Connochaetes gnou","Artiodactyla","Mammalia","Mammalia","LEAST CONCERN",TRUE,FALSE,FALSE,1,2,1,1,0,"Tissue","genus","Connochaetes taurinus","Scaffold",366224,70608,NA,"2019-06-24",NA,3853320000,29,2,"insdc_open",NA,NA,NA,"Black Wildebeest,black wildebeest",NA,NA,"Connochaetes",NA,"Bovidae"
"57737","Axis axis","Axis axis","Artiodactyla","Mammalia","Mammalia","LEAST CONCERN",TRUE,FALSE,FALSE,1,1,1,0,0,"Tissue","genus","Axis porcinus","Scaffold",20764858,172761,NA,"2018-11-20",NA,3168720000,33,2,"insdc_open",NA,NA,NA,"Spotted deer,chital",NA,NA,"Axis",NA,"Cervidae"
NA,"Dama dama","Dama dama","Artiodactyla","Mammalia","Mammalia","LEAST CONCERN",FALSE,FALSE,FALSE,1,1,1,0,0,"Tissue",NA,NA,NA,NA,NA,NA,NA,NA,NA,NA,NA,NA,NA,NA,NA,"Fallow deer",NA,NA,"Dama",NA,"Cervidae"
NA,"Potamochoerus porcus","Potamochoerus porcus","Artiodactyla","Mammalia","Mammalia","LEAST CONCERN",FALSE,FALSE,FALSE,2,2,2,0,0,"Tissue",NA,NA,NA,NA,NA,NA,NA,NA,NA,NA,NA,NA,NA,NA,NA,"Red River Hog,red river hog",NA,NA,"Potamochoerus",NA,"Suidae"
"9923","Capra pyrenaica hispanica","Capra pyrenaica","Artiodactyla","Mammalia","Mammalia","LEAST CONCERN",TRUE,FALSE,FALSE,1,1,1,0,0,"Tissue","genus","Capra aegagrus","Chromosome",91317560,19347,NA,"2015-04-24",88.2,3163830000,30,2,"insdc_open",NA,NA,NA,"Spanish ibex",NA,"hispanica","Capra",NA,"Bovidae"
NA,"Sargocentron diadema","Sargocentron diadema","Holocentriformes","Actinopteri","Fish","LEAST CONCERN",FALSE,FALSE,FALSE,1,0,0,0,0,"Caudal Fin",NA,NA,NA,NA,NA,NA,NA,NA,NA,NA,NA,NA,NA,NA,NA,"Crown Squirrelfish,crown squirrelfish",NA,NA,"Sargocentron",NA,"Holocentridae"
NA,"Bucorvus leadbeateri","Bucorvus leadbeateri","Bucerotiformes","Aves","Birds","VULNERABLE",FALSE,FALSE,FALSE,1,1,1,0,0,"Trachea",NA,NA,NA,NA,NA,NA,NA,NA,NA,NA,NA,NA,NA,NA,NA,"Southern ground hornbill,southern ground hornbill",NA,NA,"Bucorvus",NA,"Bucorvidae"
NA,"Carcharhinus amblyrhynchos","Carcharhinus amblyrhynchos","Carcharhiniformes","Chondrichthyes","Fish","ENDANGERED",FALSE,FALSE,FALSE,1,0,0,0,0,"Tissue",NA,NA,NA,NA,NA,NA,NA,NA,NA,NA,NA,NA,NA,NA,NA,"Grey Reef Shark,Grey reef shark","Carcharhinus amblyrhynchos",NA,"Carcharhinus",NA,"Carcharhinidae"
NA,"Leopardus pardalis","Leopardus pardalis","Carnivora","Mammalia","Mammalia","LEAST CONCERN",FALSE,FALSE,FALSE,1,1,1,0,0,NA,NA,NA,NA,NA,NA,NA,NA,NA,NA,NA,NA,NA,NA,NA,NA,"Ocelot,ocelot",NA,NA,"Leopardus","Felinae","Felidae"
NA,"Ailurus fulgens","Ailurus fulgens","Carnivora","Mammalia","Mammalia","ENDANGERED",TRUE,TRUE,TRUE,5,4,4,0,0,"Tissue",NA,NA,NA,NA,NA,NA,NA,NA,NA,NA,NA,NA,NA,NA,NA,"Red Panda,lesser panda",NA,NA,"Ailurus",NA,"Ailuridae"
NA,"Aonyx cinereus","Aonyx cinereus","Carnivora","Mammalia","Mammalia","VULNERABLE",TRUE,TRUE,TRUE,1,0,0,0,0,"Tissue",NA,NA,NA,NA,NA,NA,NA,NA,NA,NA,NA,NA,NA,NA,NA,"Asian Small-clawed Otter,Asian small-clawed otter",NA,NA,"Aonyx",NA,"Mustelidae"
NA,"Calotriton arnoldi","Calotriton arnoldi","Caudata","Amphibia","Amphibia","CRITICALLY ENDANGERED",FALSE,FALSE,FALSE,5,0,0,0,0,"tongue/head/skin/testicles/frozen tail/trachea",NA,NA,NA,NA,NA,NA,NA,NA,NA,NA,NA,NA,NA,NA,NA,"Montseny Brook newt,Montseny brook newt",NA,NA,"Calotriton","Pleurodelinae","Salamandridae"
NA,"Pteropus lylei","Pteropus lylei","Chiroptera","Mammalia","Mammalia","VULNERABLE",FALSE,FALSE,FALSE,3,3,3,0,0,"Tissue/ear",NA,NA,NA,NA,NA,NA,NA,NA,NA,NA,NA,NA,NA,NA,NA,"Lyle's flying fox,Lyles flying fox","Pteropus liley",NA,"Pteropus",NA,"Pteropodidae"
NA,"Geronticus eremita","Geronticus eremita","Pelecaniformes","Aves","Birds","ENDANGERED",FALSE,FALSE,FALSE,6,1,1,0,0,NA,NA,NA,NA,NA,NA,NA,NA,NA,NA,NA,NA,NA,NA,NA,NA,"Waldrapp ibis,northern bald ibis",NA,NA,"Geronticus",NA,"Threskiornithidae"
NA,"Platalea leucorodia","Platalea leucorodia","Pelecaniformes","Aves","Birds","LEAST CONCERN",FALSE,FALSE,FALSE,2,1,1,0,0,NA,NA,NA,NA,NA,NA,NA,NA,NA,NA,NA,NA,NA,NA,NA,NA,"Eurasian spoonbill,Eurasian Spoonbill",NA,NA,"Platalea",NA,"Threskiornithidae"
NA,"Plegadis falcinellus","Plegadis falcinellus","Pelecaniformes","Aves","Birds","LEAST CONCERN",FALSE,FALSE,FALSE,4,1,1,0,0,NA,NA,NA,NA,NA,NA,NA,NA,NA,NA,NA,NA,NA,NA,NA,NA,"Glossy Ibis","Plegasid falcinellus",NA,"Plegadis",NA,"Threskiornithidae"
NA,"Eudocimus ruber","Eudocimus ruber","Pelecaniformes","Aves","Birds","LEAST CONCERN",FALSE,FALSE,FALSE,2,2,2,0,0,"Tissue/Trachea",NA,NA,NA,NA,NA,NA,NA,NA,NA,NA,NA,NA,NA,NA,NA,NA,NA,NA,"Eudocimus",NA,"Threskiornithidae"
NA,"Platalea ajaja","Platalea ajaja","Pelecaniformes","Aves","Birds","LEAST CONCERN",FALSE,FALSE,FALSE,1,0,0,0,0,"Trachea",NA,NA,NA,NA,NA,NA,NA,NA,NA,NA,NA,NA,NA,NA,NA,NA,NA,NA,"Platalea",NA,"Threskiornithidae"
NA,"Ixobrychus minutus","Ixobrychus minutus","Pelecaniformes","Aves","Birds","LEAST CONCERN",FALSE,FALSE,FALSE,1,0,0,0,0,"Trachea",NA,NA,NA,NA,NA,NA,NA,NA,NA,NA,NA,NA,NA,NA,NA,"Little bittern,Bittern, Little",NA,NA,"Ixobrychus",NA,"Ardeidae"
NA,"Engraulis encrasicolus","Engraulis encrasicolus","Clupeiformes","Actinopteri","Fish","LEAST CONCERN",FALSE,FALSE,FALSE,1,0,0,0,0,"Tissue (whole specimen)",NA,NA,NA,NA,NA,NA,NA,NA,NA,NA,NA,NA,NA,NA,NA,"European Anchovy,European anchovy",NA,NA,"Engraulis",NA,"Engraulidae"
NA,"Streptopelia decaocto","Streptopelia decaocto","Columbiformes","Aves","Birds","LEAST CONCERN",FALSE,FALSE,FALSE,1,1,1,0,0,"Tissue",NA,NA,NA,NA,NA,NA,NA,NA,NA,NA,NA,NA,NA,NA,NA,"Eurasian Collared-dove,Eurasian Collared Dove",NA,NA,"Streptopelia",NA,"Columbidae"
NA,"Columba palumbus","Columba palumbus","Columbiformes","Aves","Birds","LEAST CONCERN",FALSE,FALSE,FALSE,1,0,0,0,0,"Tissue",NA,NA,NA,NA,NA,NA,NA,NA,NA,NA,NA,NA,NA,NA,NA,"Common Woodpigeon,Common Wood Pigeon",NA,NA,"Columba",NA,"Columbidae"
NA,"Ptilinopus melanospilus","Ptilinopus melanospilus","Columbiformes","Aves","Birds","NA",FALSE,FALSE,FALSE,1,1,1,0,0,"Tissue",NA,NA,NA,NA,NA,NA,NA,NA,NA,NA,NA,NA,NA,NA,NA,"Black-naped Fruit-dove,black-naped fruit-dove",NA,NA,"Ptilinopus",NA,"Columbidae"
NA,"Zenaida graysoni","Zenaida graysoni","Columbiformes","Aves","Birds","EXTINCT IN THE WILD",FALSE,FALSE,FALSE,1,1,1,0,0,"Tissue",NA,NA,NA,NA,NA,NA,NA,NA,NA,NA,NA,NA,NA,NA,NA,"Socorro dove",NA,NA,"Zenaida",NA,"Columbidae"
NA,"Gallicolumba luzonica","Gallicolumba luzonica","Columbiformes","Aves","Birds","NEAR THREATENED",FALSE,FALSE,FALSE,3,1,1,0,0,"Trachea",NA,NA,NA,NA,NA,NA,NA,NA,NA,NA,NA,NA,NA,NA,NA,NA,NA,NA,"Gallicolumba",NA,"Columbidae"
NA,"Dacelo novaeguineae","Dacelo novaeguineae","Coraciiformes","Aves","Birds","LEAST CONCERN",FALSE,FALSE,FALSE,1,0,0,0,0,"Trachea",NA,NA,NA,NA,NA,NA,NA,NA,NA,NA,NA,NA,NA,NA,NA,"Laughing kookaburra",NA,NA,"Dacelo",NA,"Alcedinidae"
NA,"Paleosuchus palpebrosus","Paleosuchus palpebrosus","Crocodylia",NA,"Reptil","LEAST CONCERN",FALSE,FALSE,FALSE,1,0,0,0,0,"Trachea",NA,NA,NA,NA,NA,NA,NA,NA,NA,NA,NA,NA,NA,NA,NA,"Dwarf caiman,Cuvier's dwarf caiman","Paleosunchus palpebrosus",NA,"Paleosuchus","Caimaninae","Alligatoridae"
NA,"Crocodylus rhombifer","Crocodylus rhombifer","Crocodylia",NA,"Reptil","CRITICALLY ENDANGERED",FALSE,FALSE,FALSE,1,1,1,0,0,"Trachea",NA,NA,NA,NA,NA,NA,NA,NA,NA,NA,NA,NA,NA,NA,NA,"Cuban Crocodile,Cuban crocodile","Crocodylus rhombifer",NA,"Crocodylus",NA,"Crocodylidae"
NA,"Osteolaemus tetraspis","Osteolaemus tetraspis","Crocodylia",NA,"Reptil","VULNERABLE",FALSE,FALSE,FALSE,1,1,1,0,0,"Trachea",NA,NA,NA,NA,NA,NA,NA,NA,NA,NA,NA,NA,NA,NA,NA,"Dwarf crocodile,dwarf crocodile",NA,NA,"Osteolaemus",NA,"Crocodylidae"
NA,"Musophaga violacea","Musophaga violacea","Musophagiformes","Aves","Birds","LEAST CONCERN",FALSE,FALSE,FALSE,1,0,0,0,0,"Trachea",NA,NA,NA,NA,NA,NA,NA,NA,NA,NA,NA,NA,NA,NA,NA,"Violet turaco,violet turaco",NA,NA,"Musophaga",NA,"Musophagidae"
NA,"Tauraco leucotis","Tauraco leucotis","Musophagiformes","Aves","Birds","LEAST CONCERN",FALSE,FALSE,FALSE,1,0,0,0,0,"Trachea",NA,NA,NA,NA,NA,NA,NA,NA,NA,NA,NA,NA,NA,NA,NA,"White-cheeked turaco,white-cheeked turaco",NA,NA,"Tauraco",NA,"Musophagidae"
NA,"Notamacropus rufogriseus","Notamacropus rufogriseus","Diprotodontia","Mammalia","Mammalia","LEAST CONCERN",FALSE,FALSE,FALSE,7,5,5,0,0,NA,NA,NA,NA,NA,NA,NA,NA,NA,NA,NA,NA,NA,NA,NA,NA,"Red-necked Wallaby,red-necked wallaby","Macropus rufogriseus",NA,"Notamacropus",NA,"Macropodidae"
NA,"Petrogale xanthopus","Petrogale xanthopus","Diprotodontia","Mammalia","Mammalia","NEAR THREATENED",FALSE,FALSE,FALSE,1,1,1,0,0,"Tissue",NA,NA,NA,NA,NA,NA,NA,NA,NA,NA,NA,NA,NA,NA,NA,"Yellow-footed Rock Wallaby,ring-tailed rock wallaby",NA,NA,"Petrogale","Macropodinae","Macropodidae"
NA,"Osphranter rufus","Osphranter rufus","Diprotodontia","Mammalia","Mammalia","LEAST CONCERN",FALSE,FALSE,FALSE,3,3,3,0,0,"Tissue",NA,NA,NA,NA,NA,NA,NA,NA,NA,NA,NA,NA,NA,NA,NA,"Red kangaroo","Macropus rufus",NA,"Osphranter",NA,"Macropodidae"
"140446","Lophura edwardsi","Lophura edwardsi","Galliformes","Aves","Birds","CRITICALLY ENDANGERED",TRUE,FALSE,FALSE,1,1,1,0,0,"Trachea","genus","Lophura swinhoii","Chromosome",61385513,11027439,NA,"2023-07-05",NA,1237170000,27,2,"insdc_open",NA,NA,NA,"Vietnam pheasant,Edwards's pheasant",NA,NA,"Lophura",NA,"Phasianidae"
NA,"Polyplectron napoleonis","Polyplectron napoleonis","Galliformes","Aves","Birds","VULNERABLE",FALSE,FALSE,FALSE,2,2,2,0,0,"Trachea",NA,NA,NA,NA,NA,NA,NA,NA,NA,NA,NA,NA,NA,NA,NA,NA,NA,NA,"Polyplectron",NA,"Phasianidae"
NA,"Gallinula chloropus","Gallinula chloropus","Gruiformes","Aves","Birds","LEAST CONCERN",FALSE,FALSE,FALSE,2,0,0,0,0,NA,NA,NA,NA,NA,NA,NA,NA,NA,NA,NA,NA,NA,NA,NA,NA,"Common Moorhen",NA,NA,"Gallinula",NA,"Rallidae"
"925459","Balearica pavonina","Balearica pavonina","Gruiformes","Aves","Birds","VULNERABLE",TRUE,FALSE,FALSE,1,0,0,0,0,NA,"genus","Balearica regulorum","Scaffold",85725473,21923,NA,"2023-04-03",NA,1418100000,40,2,"insdc_open",NA,NA,NA,"Black Crowned Crane,Black (W. African) crowned crane",NA,NA,"Balearica",NA,"Gruidae"
NA,"Scissirostrum dubium","Scissirostrum dubium","Passeriformes","Aves","Birds","LEAST CONCERN",FALSE,FALSE,FALSE,3,1,1,0,0,"Tissue (skin)",NA,NA,NA,NA,NA,NA,NA,NA,NA,NA,NA,NA,NA,NA,NA,"Grosbeak Starling,finch-billed myna",NA,NA,"Scissirostrum",NA,"Sturnidae"
"59894","Ficedula hypoleuca","Ficedula hypoleuca","Passeriformes","Aves","Birds","LEAST CONCERN",TRUE,TRUE,FALSE,1,0,0,0,0,"Tissue","genus","Ficedula albicollis","Chromosome",6542656,410964,16880,"2013-06-27",95.9,1234725000,40,2,"insdc_open","101.0","FicAlb1.5","GCA_000247815.2","European pied flycatcher,European Pied Flycatcher",NA,NA,"Ficedula",NA,"Muscicapidae"
NA,"Chloris chloris","Chloris chloris","Passeriformes","Aves","Birds","LEAST CONCERN",FALSE,FALSE,FALSE,1,0,0,0,0,"Tissue",NA,NA,NA,NA,NA,NA,NA,NA,NA,NA,NA,NA,NA,NA,NA,"European Greenfinch",NA,NA,"Chloris",NA,"Fringillidae"
NA,"Delichon urbicum","Delichon urbicum","Passeriformes","Aves","Birds","LEAST CONCERN",FALSE,FALSE,FALSE,1,0,0,0,0,"Tissue",NA,NA,NA,NA,NA,NA,NA,NA,NA,NA,NA,NA,NA,NA,NA,"Northern House Martin,Common House Martin",NA,NA,"Delichon",NA,"Hirundinidae"
NA,"Carduelis carduelis","Carduelis carduelis","Passeriformes","Aves","Birds","LEAST CONCERN",FALSE,FALSE,FALSE,1,0,0,0,0,"Tissue",NA,NA,NA,NA,NA,NA,NA,NA,NA,NA,NA,NA,NA,NA,NA,"European Goldfinch",NA,NA,"Carduelis",NA,"Fringillidae"
NA,"Lanius senator","Lanius senator","Passeriformes","Aves","Birds","LEAST CONCERN",FALSE,FALSE,FALSE,1,0,0,0,0,"Trachea",NA,NA,NA,NA,NA,NA,NA,NA,NA,NA,NA,NA,NA,NA,NA,"Woodchat Shrike",NA,NA,"Lanius",NA,"Laniidae"
NA,"Cyanocorax yncas","Cyanocorax yncas","Passeriformes","Aves","Birds","LEAST CONCERN",FALSE,FALSE,FALSE,1,0,0,0,0,"Trachea",NA,NA,NA,NA,NA,NA,NA,NA,NA,NA,NA,NA,NA,NA,NA,"Green jay,green jay",NA,NA,"Cyanocorax",NA,"Corvidae"
NA,"Diplodus vulgaris","Diplodus vulgaris","Spariformes","Actinopteri","Fish","LEAST CONCERN",FALSE,FALSE,FALSE,1,0,0,0,0,"Aleta Caudal",NA,NA,NA,NA,NA,NA,NA,NA,NA,NA,NA,NA,NA,NA,NA,"Seabream,Common two-banded seabream",NA,NA,"Diplodus",NA,"Sparidae"
"89248","Equus ferus","Equus ferus","Perissodactyla","Mammalia","Mammalia","NA",TRUE,TRUE,FALSE,2,2,0,2,0,"Blood","genus","Equus quagga","Chromosome",122556673,427941,27599,"2022-01-31",NA,3481680000,22,2,"insdc_open","GCF_021613505.1-RS_2023_03",NA,NA,"Monchio Horse,tarpan","Monchino Horse",NA,"Equus",NA,"Equidae"
NA,"Phoenicopterus roseus","Phoenicopterus roseus","Phoenicopteriformes","Aves","Birds","LEAST CONCERN",FALSE,FALSE,FALSE,1,0,0,0,0,"Tissue",NA,NA,NA,NA,NA,NA,NA,NA,NA,NA,NA,NA,NA,NA,NA,"Greater Flamingo",NA,NA,"Phoenicopterus",NA,"Phoenicopteridae"
"322582","Ramphastos toco","Ramphastos toco","Piciformes","Aves","Birds","LEAST CONCERN",TRUE,TRUE,FALSE,1,1,1,0,0,"Tissue","genus","Ramphastos sulfuratus","Scaffold",85980,38620,15325,"2020-07-10",86.5,1647930000,51,2,"insdc_open",NA,NA,NA,"Toco toucan",NA,NA,"Ramphastos",NA,"Ramphastidae"
NA,"Trachyphonus erythrocephalus","Trachyphonus erythrocephalus","Piciformes","Aves","Birds","LEAST CONCERN",FALSE,FALSE,FALSE,1,0,0,0,0,"Trachea",NA,NA,NA,NA,NA,NA,NA,NA,NA,NA,NA,NA,NA,NA,NA,"Red-and-yellow barbet,red-and-yellow barbet",NA,NA,"Trachyphonus",NA,"Lybiidae"
"9483","Callithrix geoffroyi","Callithrix geoffroyi","Primates","Mammalia","Mammalia","LEAST CONCERN",TRUE,TRUE,FALSE,1,1,1,0,0,"Tissue","genus","Callithrix jacchus","Chromosome",136971485,13222669,42308,"2021-04-28",89.4,3354540000,22,2,"insdc_open","GCF_011100555.1-RS_2023_03","mCalJac1.pat.X","GCA_011100555.1","Geoffroy’s Tufted-ear Marmoset,Geoffroy's marmoset",NA,NA,"Callithrix","Callitrichinae","Cebidae"
NA,"Saguinus oedipus","Saguinus oedipus","Primates","Mammalia","Mammalia","CRITICALLY ENDANGERED",FALSE,FALSE,FALSE,3,3,3,0,0,NA,NA,NA,NA,NA,NA,NA,NA,NA,NA,NA,NA,NA,NA,NA,NA,"Cotton-headed Tamarin,cotton-top tamarin",NA,NA,"Saguinus","Callitrichinae","Cebidae"
"36231","Miopithecus ogouensis","Miopithecus ogouensis","Primates","Mammalia","Mammalia","NEAR THREATENED",TRUE,FALSE,FALSE,2,1,1,0,1,"Tissue","genus","Miopithecus talapoin","Chromosome",99916881,76031,NA,"2023-02-09",NA,3589260000,27,2,"insdc_open",NA,NA,NA,"Northern Talapoin Monkey,Gabon talapoin",NA,NA,"Miopithecus","Cercopithecinae","Cercopithecidae"
"9531","Cercocebus torquatus","Cercocebus torquatus","Primates","Mammalia","Mammalia","ENDANGERED",TRUE,TRUE,FALSE,2,2,2,0,0,"Tissue","genus","Cercocebus atys","Scaffold",12849131,112942,30556,"2015-03-19",NA,3657720000,21,2,"insdc_open","100.0","Caty_1.0","GCA_000955945.1","Red-capped mangabey,Mangabey",NA,NA,"Cercocebus",NA,"Cercopithecidae"
"9555","Papio cynocephalus","Papio cynocephalus","Primates","Mammalia","Mammalia","LEAST CONCERN",TRUE,TRUE,FALSE,1,1,1,0,0,"Tissue","genus","Papio anubis","Chromosome",140274886,1465768,39274,"2022-04-27",93.9,3457230000,21,2,"insdc_open","104.0","Panubis1.0","GCA_008728515.1","Yellow Baboon,Yellow baboon",NA,NA,"Papio",NA,"Cercopithecidae"
"9589","Hylobates muelleri","Hylobates muelleri","Primates","Mammalia","Mammalia","ENDANGERED",TRUE,FALSE,FALSE,1,1,1,0,0,"Tissue","genus","Hylobates pileatus","Chromosome",131825309,17385161,NA,"2022-01-19",NA,3168720000,22,2,"insdc_open",NA,NA,NA,"Bornean Gibbon,Mueller's Borneo gibbon",NA,NA,"Hylobates",NA,"Hylobatidae"
NA,"Macaca sylvanus","Macaca sylvanus","Primates","Mammalia","Mammalia","ENDANGERED",FALSE,FALSE,FALSE,2,2,2,0,0,"Tissue",NA,NA,NA,NA,NA,NA,NA,NA,NA,NA,NA,NA,NA,NA,NA,"Barbary macaque,Barbary ape",NA,NA,"Macaca",NA,"Cercopithecidae"
NA,"Cebuella pygmaea","Cebuella pygmaea","Primates","Mammalia","Mammalia","VULNERABLE",TRUE,TRUE,TRUE,4,4,4,0,0,"Tissue",NA,NA,NA,NA,NA,NA,NA,NA,NA,NA,NA,NA,NA,NA,NA,"Pygmy marmoset",NA,NA,"Cebuella",NA,"Cebidae"
"30588","Leontopithecus chrysomelas","Leontopithecus chrysomelas","Primates","Mammalia","Mammalia","ENDANGERED",TRUE,FALSE,FALSE,1,1,1,0,0,"Tissue","genus","Leontopithecus rosalia","Chromosome",121128971,55757,NA,"2023-02-09",NA,3378990000,23,2,"insdc_open",NA,NA,NA,"Golden-headed lion tamarin,golden-headed lion tamarin",NA,NA,"Leontopithecus",NA,"Cebidae"
"9589","Hylobates lar","Hylobates lar","Primates","Mammalia","Mammalia","ENDANGERED",TRUE,FALSE,FALSE,2,1,1,0,0,"Tissue","genus","Hylobates pileatus","Chromosome",131825309,17385161,NA,"2022-01-19",NA,3168720000,22,2,"insdc_open",NA,NA,NA,"White-handed Gibbon,White-handed gibbon",NA,NA,"Hylobates",NA,"Hylobatidae"
NA,"Callimico goeldii","Callimico goeldii","Primates","Mammalia","Mammalia","VULNERABLE",FALSE,FALSE,FALSE,1,1,1,0,0,"Tissue (ear)",NA,NA,NA,NA,NA,NA,NA,NA,NA,NA,NA,NA,NA,NA,NA,"Goeldi's monke,Goeldi's marmoset",NA,NA,"Callimico",NA,"Cebidae"
NA,"Trichoglossus moluccanus","Trichoglossus moluccanus","Psittaciformes","Aves","Birds","LEAST CONCERN",FALSE,FALSE,FALSE,2,0,0,0,0,"Tissue",NA,NA,NA,NA,NA,NA,NA,NA,NA,NA,NA,NA,NA,NA,NA,"Australian rainbow lorikeet,rainbow lorikeet",NA,NA,"Trichoglossus",NA,"Psittaculidae"
NA,"Agapornis nigrigenis","Agapornis nigrigenis","Psittaciformes","Aves","Birds","VULNERABLE",FALSE,FALSE,FALSE,4,2,2,0,0,NA,NA,NA,NA,NA,NA,NA,NA,NA,NA,NA,NA,NA,NA,NA,NA,NA,NA,NA,"Agapornis",NA,"Psittacidae"
"1549147","Eos reticulata","Eos reticulata","Psittaciformes","Aves","Birds","NEAR THREATENED",TRUE,FALSE,FALSE,1,1,1,0,0,"Trachea","genus","Eos semilarvata","Scaffold",25275,13006,NA,"2022-07-21",NA,1300740000,32,2,"insdc_open",NA,NA,NA,NA,NA,NA,"Eos",NA,"Psittaculidae"
NA,"Amazona brasiliensis","Amazona brasiliensis","Psittaciformes","Aves","Birds","NEAR THREATENED",FALSE,FALSE,FALSE,1,0,0,0,0,"Trachea",NA,NA,NA,NA,NA,NA,NA,NA,NA,NA,NA,NA,NA,NA,NA,"Red-tailed amazon,Red-tailed parrot",NA,NA,"Amazona",NA,"Psittacidae"
NA,"Eliomys quercinus","Eliomys quercinus","Rodentia","Mammalia","Mammalia","NEAR THREATENED",FALSE,FALSE,FALSE,1,1,1,0,0,"Tissue",NA,NA,NA,NA,NA,NA,NA,NA,NA,NA,NA,NA,NA,NA,NA,"Garden Dormouse,garden dormouse",NA,NA,"Eliomys","Leithiinae","Gliridae"
NA,"Cynomys ludovicianus","Cynomys ludovicianus","Rodentia","Mammalia","Mammalia","LEAST CONCERN",FALSE,FALSE,FALSE,1,1,1,0,0,"Tissue",NA,NA,NA,NA,NA,NA,NA,NA,NA,NA,NA,NA,NA,NA,NA,"Black-tailed prairie dog,black-tailed prairie dog",NA,NA,"Cynomys",NA,"Sciuridae"
NA,"Chamaeleo chamaeleon","Chamaeleo chamaeleon","Squamata","Lepidosauria","Reptil","LEAST CONCERN",FALSE,FALSE,FALSE,1,1,1,0,0,"Tissue",NA,NA,NA,NA,NA,NA,NA,NA,NA,NA,NA,NA,NA,NA,NA,"Common Chameleon,common chameleon",NA,NA,"Chamaeleo",NA,"Chamaeleonidae"
NA,"Varanus albigularis","Varanus albigularis","Squamata","Lepidosauria","Reptil","LEAST CONCERN",FALSE,FALSE,FALSE,1,1,1,0,0,"Tissue",NA,NA,NA,NA,NA,NA,NA,NA,NA,NA,NA,NA,NA,NA,NA,"White-throated monitor,cape monitor",NA,NA,"Varanus",NA,"Varanidae"
NA,"Uromastyx acanthinura","Uromastyx acanthinura","Squamata","Lepidosauria","Reptil","NEAR THREATENED",FALSE,FALSE,FALSE,1,0,0,0,0,"Tissue",NA,NA,NA,NA,NA,NA,NA,NA,NA,NA,NA,NA,NA,NA,NA,"Dabb spiny-tailed lizard,Black spiny-tailed lizard",NA,NA,"Uromastyx",NA,"Agamidae"
NA,"Varanus prasinus","Varanus prasinus","Squamata","Lepidosauria","Reptil","LEAST CONCERN",FALSE,FALSE,FALSE,1,0,0,0,0,"Trachea",NA,NA,NA,NA,NA,NA,NA,NA,NA,NA,NA,NA,NA,NA,NA,NA,NA,NA,"Varanus",NA,"Varanidae"
NA,"Python regius","Python regius","Squamata","Lepidosauria","Reptil","LEAST CONCERN",FALSE,FALSE,FALSE,1,0,0,0,0,"Trachea",NA,NA,NA,NA,NA,NA,NA,NA,NA,NA,NA,NA,NA,NA,NA,NA,NA,NA,"Python",NA,"Pythonidae"
NA,"Lampropeltis triangulum sinaloae","Lampropeltis triangulum","Squamata","Lepidosauria","Reptil","LEAST CONCERN",FALSE,FALSE,FALSE,1,0,0,0,0,"Trachea",NA,NA,NA,NA,NA,NA,NA,NA,NA,NA,NA,NA,NA,NA,NA,"Sinaloan milksnake,milk snake",NA,"sinaloae","Lampropeltis",NA,"Colubridae"
NA,"Corucia zebrata","Corucia zebrata","Squamata","Lepidosauria","Reptil","NEAR THREATENED",FALSE,FALSE,FALSE,1,0,0,0,0,"Trachea",NA,NA,NA,NA,NA,NA,NA,NA,NA,NA,NA,NA,NA,NA,NA,NA,NA,NA,"Corucia",NA,"Scincidae"
NA,"Python breitensteini","Python breitensteini","Squamata","Lepidosauria","Reptil","LEAST CONCERN",FALSE,FALSE,FALSE,1,0,0,0,0,"Trachea",NA,NA,NA,NA,NA,NA,NA,NA,NA,NA,NA,NA,NA,NA,NA,"Bornean blood python,Borneo python",NA,NA,"Python",NA,"Pythonidae"
NA,"Dracaena guianensis","Dracaena guianensis","Squamata","Lepidosauria","Reptil","LEAST CONCERN",FALSE,FALSE,FALSE,1,1,1,0,0,"Trachea",NA,NA,NA,NA,NA,NA,NA,NA,NA,NA,NA,NA,NA,NA,NA,NA,NA,NA,"Dracaena",NA,"Teiidae"
NA,"Acrantophis dumerili","Acrantophis dumerili","Squamata","Lepidosauria","Reptil","LEAST CONCERN",FALSE,FALSE,FALSE,1,0,0,0,0,"Trachea",NA,NA,NA,NA,NA,NA,NA,NA,NA,NA,NA,NA,NA,NA,NA,NA,NA,NA,"Acrantophis",NA,"Boidae"
NA,"Chlamydosaurus kingii","Chlamydosaurus kingii","Squamata","Lepidosauria","Reptil","LEAST CONCERN",FALSE,FALSE,FALSE,1,0,0,0,0,NA,NA,NA,NA,NA,NA,NA,NA,NA,NA,NA,NA,NA,NA,NA,NA,"Frilled Lizard,frilled dragon",NA,NA,"Chlamydosaurus",NA,"Agamidae"
NA,"Otus scops scops","Otus scops","Strigiformes","Aves","Birds","LEAST CONCERN",FALSE,FALSE,FALSE,2,0,0,0,0,"Tissue (skin)",NA,NA,NA,NA,NA,NA,NA,NA,NA,NA,NA,NA,NA,NA,NA,"Eurasian scops owl,Eurasian Scops Owl",NA,"scops","Otus","Strigiformes
 

","Strigidae"
NA,"Strix aluco","Strix aluco","Strigiformes","Aves","Birds","LEAST CONCERN",FALSE,FALSE,FALSE,1,0,0,0,0,"Tissue",NA,NA,NA,NA,NA,NA,NA,NA,NA,NA,NA,NA,NA,NA,NA,"Tawny Owl",NA,NA,"Strix",NA,"Strigidae"
NA,"Hippocampus reidi","Hippocampus reidi","Syngnathiformes","Actinopteri","Fish","NEAR THREATENED",FALSE,FALSE,FALSE,2,0,0,0,0,"Tissue (whole specimen)",NA,NA,NA,NA,NA,NA,NA,NA,NA,NA,NA,NA,NA,NA,NA,"Long-snout Seahorse,slender seahorse",NA,NA,"Hippocampus",NA,"Syngnathidae"
NA,"Terrapene nelsoni","Terrapene nelsoni","Testudines",NA,"Reptil","NA",FALSE,FALSE,FALSE,2,0,0,0,0,"Tissue",NA,NA,NA,NA,NA,NA,NA,NA,NA,NA,NA,NA,NA,NA,NA,"Spotted Box Turtle,spotted box turtle",NA,NA,"Terrapene",NA,"Emydidae"
NA,"Stigmochelys pardalis","Stigmochelys pardalis","Testudines",NA,"Reptil","LEAST CONCERN",FALSE,FALSE,FALSE,1,0,0,0,0,NA,NA,NA,NA,NA,NA,NA,NA,NA,NA,NA,NA,NA,NA,NA,NA,"Leopard Tortoise,Leopard tortoise",NA,NA,"Stigmochelys",NA,"Testudinidae"
NA,"Testudo hermanni hermanni","Testudo hermanni","Testudines",NA,"Reptil","ENDANGERED",FALSE,FALSE,FALSE,1,0,0,0,0,"Tissue",NA,NA,NA,NA,NA,NA,NA,NA,NA,NA,NA,NA,NA,NA,NA,"Balkan Hermann's tortoise,Hermann's tortoise",NA,"hermanni","Testudo",NA,"Testudinidae"
NA,"Heosemys spinosa","Heosemys spinosa","Testudines",NA,"Reptil","ENDANGERED",FALSE,FALSE,FALSE,1,0,0,0,0,"Trachea",NA,NA,NA,NA,NA,NA,NA,NA,NA,NA,NA,NA,NA,NA,NA,"Spiny Turtle,Spiny turtle",NA,NA,"Heosemys",NA,"Geoemydidae"
NA,"Macrochelys temminckii","Macrochelys temminckii","Testudines",NA,"Reptil","VULNERABLE",FALSE,FALSE,FALSE,2,0,0,0,0,"Trachea",NA,NA,NA,NA,NA,NA,NA,NA,NA,NA,NA,NA,NA,NA,NA,"Alligator snapping turtle,alligator snapping turtle",NA,NA,"Macrochelys",NA,"Chelydridae"
NA,"Graptemys pseudogeographica","Graptemys pseudogeographica","Testudines",NA,"Reptil","LEAST CONCERN",FALSE,FALSE,FALSE,1,1,1,0,0,NA,NA,NA,NA,NA,NA,NA,NA,NA,NA,NA,NA,NA,NA,NA,NA,"Map turtle,False map turtle","Graptemys",NA,"Graptemys",NA,"Emydidae"
NA,"Scyliorhinus stellaris","Scyliorhinus stellaris","Carcharhiniformes","Chondrichthyes","Fish","VULNERABLE",FALSE,FALSE,FALSE,1,0,0,0,0,"Tissue",NA,NA,NA,NA,NA,NA,NA,NA,NA,NA,NA,NA,NA,NA,NA,"Nursehound,Nursehound shark",NA,NA,"Scyliorhinus",NA,"Scyliorhinidae"
