"x1","scientific_name","species","subspecies","common_name","family","zims_species360","origin","sex","cell_type","type1","type2","type3","type4","karyotype","sample_id","line1","line2","line3","cell_barcode","cnag_id","x13","iucn","superclass","data","status","iPSC"
"1.0","Calotriton arnoldi","Calotriton arnoldi",NA,"Montseny Brook newt","Salamandridae","OR193 son of TOR18+TOR16","CAPTIVE",NA,"Primary",NA,NA,NA,NA,NA,"A3","A3",NA,NA,"*A3*",NA,NA,"CR","Amphibian",NA,FALSE,FALSE
"1.0","Calotriton arnoldi","Calotriton arnoldi",NA,"Montseny Brook newt","Salamandridae","QGH19-05277-IA","CAPTIVE",NA,"Primary",NA,NA,NA,NA,NA,"A6","A6",NA,NA,"*A6*",NA,"Calotriton arnoldi (iucnredlist.org)","CR","Amphibian",NA,FALSE,FALSE
"1.0","Calotriton arnoldi","Calotriton arnoldi",NA,"Montseny Brook newt","Salamandridae","QGH20-05351-IA","CAPTIVE",NA,"Primary",NA,NA,NA,NA,NA,"A17","A17",NA,NA,"*A17*",NA,"Taxonomy browser (Calotriton arnoldi) (nih.gov)","CR","Amphibian",NA,FALSE,FALSE
"1.0","Calotriton arnoldi","Calotriton arnoldi",NA,"Montseny Brook newt","Salamandridae","QGH20-05351-IA","CAPTIVE",NA,"Primary",NA,NA,NA,NA,NA,"A28","A28",NA,NA,"*A28*","ORGONE_10_2",NA,"CR","Amphibian",NA,FALSE,FALSE
"1.0","Calotriton arnoldi","Calotriton arnoldi",NA,"Montseny Brook newt","Salamandridae","OR192, Any 2012, male","CAPTIVE",NA,"Primary",NA,NA,NA,NA,NA,"A83","A83",NA,NA,"*A83*",NA,NA,"CR","Amphibian",NA,FALSE,FALSE
"1.0","Calotriton arnoldi","Calotriton arnoldi",NA,"Montseny Brook newt","Salamandridae",NA,NA,NA,"Primary",NA,NA,NA,NA,NA,"A188","A188",NA,NA,"*A188*",NA,NA,"CR","Amphibian",NA,FALSE,FALSE
"1.0","Calotriton arnoldi","Calotriton arnoldi",NA,"Montseny Brook newt","Salamandridae",NA,NA,NA,"Primary",NA,NA,NA,NA,NA,"A220","A220",NA,NA,"*A220*",NA,NA,"CR","Amphibian",NA,FALSE,FALSE
"1.0","Calotriton arnoldi","Calotriton arnoldi",NA,"Montseny Brook newt","Salamandridae",NA,NA,NA,"Primary",NA,NA,NA,NA,NA,"A285","A285",NA,NA,"*A285*",NA,NA,"CR","Amphibian",NA,FALSE,FALSE
"1.0","Calotriton arnoldi","Calotriton arnoldi",NA,"Montseny Brook newt","Salamandridae",NA,NA,NA,"Primary",NA,NA,NA,NA,NA,"A364","A364",NA,NA,"*A364*",NA,NA,"CR","Amphibian",NA,FALSE,FALSE
"2.0","Ambystoma mexicanum","Ambystoma mexicanum",NA,"Axolotl","Ambystomatidae","MIG12-30088849","CAPTIVE",NA,"Primary",NA,NA,NA,NA,NA,"A41","A41",NA,NA,"*A41*",NA,"https://www.iucnredlist.org/species/1095/53947343","CR","Amphibian",NA,FALSE,FALSE
"2.0","Ambystoma mexicanum","Ambystoma mexicanum",NA,"Axolotl","Ambystomatidae","-","CAPTIVE",NA,"Primary",NA,NA,NA,NA,NA,"A351","A351",NA,NA,"*A351*",NA,"https://www.ncbi.nlm.nih.gov/Taxonomy/Browser/wwwtax.cgi","CR","Amphibian",NA,FALSE,FALSE
"2.0","Ambystoma mexicanum","Ambystoma mexicanum",NA,"Axolotl","Ambystomatidae","-","CAPTIVE",NA,"Primary",NA,NA,NA,NA,NA,"A352","A352",NA,NA,"*A352*",NA,NA,"CR","Amphibian",NA,FALSE,FALSE
"3.0","Pleurodeles waltl","Pleurodeles waltl",NA,"Sharp-ribbed Salamander","Salamandridae","-","CAPTIVE",NA,"Primary",NA,NA,NA,NA,NA,"A203","A203",NA,NA,"*A203*",NA,NA,"NT","Amphibian",NA,FALSE,FALSE
"3.0","Pleurodeles waltl","Pleurodeles waltl",NA,"Sharp-ribbed Salamander","Salamandridae","QGH23-06328-IA","-","U","Primary",NA,NA,NA,NA,NA,"A454","A454",NA,NA,NA,NA,"https://www.ncbi.nlm.nih.gov/Taxonomy/Browser/wwwtax.cgi?mode=Info&id=8319&lvl=3&lin=f&keep=1&srchmode=1&unlock","NT","Amphibian",NA,FALSE,FALSE
"3.0","Pleurodeles waltl","Pleurodeles waltl",NA,"Sharp-ribbed Salamander","Salamandridae",NA,NA,"U","Fibro",NA,NA,NA,NA,NA,"A496","A496",NA,NA,NA,NA,NA,"NT","Amphibian",NA,TRUE,FALSE
"4.0","Alytes muletensis","Alytes muletensis",NA,"Mallorcan midwife toad","Discoglossidae","MIG12-29917973","CAPTIVE","U","Primary",NA,NA,NA,NA,NA,"A26","A26",NA,NA,"*A26*",NA,"https://www.iucnredlist.org/species/977/89697685","EN","Amphibian",NA,FALSE,FALSE
"4.0","Alytes muletensis","Alytes muletensis",NA,"Mallorcan midwife toad","Discoglossidae",NA,"CAPTIVE","U","Primary",NA,NA,NA,NA,NA,"A481","A481",NA,NA,NA,NA,"https://www.miteco.gob.es/es/biodiversidad/temas/inventarios-nacionales/anfibios_12_tcm30-98887.pdf","EN","Amphibian",NA,FALSE,FALSE
"4.0","Alytes muletensis","Alytes muletensis",NA,"Mallorcan midwife toad","Discoglossidae",NA,"CAPTIVE","U","Primary",NA,NA,NA,NA,NA,"A487","A487",NA,NA,NA,NA,"http://digital.csic.es/bitstream/10261/108319/3/alymul_v4.pdf","EN","Amphibian",NA,FALSE,FALSE
"4.0","Alytes muletensis","Alytes muletensis",NA,"Mallorcan midwife toad","Discoglossidae",NA,"CAPTIVE","U","Primary",NA,NA,NA,NA,NA,"A488","A488",NA,NA,NA,NA,"https://www.ncbi.nlm.nih.gov/Taxonomy/Browser/wwwtax.cgi?id=97955","EN","Amphibian",NA,FALSE,FALSE
"5.0","Agalychnis callidryas","Agalychnis callidryas",NA,"Red-eyed Treefrog","Phyllomedusidae","-","CAPTIVE",NA,"Primary",NA,NA,NA,NA,NA,"A378","A378",NA,NA,"*A378*",NA,"https://www.iucnredlist.org/species/55290/3028059","LC","Amphibian",NA,FALSE,FALSE
"1.0","Aldabrachelys gigantea","Aldabrachelys gigantea",NA,"Aldabra giant tortoise","Testudinidae","QGH19-05103/JEREZ / ALDABRA3","WILD","U","Primary",NA,NA,NA,NA,NA,"A71","A71",NA,NA,NA,NA,"https://www.iucnredlist.org/species/9010/12949962","VU","Reptiles",NA,FALSE,FALSE
"2.0","Terrapene nelsoni","Terrapene nelsoni",NA,"Spotted Box Turtle","Emydidae","FRW17-00799/JEREZ / TENE07","U","M","Primary",NA,NA,NA,NA,NA,"A108","A108",NA,NA,NA,NA,"https://iucn-tftsg.org/terrapene-nelsoni-060/","DD","Reptiles",NA,FALSE,FALSE
"2.0","Terrapene nelsoni","Terrapene nelsoni",NA,"Spotted Box Turtle","Emydidae","FRW17-00798/JEREZ / TENE06","U","F","Primary",NA,NA,NA,NA,NA,"A82","A82",NA,NA,NA,NA,"https://www.iucnredlist.org/species/21643/97298467","DD","Reptiles",NA,FALSE,FALSE
"3.0","Graptemys pseudogeographica","Graptemys pseudogeographica",NA,"Map turtle","Emydidae","QGH23-06415-IA","U","U","Fibro","DNA","RNA",NA,NA,NA,"A480","A480",NA,NA,NA,NA,"https://www.iucnredlist.org/species/165600/97424024","LC","Reptiles",NA,TRUE,FALSE
"4.0","Caretta caretta","Caretta caretta",NA,"Loggerhead Turtle","Cheloniidae","-",NA,NA,"PBMc",NA,NA,NA,NA,NA,"A151","A151",NA,NA,NA,NA,"https://www.iucnredlist.org/species/3897/119333622","VU","Reptiles",NA,TRUE,FALSE
"4.0","Caretta caretta","Caretta caretta",NA,"Loggerhead Turtle","Cheloniidae","-",NA,NA,"PBMc",NA,NA,NA,NA,NA,"A152","A152",NA,NA,NA,NA,"https://reptile-database.reptarium.cz/species?genus=Caretta&species=caretta","VU","Reptiles",NA,TRUE,FALSE
"5.0","Stigmochelys pardalis","Stigmochelys pardalis",NA,"Leopard Tortoise","Testudinidae","FRW18-00897/JEREZ / PAR-5","U","U","Primary",NA,NA,NA,NA,NA,"A88","A88",NA,NA,NA,NA,"https://www.iucnredlist.org/species/163449/1009442","LC","Reptiles",NA,FALSE,FALSE
"6.0","Testudo hermanni hermanni","Testudo hermanni","hermanni","Balkan Hermann's tortoise","Testudinidae","20910513/BARCELONA / 9831","U","F","Primary",NA,NA,NA,NA,NA,"A184","A184",NA,NA,NA,NA,"https://www.iucnredlist.org/species/21650/9306703","EN","Reptiles",NA,FALSE,FALSE
"7.0","Heosemys spinosa","Heosemys spinosa",NA,"Spiny Turtle","Geoemydidae","6169827.0","WILD","M","Primary",NA,NA,NA,NA,NA,"A244","A244",NA,NA,NA,NA,NA,"EN","Reptiles",NA,FALSE,FALSE
"8.0","Macrochelys temminckii","Macrochelys temminckii",NA,"Alligator snapping turtle","Chelydridae","2.3771982E7","CAPTIVE","F","Primary",NA,NA,NA,NA,NA,"A356","A356",NA,NA,NA,NA,"https://www.iucnredlist.org/species/12589/97272309","VU","Reptiles",NA,FALSE,FALSE
"9.0","Chlamydosaurus kingii","Chlamydosaurus kingii",NA,"Frilled Lizard","Agamidae","QGH16-04206","CAPTIVE","F","Primary",NA,NA,NA,NA,NA,"A294","A294",NA,NA,NA,NA,"https://www.iucnredlist.org/species/170384/21644690","LC","Reptiles",NA,FALSE,FALSE
"9.0","Chlamydosaurus kingii","Chlamydosaurus kingii",NA,"Frilled Lizard","Agamidae","-",NA,NA,"Primary",NA,NA,NA,NA,NA,"A110","A110",NA,NA,NA,NA,"https://reptile-database.reptarium.cz/species?genus=Chlamydosaurus&species=kingii&search_param=%28%28search%3D%27Chlamydosaurus+kingii%27%29%29","LC","Reptiles",NA,FALSE,FALSE
"10.0","Chamaeleo chamaeleon","Chamaeleo chamaeleon",NA,"Mediterranean Chameleon","Chamaeleonidae","CRAS 663/20",NA,NA,"Primary",NA,NA,NA,NA,NA,"A91","A91",NA,NA,NA,NA,"https://www.iucnredlist.org/species/157246/743434","LC","Reptiles",NA,FALSE,FALSE
"10.0","Chamaeleo chamaeleon","Chamaeleo chamaeleon",NA,"Mediterranean Chameleon","Chamaeleonidae","-",NA,NA,"Fibro","DNA",NA,NA,NA,NA,"A213","A213",NA,NA,NA,NA,"https://www.ncbi.nlm.nih.gov/Taxonomy/Browser/wwwtax.cgi?mode=Info&id=91907&lvl=3&lin=f&keep=1&srchmode=1&unlock","LC","Reptiles",NA,TRUE,FALSE
"11.0","Varanus albigularis","Varanus albigularis",NA,"White-throated monitor","Varanidae","QGH18-04891/ID: BARCELONA / 13202","DECOMISO/INDETERM","F","Fibro","DNA",NA,NA,NA,NA,"A173","A173",NA,NA,NA,NA,"https://www.iucnredlist.org/species/22473612/22473630","LC","Reptiles",NA,TRUE,FALSE
"12.0","Uromastyx acanthinura","Uromastyx acanthinura",NA,"North African Spiny-tailed Lizard","Agamidae","BARCELONA / 11362",NA,"F","Primary",NA,NA,NA,NA,NA,"A242","A242",NA,NA,NA,NA,"https://reptile-database.reptarium.cz/species?genus=Uromastyx&species=acanthinura","NT","Reptiles",NA,FALSE,FALSE
"13.0","Varanus prasinus","Varanus prasinus",NA,"Emerald monitor","Varanidae","BHG15-00445/BARCELONA / 12643","CAPTIVE","M","Primary",NA,NA,NA,NA,NA,"A268","A268",NA,NA,NA,NA,"https://www.iucnredlist.org/species/42485751/101752115","LC","Reptiles",NA,FALSE,FALSE
"14.0","Furcifer pardalis","Furcifer pardalis",NA,"Panther chameleon","Chamaeleonidae","TLJ22-01287/BIOPARCVA / C10","CAPTIVE","F","Primary",NA,NA,NA,NA,NA,"A314","A314",NA,NA,NA,NA,"https://www.iucnredlist.org/species/172955/6947909","LC","Reptiles",NA,FALSE,FALSE
"15.0","Dracaena guianensis","Dracaena guianensis",NA,"Caiman lizard","Teiidae","17968157/Barcelona9399","CAPTIVE","F","Fibro","DNA",NA,NA,NA,NA,"A452","A452",NA,NA,NA,NA,"https://www.iucnredlist.org/species/44579645/44579652","LC","Reptiles",NA,TRUE,FALSE
"16.0","Eublepharis macularius","Eublepharis macularius",NA,"Leopard gecko","Eublepharidae",NA,"CAPTIVE","M","Primary",NA,NA,NA,NA,NA,"A479","A479",NA,NA,NA,NA,"https://www.iucnredlist.org/species/164745/1072324","LC","Reptiles",NA,FALSE,FALSE
"17.0","Python regius","Python regius",NA,"Python regius","Pythonidae","1.7963991E7","CAPTIVE","F","Primary",NA,NA,NA,NA,NA,"A328","A328",NA,NA,NA,NA,"https://www.iucnredlist.org/species/177562/15340592","LC","Reptiles",NA,FALSE,FALSE
"18.0","Python breitensteini","Python breitensteini",NA,"Bornean blood python","Pythonidae","15808636/Barcelona/7300","CAPTIVE","F","Primary",NA,NA,NA,NA,NA,"A396","A396",NA,NA,NA,NA,NA,"LC","Reptiles",NA,FALSE,FALSE
"19.0","Lampropeltis triangulum sinaloae","Lampropeltis triangulum","sinaloae","Sinaloan milksnake","Colubridae","17967337/BARCELONA / 8241","CAPTIVE","F","Primary",NA,NA,NA,NA,NA,"A363","A363",NA,NA,NA,NA,"https://www.iucnredlist.org/species/197493/2490171","LC","Reptiles",NA,FALSE,FALSE
"20.0","Acrantophis dumerili","Acrantophis dumerili",NA,"Dumeril's ground boa","Boidae","QGH13-01358/BARCELONA / 12003","CAPTIVE","F","Primary",NA,NA,NA,NA,NA,"A518","A518",NA,NA,NA,NA,"https://www.iucnredlist.org/species/282/13054798","LC","Reptiles",NA,FALSE,FALSE
"21.0","Corucia zebrata","Corucia zebrata",NA,"Prehensile-tailed skink","Scincidae","QGH20-05473/BARCELONA / 13766","CAPTIVE","U","Primary",NA,NA,NA,NA,NA,"A370","A370",NA,NA,NA,NA,"https://www.iucnredlist.org/species/196593/2463961","NT","Reptiles",NA,FALSE,FALSE
"22.0","Paleosuchus palpebrosus","Paleosuchus palpebrosus",NA,"Dwarf caiman","Alligatoridae","MIG12-29661824/BARCELONA / 11356","CAPTIVE","U","Primary",NA,NA,NA,NA,NA,"A264","A264",NA,NA,NA,NA,"https://www.iucnredlist.org/species/46587/3009946","LC","Reptiles",NA,FALSE,FALSE
"23.0","Crocodylus rhombifer","Crocodylus rhombifer",NA,"Cuban Crocodile","Crocodylidae","MIG12-29661824/ BARCELONA / 5277","UNKNOWN","F","Fibro","DNA",NA,NA,NA,NA,"A361","A361",NA,NA,"*A361*",NA,NA,"CR","Reptiles",NA,TRUE,FALSE
"24.0","Osteolaemus tetraspis","Osteolaemus tetraspis",NA,"Dwarf crocodile","Crocodylidae","17965110/BARCELONA / 595","WILD","F","Fibro","DNA",NA,NA,NA,NA,"A428","A428",NA,NA,"*A428*",NA,"https://www.iucnredlist.org/species/15635/4931429","VU","Reptiles",NA,TRUE,FALSE
"1.0","Scissirostrum dubium","Scissirostrum dubium",NA,"Grosbeak Starling","Sturnidae","QGH16-04022","CAPTIVE","M","Primary",NA,NA,NA,NA,NA,"A22","A22",NA,NA,NA,NA,NA,"LC","Birds","https://www.iucnredlist.org/species/22711001/132091764",FALSE,FALSE
"1.0","Scissirostrum dubium","Scissirostrum dubium",NA,"Grosbeak Starling","Sturnidae","enbryo's wings","CAPTIVE",NA,"Primary",NA,NA,NA,NA,NA,"A303","A303",NA,NA,NA,NA,NA,"LC","Birds","https://www.ncbi.nlm.nih.gov/Taxonomy/Browser/wwwtax.cgi",FALSE,FALSE
"1.0","Scissirostrum dubium","Scissirostrum dubium",NA,"Grosbeak Starling","Sturnidae","QGH20-05382","CAPTIVE","F","Fibro","DNA",NA,NA,NA,NA,"A312","A312",NA,NA,"*A312*",NA,NA,"LC","Birds","https://www.gbif.org/species/2489124",TRUE,FALSE
"2.0","Ficedula hypoleuca","Ficedula hypoleuca",NA,"European pied flycatcher","Muscicapidae","QGH20-05449-IA",NA,NA,"Primary",NA,NA,NA,NA,NA,"A38","A38",NA,NA,NA,NA,NA,"LC","Birds","https://www.gbif.org/search?q=Ficedula%20Hypoleuca",FALSE,FALSE
"3.0","Lamprotornis superbus","Lamprotornis superbus",NA,"Superb Starling","Sturnidae","MIG12-28643043",NA,NA,"Primary",NA,NA,NA,NA,NA,"A39","A39",NA,NA,NA,NA,NA,"LC","Birds","https://www.iucnredlist.org/species/22710767/119270077",FALSE,FALSE
"4.0","Hirundo rustica","Hirundo rustica",NA,"Barb Swallow","Hirundinidae","CRAS 60/21",NA,NA,"Primary",NA,NA,NA,NA,NA,"A117","A117",NA,NA,NA,NA,NA,"LC","Birds","https://www.iucnredlist.org/species/22712252/137668645",FALSE,FALSE
"5.0","Chloris chloris","Chloris chloris",NA,"European Greenfinch","Fringillidae","CRAS 75/21",NA,NA,"Primary",NA,NA,NA,NA,NA,"A122","A122",NA,NA,NA,NA,NA,"LC","Birds","https://www.iucnredlist.org/species/22720330/132000123",FALSE,FALSE
"6.0","Delichon urbicum","Delichon urbicum",NA,"Northern House Martin","Hirundinidae","CRAS 111/21",NA,NA,"Primary",NA,NA,NA,NA,NA,"A135","A135",NA,NA,NA,NA,NA,"LC","Birds","https://www.iucnredlist.org/species/103811886/118748864",FALSE,FALSE
"7.0","Carduelis carduelis","Carduelis carduelis",NA,"European Goldfinch","Fringillidae","SN1",NA,NA,"Primary",NA,NA,NA,NA,NA,"A134","A134",NA,NA,NA,NA,NA,"LC","Birds","https://www.iucnredlist.org/species/103764950/152615959",FALSE,FALSE
"8.0","Lanius senator","Lanius senator",NA,"Woodchat Shrike","Laniidae","CRAS 28/22",NA,NA,"Primary",NA,NA,NA,NA,NA,"A293","A293",NA,NA,NA,NA,NA,"LC","Birds",NA,FALSE,FALSE
"9.0","Cyanocorax yncas","Cyanocorax yncas",NA,"Green jay","Corvidae","MIG12-29349059/BARCELONA / 11008","CAPTIVE","F","Primary",NA,NA,NA,NA,NA,"A508","A508",NA,NA,NA,NA,NA,"LC","Birds",NA,FALSE,FALSE
"9.0","Amazona autumnalis","Amazona autumnalis",NA,"Lilacine Amazon","Psittacidae","MIG12-28921127/ BARCELONA / 12368","CAPTIVE","M","Primary",NA,NA,NA,NA,NA,"A380","A380",NA,NA,NA,NA,NA,"CR","Birds","https://www.gbif.org/species/7533598",FALSE,FALSE
"9.0","Amazona autumnalis","Amazona autumnalis",NA,"Lilacine Amazon","Psittacidae","QGH22-06108/Barcelona/14141","CAPTIVE","M","Primary",NA,NA,NA,NA,NA,"A25","A25",NA,NA,NA,NA,NA,"CR","Birds",NA,FALSE,FALSE
"9.0","Amazona autumnalis","Amazona autumnalis",NA,"Lilacine Amazon","Psittacidae","QGH22-06108/ BARCELONA / 14141","CAPTIVE","M","Primary",NA,NA,NA,NA,NA,"A486","A486",NA,NA,NA,NA,NA,"CR","Birds",NA,FALSE,FALSE
"10.0","Guaruba guarouba","Guaruba guarouba",NA,"Golden conure","Psittaciformes","MIG12-28325141","WILD","M","Fibro",NA,NA,NA,NA,NA,"A248","A248",NA,NA,"*A248*",NA,NA,"VU","Birds","https://www.iucnredlist.org/species/22724703/132029835",TRUE,FALSE
"11.0","Trichoglossus moluccanus","Trichoglossus moluccanus",NA,"Australian rainbow lorikeet","Psittacidae","WKP17-01371","CAPTIVE","U","Primary",NA,NA,NA,NA,NA,"A273","A273",NA,NA,NA,NA,NA,"LC","Birds",NA,FALSE,FALSE
"11.0","Trichoglossus moluccanus","Trichoglossus moluccanus",NA,"Australian rainbow lorikeet","Psittacidae","-",NA,NA,"Primary",NA,NA,NA,NA,NA,"A410","A410",NA,NA,NA,NA,NA,"LC","Birds",NA,FALSE,FALSE
"12.0","Eclectus roratus","Eclectus roratus",NA,"Eclectus parrot","Psittacidae","WKP18-01463","-","M","Fibro","DNA",NA,NA,NA,NA,"A281","A281",NA,NA,"*A281*",NA,NA,"LC","Birds",NA,TRUE,FALSE
"13.0","Anodorhynchus hyacinthinus","Anodorhynchus hyacinthinus",NA,"Hyacinth macaw","Psittacidae","QGH22-06092-IA","-","M","Fibro",NA,NA,NA,NA,NA,"A329","A329",NA,NA,NA,NA,NA,"VU","Birds","https://www.iucnredlist.org/species/22685516/93077457",TRUE,FALSE
"13.0","Anodorhynchus hyacinthinus","Anodorhynchus hyacinthinus",NA,"Hyacinth macaw","Psittacidae","QGH22-06100-IA",NA,NA,"Primary",NA,NA,NA,NA,NA,"A337","A337",NA,NA,"*A337*",NA,NA,"VU","Birds",NA,FALSE,FALSE
"14.0","Agapornis nigrigenis","Agapornis nigrigenis",NA,"Black-cheeked Lovebird","Psittacidae","MIG12-29591016","CAPTIVE","M","Primary",NA,NA,NA,NA,NA,"A49","A49",NA,NA,NA,NA,NA,"VU","Birds","https://www.iucnredlist.org/species/22685360/93069915",FALSE,FALSE
"14.0","Agapornis nigrigenis","Agapornis nigrigenis",NA,"Black-cheeked Lovebird","Psittacidae","DKL17-04749/ BARCELONA / 13256","CAPTIVE","F","Primary",NA,NA,NA,NA,NA,"A388","A388",NA,NA,NA,NA,NA,"VU","Birds","https://www.gbif.org/species/2479545",FALSE,FALSE
"14.0","Agapornis nigrigenis","Agapornis nigrigenis",NA,"Black-cheeked Lovebird","Psittacidae","QGH22-06204-IA/27","-","U","Primary",NA,NA,NA,NA,NA,"A401","A401",NA,NA,NA,NA,NA,"VU","Birds",NA,FALSE,FALSE
"14.0","Agapornis nigrigenis","Agapornis nigrigenis",NA,"Black-cheeked Lovebird","Psittacidae","QGH22-06205-IA/28","-","U","Primary",NA,NA,NA,NA,NA,"A402","A402",NA,NA,NA,NA,NA,"VU","Birds",NA,FALSE,FALSE
"14.0","Agapornis nigrigenis","Agapornis nigrigenis",NA,"Black-cheeked Lovebird","Psittacidae","QGH22-06225-IA","CAPTIVE","U","Primary",NA,NA,NA,NA,NA,"A415","A415",NA,NA,NA,NA,NA,"VU","Birds",NA,FALSE,FALSE
"14.0","Agapornis nigrigenis","Agapornis nigrigenis",NA,"Black-cheeked Lovebird","Psittacidae","MIG12-29591015/BARCELONA / 10887","CAPTIVE","M","Primary",NA,NA,NA,NA,NA,"A499","A499",NA,NA,NA,NA,NA,"VU","Birds",NA,FALSE,FALSE
"14.0","Agapornis nigrigenis","Agapornis nigrigenis",NA,"Black-cheeked Lovebird","Psittacidae","QGH23-06424/BARCELONA/14328","CAPTIVE","U","Fibro",NA,NA,NA,NA,NA,"A512","A512",NA,NA,"C",NA,NA,"VU","Birds",NA,TRUE,FALSE
"14.0","Agapornis nigrigenis","Agapornis nigrigenis",NA,"Black-cheeked Lovebird","Psittacidae","QGH23-06487/BARCELONA / 14384","CAPTIVE","F","Fibro",NA,NA,NA,NA,NA,"A515","A515",NA,NA,NA,NA,NA,"VU","Birds",NA,TRUE,FALSE
"15.0","Aratinga solstitialis","Aratinga solstitialis",NA,"Sun Parakeet","Psittacidae",NA,NA,NA,"Fibro",NA,NA,NA,NA,NA,"A185","A185",NA,NA,"*A185*",NA,NA,"EN","Birds","https://www.iucnredlist.org/species/62233372/95192947",TRUE,FALSE
"16.0","Eos reticulata","Eos reticulata",NA,"Blue-streaked lory","Psittacidae","27181800/BARCELONA / 10564","CAPTIVE","F","Fibro",NA,NA,NA,NA,NA,"A354","A354",NA,NA,"*A354*",NA,NA,"NT","Birds",NA,TRUE,FALSE
"17.0","Ara chloropterus","Ara chloropterus",NA,"Red-and-green Macaw","Psittacidae","25767166/BARCELONA / 7344","UNKNOWN","M","Fibro",NA,NA,NA,NA,NA,"A362","A362",NA,NA,"*A362*",NA,NA,"LC","Birds","https://www.iucnredlist.org/species/22685566/163776409",TRUE,FALSE
"18.0","Amazona aestiva","Amazona aestiva",NA,"Blue-fronted amazon","Psittacidae","MIG12-28842346","CAPTIVE","F","Primary",NA,NA,NA,NA,NA,"A367","A367",NA,NA,NA,NA,NA,"NT","Birds",NA,FALSE,FALSE
"19.0","Amazona brasiliensis","Amazona brasiliensis",NA,"Red-tailed amazon","Psittacidae","MIG12-21379186/BARCELONA / 10462","CAPTIVE","M","Primary",NA,NA,NA,NA,NA,"A383","A383",NA,NA,NA,NA,NA,"NT","Birds","https://www.iucnredlist.org/species/22686296/118478685",FALSE,FALSE
"20.0","Ara ararauna","Ara ararauna",NA,"Blue-and-yellow macaw","Psittacidae","MIG12-28326023/ BARCELONA / 2083","WILD","M","Fibro",NA,NA,NA,NA,NA,"A441","A441",NA,NA,"*A441*",NA,NA,"LC","Birds","https://www.iucnredlist.org/species/22685539/131917270",TRUE,FALSE
"20.0","Ara ararauna","Ara ararauna",NA,"Blue-and-yellow macaw","Psittacidae","WKP15-00490/MADRID Z / GAZ55","CAPTIVE","U","Primary",NA,NA,NA,NA,NA,"A458","A458",NA,NA,NA,NA,NA,"LC","Birds",NA,FALSE,FALSE
"21.0","Ara rubrogenys","Ara rubrogenys",NA,"Red-fronted macaw","Psittacidae","27918567/MADRID Z / AR7","UNKOWN","F?","Primary",NA,NA,NA,NA,NA,NA,NA,NA,NA,NA,NA,NA,"CR","Birds",NA,FALSE,FALSE
"21.0","Nycticorax nycticorax","Nycticorax nycticorax",NA,"Black-crowned night heron","Ardeida","QGH20-05437","CAPTIVE","U","Primary",NA,NA,NA,NA,NA,"A42","A42",NA,NA,NA,NA,NA,"LC","Birds","https://www.iucnredlist.org/species/22697211/155515762",FALSE,FALSE
"21.0","Nycticorax nycticorax","Nycticorax nycticorax",NA,"Black-crowned night heron","Ardeida","QGH20-05427","CAPTIVE","M","Primary",NA,NA,NA,NA,NA,"A47/A43","A47","A43",NA,NA,NA,NA,"LC","Birds","https://www.gbif.org/species/2480863",FALSE,FALSE
"21.0","Nycticorax nycticorax","Nycticorax nycticorax",NA,"Black-crowned night heron","Ardeida","QGH21-05659","CAPTIVE","U","Primary",NA,NA,NA,NA,NA,"A128","A128",NA,NA,NA,NA,NA,"LC","Birds",NA,FALSE,FALSE
"21.0","Nycticorax nycticorax","Nycticorax nycticorax",NA,"Black-crowned night heron","Ardeida","QGH18-04841/QGH18-04841",NA,NA,"Primary",NA,NA,NA,NA,NA,"A229","A229",NA,NA,NA,NA,NA,"LC","Birds",NA,FALSE,FALSE
"21.0","Nycticorax nycticorax","Nycticorax nycticorax",NA,"Black-crowned night heron","Ardeida","QGH22-06035/BARCELONA/14079",NA,NA,"Fibro",NA,NA,NA,NA,NA,"A326","A326",NA,NA,"*A326*",NA,NA,"LC","Birds",NA,TRUE,FALSE
"21.0","Nycticorax nycticorax","Nycticorax nycticorax",NA,"Black-crowned night heron","Ardeida","SM3",NA,NA,"Fibro",NA,NA,NA,NA,NA,"A125","A125",NA,NA,"*A125*",NA,NA,"LC","Birds",NA,TRUE,FALSE
"22.0","Ciconia ciconia","Ciconia ciconia",NA,"White stork","Ciconiformes","CRAS 78/21",NA,NA,"Primary",NA,NA,NA,NA,NA,"A126","A126",NA,NA,NA,NA,NA,"LC","Birds","https://www.iucnredlist.org/species/22697691/86248677",FALSE,FALSE
"22.0","Ciconia ciconia","Ciconia ciconia",NA,"White stork","Ciconiformes","CRAS 21/21",NA,NA,"Primary",NA,NA,NA,NA,NA,"A80","A80",NA,NA,NA,NA,NA,"LC","Birds","https://www.gbif.org/species/2481912",FALSE,FALSE
"22.0","Ciconia ciconia","Ciconia ciconia",NA,"White stork","Ciconiformes","CRAS 47/21",NA,NA,"Fibro","DNA","K",NA,NA,"Ciconia ciconia A101","A101","A101",NA,NA,"*A101*",NA,NA,"LC","Birds",NA,TRUE,FALSE
"23.0","Platalea leucorodia","Platalea leucorodia",NA,"Eurasian spoonbill","Threskiornithidae","QGH16-02512","CAPTIVE","M","Primary",NA,NA,NA,NA,NA,"A93","A93",NA,NA,NA,NA,NA,"LC","Birds","https://www.iucnredlist.org/species/22697555/155460986",FALSE,FALSE
"23.0","Platalea leucorodia","Platalea leucorodia",NA,"Eurasian spoonbill","Threskiornithidae","MIG-28179109/BARCELONA7847","CAPTIVE","M","Fibro",NA,NA,NA,NA,NA,"A263","A263",NA,NA,"*A263*",NA,NA,"LC","Birds","https://www.gbif.org/species/2480801",TRUE,FALSE
"24.0","Platalea ajaja","Platalea ajaja",NA,"Roseate spoonbill","Threskiornithid","MIG12-29661875/BARCELONA / 10746","CAPTIVE","M","Primary",NA,NA,NA,NA,NA,"A316","A316",NA,NA,NA,NA,NA,"LC","Birds","https://www.iucnredlist.org/species/22697574/93621961",FALSE,FALSE
"25.0","Plegadis falcinellus","Plegadis falcinellus",NA,"Glossy Ibis","Threskiornithidae","CRAS 67/21",NA,NA,"Primary",NA,NA,NA,NA,NA,"A119","A119",NA,NA,"*A119*",NA,NA,"LC","Birds","https://www.iucnredlist.org/species/22697422/155528413",FALSE,FALSE
"25.0","Plegadis falcinellus","Plegadis falcinellus",NA,"Glossy Ibis","Threskiornithidae","2.5328829E7","CAPTIVE","M","Fibro",NA,NA,NA,NA,NA,"A251","A251",NA,NA,NA,NA,NA,"LC","Birds","https://species.nbnatlas.org/species/NBNSYS0000000254#sequences",TRUE,FALSE
"25.0","Plegadis falcinellus","Plegadis falcinellus",NA,"Glossy Ibis","Threskiornithidae","42/21",NA,NA,"Primary",NA,NA,NA,NA,NA,"A114","A114",NA,NA,NA,NA,NA,"LC","Birds",NA,FALSE,FALSE
"25.0","Plegadis falcinellus","Plegadis falcinellus",NA,"Glossy Ibis","Threskiornithidae","MIG12-28824985/ BARCELONA / 5327","CAPTIVE","M","Primary",NA,NA,NA,NA,NA,"A389","A389",NA,NA,NA,NA,NA,"LC","Birds",NA,FALSE,FALSE
"26.0","Geronticus eremita","Geronticus eremita",NA,"Waldrapp ibis","Threskiornithidae","SN1",NA,NA,"Primary",NA,NA,NA,NA,NA,"A131","A131",NA,NA,NA,NA,NA,"EN","Birds",NA,FALSE,FALSE
"26.0","Geronticus eremita","Geronticus eremita",NA,"Waldrapp ibis","Threskiornithidae","VVM20-02434/JEREZ / IE2023","CAPTIVE","M","Primary",NA,NA,NA,NA,NA,"A86","A86",NA,NA,NA,NA,NA,"EN","Birds","https://www.iucnredlist.org/species/22697488/130895601",FALSE,FALSE
"26.0","Geronticus eremita","Geronticus eremita",NA,"Waldrapp ibis","Threskiornithidae","FRW20-01048/JEREZ / IE2014","CAPTIVE","U","Primary",NA,NA,NA,NA,NA,"A69","A69",NA,NA,NA,NA,NA,"EN","Birds","https://animaldiversity.org/accounts/Geronticus_eremita/",FALSE,FALSE
"26.0","Geronticus eremita","Geronticus eremita",NA,"Waldrapp ibis","Threskiornithidae","FRW20-01045/JEREZ / IE2011","CAPTIVE","U","Primary",NA,NA,NA,NA,NA,"A68","A68",NA,NA,NA,NA,NA,"EN","Birds",NA,FALSE,FALSE
"26.0","Geronticus eremita","Geronticus eremita",NA,"Waldrapp ibis","Threskiornithidae","ZDW17-03177/BARCELONA / 13500","CAPTIVE","F","Primary",NA,NA,NA,NA,NA,"A254","A254",NA,NA,"*A254*",NA,NA,"EN","Birds",NA,FALSE,FALSE
"26.0","Geronticus eremita","Geronticus eremita",NA,"Waldrapp ibis","Threskiornithidae","QGH23-06354/BARCELONA / 14289","CAPTIVE","F","Fibro","DNA",NA,NA,NA,NA,"A466","A466",NA,NA,NA,NA,NA,"EN","Birds",NA,TRUE,FALSE
"27.0","Eudocimus ruber","Eudocimus ruber",NA,"Scarlet Ibis","Threskiornithidae",NA,"CAPTIVE",NA,"Fibro",NA,NA,NA,NA,NA,"A519","A519",NA,NA,NA,NA,NA,"LC","Birds",NA,TRUE,FALSE
"27.0","Eudocimus ruber","Eudocimus ruber",NA,"Scarlet Ibis","Threskiornithidae","MIG12-28706350","CAPTIVE","M","Fibro",NA,NA,NA,NA,NA,"A235","A235",NA,NA,"*A235*",NA,NA,"LC","Birds",NA,TRUE,FALSE
"27.0","Eudocimus ruber","Eudocimus ruber",NA,"Scarlet Ibis","Threskiornithidae","MIG12-28706348/BARCELONA / 11080","CAPTIVE","M","Primary",NA,NA,NA,NA,NA,"A438","A438",NA,NA,NA,NA,NA,"LC","Birds",NA,FALSE,FALSE
"28.0","Threskiornis aethiopicus","Threskiornis aethiopicus",NA,"Sacred ibis","Threskiornithidae","27920372/MADRID Z / IS48","UNKNOWN","U","Fibro",NA,NA,NA,NA,NA,"A230","A230",NA,NA,"*A230*",NA,NA,"LC","Birds","https://www.iucnredlist.org/species/22697510/132068562",TRUE,FALSE
"29.0","Butorides striata","Butorides striata",NA,"Striated heron","Ardeidae","QGH17-04483","CAPTIVE","M","Fibro","DNA",NA,NA,NA,NA,"A107","A107",NA,NA,"*A107*",NA,NA,"LC","Birds",NA,TRUE,FALSE
"29.0","Butorides striata","Butorides striata",NA,"Striated heron","Ardeidae","QGH12-00159/BARCELONA / 11588","CAPTIVE","M","Primary",NA,NA,NA,NA,NA,NA,NA,NA,NA,NA,NA,NA,"LC","Birds","https://www.iucnredlist.org/species/22728182/94973442",FALSE,FALSE
"30.0","Ixobrychus minutus","Ixobrychus minutus",NA,"Little bittern","Ardeidae","VKM13-00879/BARCELONA / 12860","CAPTIVE","F","Primary",NA,NA,NA,NA,NA,"A385","A385",NA,NA,NA,NA,NA,"LC","Birds","https://www.iucnredlist.org/species/22735766/155511258",FALSE,FALSE
"31.0","Gallinula chloropus","Gallinula chloropus",NA,"Common Moorhen","Rallidae","CRAS 56/21",NA,NA,"Primary",NA,NA,NA,NA,NA,"A106","A106",NA,NA,NA,NA,NA,"LC","Birds","https://www.iucnredlist.org/species/62120190/155506651",FALSE,FALSE
"31.0","Gallinula chloropus","Gallinula chloropus",NA,"Common Moorhen","Rallidae","CRAS 25/21",NA,NA,"Primary",NA,NA,NA,NA,NA,"A89","A89",NA,NA,NA,NA,NA,"LC","Birds",NA,FALSE,FALSE
"32.0","Balearica pavonina","Balearica pavonina",NA,"Black Crowned Crane","Gruidae","QGH20-05471","CAPTIVE","U","Primary",NA,NA,NA,NA,NA,NA,NA,NA,NA,NA,NA,NA,"VU","Birds","https://www.gbif.org/species/5228232",FALSE,FALSE
"33.0","Psophia crepitans","Psophia crepitans",NA,"Grey-winged Trumpeter","Gruiformes","FRW15-00565","CAPTIVE","F","Primary",NA,NA,NA,NA,NA,"A100","A100",NA,NA,NA,NA,NA,"NT","Birds","https://www.iucnredlist.org/species/45478181/95158441",FALSE,FALSE
"34.0","Marmaronetta angustirostris","Marmaronetta angustirostris",NA,"Marbled Teal","Anatidae","2.495321E7","CAPTIVE","F","Primary",NA,NA,NA,NA,NA,"A87","A87",NA,NA,NA,NA,NA,"VU","Birds","https://www.gbif.org/species/2498390",FALSE,FALSE
"35.0","Netta peposaca","Netta peposaca",NA,"Rosy-billed Pochard","Anatidae","2.7919208E7","CAPTIVE","F","Primary",NA,NA,NA,NA,NA,"A104","A104",NA,NA,NA,NA,NA,"LC","Birds","https://www.iucnredlist.org/species/22680351/92856953",FALSE,FALSE
"36.0","Anas platyrhynchos","Anas platyrhynchos",NA,"Mallard","Anatidae","EC 11/21",NA,NA,"Primary",NA,NA,NA,NA,NA,"A112","A112",NA,NA,NA,NA,NA,"LC","Birds","https://www.gbif.org/species/9761484",FALSE,FALSE
"37.0","Netta rufina","Netta rufina",NA,"Red-crested Pochard","Anatidae","PC028",NA,NA,"Fibro",NA,NA,NA,NA,NA,"A199","A199",NA,NA,NA,NA,NA,"LC","Birds","https://www.iucnredlist.org/species/22680348/86012189",TRUE,FALSE
"38.0","Chauna torquata","Chauna torquata",NA,"Southern screamer","Anhimidae","MIG12-28179183","CAPTIVE","M","Fibro","DNA",NA,NA,NA,NA,"A302","A302",NA,NA,NA,NA,NA,"LC","Birds","https://www.iucnredlist.org/species/22679729/92826769",TRUE,FALSE
"39.0","Cygnus atratus","Cygnus atratus",NA,"Black swan","Anatidae","2.7919208E7","CAPTIVE","F","Fibro","DNA",NA,NA,NA,NA,"A317","A317",NA,NA,"*A317*",NA,NA,"LC","Birds","https://www.iucnredlist.org/species/22679843/131907524",TRUE,FALSE
"40.0","Cygnus melancoryphus","Cygnus melancoryphus",NA,"Black-necked swan","Anatidae",NA,"CAPTIVE","F","Fibro","DNA",NA,NA,NA,NA,"A503","A503",NA,NA,NA,NA,NA,"LC","Birds","https://www.iucnredlist.org/species/22679846/92832118",TRUE,FALSE
"40.0","Cygnus melancoryphus","Cygnus melancoryphus",NA,"Black-necked swan","Anatidae","MIG12-29016900/ BARCELONA / 11108",NA,NA,"Primary",NA,NA,NA,NA,NA,NA,NA,NA,NA,NA,NA,NA,"LC","Birds",NA,FALSE,FALSE
"41.0","Apus pallidus","Apus pallidus",NA,"Pallid Swift","Apodidae","CRAS 58/21",NA,NA,"Primary",NA,NA,NA,NA,NA,"A113","A113",NA,NA,NA,NA,NA,"LC","Birds","https://www.iucnredlist.org/species/22686815/155463151",FALSE,FALSE
"41.0","Apus pallidus","Apus pallidus",NA,"Pallid Swift","Apodidae","CRAS 365/21",NA,NA,"Primary",NA,NA,NA,NA,NA,"A180","A180",NA,NA,NA,NA,NA,"LC","Birds","https://www.gbif.org/species/5228695",FALSE,FALSE
"41.0","Apus pallidus","Apus pallidus",NA,"Pallid Swift","Apodidae","CRAS 45/21",NA,NA,"Primary",NA,NA,NA,NA,NA,"A99","A99",NA,NA,NA,NA,NA,"LC","Birds",NA,FALSE,FALSE
"42.0","Apus apus","Apus apus",NA,"Common swift","Apodidae","55/21",NA,NA,"Primary",NA,NA,NA,NA,NA,"A111","A111",NA,NA,NA,NA,NA,"LC","Birds","https://www.iucnredlist.org/species/22686800/86111691",FALSE,FALSE
"43.0","Streptopelia decaocto","Streptopelia decaocto",NA,"Eurasian Collared-dove","Columbidae","CRAS 65/21",NA,NA,"Fibro","K",NA,NA,NA,"Streptopelia decaocto A118","A118","A118",NA,NA,"*A118*",NA,NA,"LC","Birds","https://www.iucnredlist.org/species/22727811/154457750",TRUE,FALSE
"44.0","Columba livia","Columba livia",NA,"Rock Dove","Columbidae","CRAS 68/21",NA,NA,"Primary",NA,NA,NA,NA,NA,"A120","A120",NA,NA,NA,NA,NA,"LC","Birds","https://www.iucnredlist.org/species/22690066/155493121",FALSE,FALSE
"45.0","Columba palumbus","Columba palumbus",NA,"Common Woodpigeon","Columbidae","SM4",NA,NA,"Primary",NA,NA,NA,NA,NA,"A123","A123",NA,NA,NA,NA,NA,"LC","Birds","https://www.iucnredlist.org/species/22690103/131924602",FALSE,FALSE
"46.0","Ptilinopus melanospilus","Ptilinopus melanospilus",NA,"Black-naped Fruit-dove","Columbidae","MIG12-28149323","CAPTIVE","F","Fibro",NA,NA,NA,NA,NA,"A253","A253",NA,NA,"*A253*",NA,NA,"LC","Birds","https://www.iucnredlist.org/species/22691558/93316491",TRUE,FALSE
"47.0","Zenaida graysoni","Zenaida graysoni",NA,"Socorro dove","Columbidae","DMP17-00807","CAPTIVE","F","Fibro","DNA",NA,NA,NA,NA,"A255","A255",NA,NA,"*A255*",NA,NA,"EW","Birds","https://www.iucnredlist.org/species/22690740/178409463",TRUE,FALSE
"48.0","Gallicolumba luzonica","Gallicolumba luzonica",NA,"Luzon bleeding-heart dove","Columbidae","1.5949977E7","CAPTIVE","M","Primary",NA,NA,NA,NA,NA,"A266","A266",NA,NA,NA,NA,NA,"NT","Birds","https://www.iucnredlist.org/species/22690979/93297883",FALSE,FALSE
"48.0","Gallicolumba luzonica","Gallicolumba luzonica",NA,"Luzon bleeding-heart dove","Columbidae","QGH20-05524/ BARCELONA / 13798",NA,NA,"Primary",NA,NA,NA,NA,NA,"A406","A406",NA,NA,NA,NA,NA,"NT","Birds",NA,FALSE,FALSE
"48.0","Gallicolumba luzonica","Gallicolumba luzonica",NA,"Luzon bleeding-heart dove","Columbidae","VKM21-05794/VKM21-05794","CAPTIVE","M","Fibro","DNA",NA,NA,NA,NA,"A411","A411",NA,NA,"*A411*",NA,NA,"NT","Birds",NA,TRUE,FALSE
"49.0","Caloenas nicobarica","Caloenas nicobarica",NA,"Nicobar pigeon","Columbidae","QGH15-02298","CAPTIVE","F","Primary",NA,NA,NA,NA,NA,"A338","A338",NA,NA,NA,NA,NA,"NT","Birds","https://www.iucnredlist.org/species/22690974/178136167",FALSE,FALSE
"50.0","Spheniscus demersus","Spheniscus demersus",NA,"Jackass penguin","Spheniscidae","24208794/MADRID Z / PJ19","CAPTIVE","M","Fibro",NA,NA,NA,NA,NA,"A144","A144",NA,NA,"*A144*",NA,NA,"EN","Birds","https://www.iucnredlist.org/species/22697810/157423361",TRUE,FALSE
"50.0","Spheniscus demersus","Spheniscus demersus",NA,"Jackass penguin","Spheniscidae","WKP13-00159/MADRID Z / PJ61","CAPTIVE","F","Primary",NA,NA,NA,NA,NA,"A430","A430",NA,NA,NA,NA,NA,"EN","Birds","https://www.gbif.org/species/5229384",FALSE,FALSE
"50.0","Spheniscus demersus","Spheniscus demersus",NA,"Jackass penguin","Spheniscidae","8297685/ID: MADRID Z / PJ29","CAPTIVE","F","Fibro","DNA",NA,NA,NA,NA,"A431","A431",NA,NA,"*A431*",NA,NA,"EN","Birds","https://animaldiversity.org/accounts/Spheniscus_demersus/",TRUE,FALSE
"51.0","Spheniscus humboldti","Spheniscus humboldti",NA,"Humboldt penguin","Spheniscidae","1.9146851E7","CAPTIVE","M","Primary",NA,NA,NA,NA,NA,"A299","A299",NA,NA,NA,NA,NA,"VU","Birds","https://www.iucnredlist.org/species/22697817/182714418",FALSE,FALSE
"51.0","Spheniscus humboldti","Spheniscus humboldti",NA,"Humboldt penguin","Spheniscidae","MIG12-28033500/BARCELONA / 5029","CAPTIVE","M","Fibro",NA,NA,NA,NA,NA,"A386","A386",NA,NA,"*A386*",NA,NA,"VU","Birds",NA,TRUE,FALSE
"52.0","Halcyon malimbica","Halcyon malimbica",NA,"Blue-breasted kingfisher","Alcedinidae","QGH15-02460","CAPTIVE","M","Primary",NA,NA,NA,NA,NA,"A155","A155",NA,NA,NA,NA,NA,"LC","Birds","https://www.iucnredlist.org/species/22683269/92981938",FALSE,FALSE
"53.0","Dacelo novaeguineae","Dacelo novaeguineae",NA,"Laughing kookaburra","Alcedinidae","MIG12-28802202/BARCELONA / 12619","CAPTIVE","F","Primary",NA,NA,NA,NA,NA,"A407","A407",NA,NA,NA,NA,NA,"LC","Birds",NA,FALSE,FALSE
"54.0","Dromaius novaehollandiae","Dromaius novaehollandiae",NA,"Common Emu","Casuariidae","27919533/MADRID Z / EMU10","UNKNOWN","U","Primary",NA,NA,NA,NA,NA,"A158","A158",NA,NA,NA,NA,NA,"LC","Birds","https://www.iucnredlist.org/species/22678117/131902466",FALSE,FALSE
"55.0","Phoenicopterus roseus","Phoenicopterus roseus",NA,"Greater Flamingo","Phoenicopteriformes","FRW21-01235/JEREZ / FL30","CAPTIVE","F","Primary",NA,NA,NA,NA,NA,"A181","A181",NA,NA,NA,NA,NA,"LC","Birds","https://www.iucnredlist.org/fr/species/22697360/155527405",FALSE,FALSE
"56.0","Phoenicopterus ruber","Phoenicopterus ruber",NA,"American flamingo","Phoenicopteriformes","27917629/MADRID Z / FLR32","CAPTIVE","M","Primary",NA,NA,NA,NA,NA,"A231","A231",NA,NA,NA,NA,NA,"LC","Birds",NA,FALSE,FALSE
"56.0","Phoenicopterus ruber","Phoenicopterus ruber",NA,"American flamingo","Phoenicopteriformes","ap22-00215","CAPTIVE",NA,"Primary",NA,NA,NA,NA,NA,"A358","A358",NA,NA,NA,NA,NA,"LC","Birds",NA,FALSE,FALSE
"57.0","Haliaeetus leucocephalus","Haliaeetus leucocephalus",NA,"Bald Eagle","Accipitridae","2.7918336E7","CAPTIVE","M","Fibro",NA,NA,NA,NA,NA,"A250","A250",NA,NA,"*A250*",NA,NA,"LC","Birds",NA,TRUE,FALSE
"58.0","Colius striatus","Colius striatus",NA,"Speckled Mousebird","Coliidae","QGH21-05850","CAPTIVE","U","Primary",NA,NA,NA,NA,NA,"A243","A243",NA,NA,NA,NA,NA,"LC","Birds","https://www.iucnredlist.org/species/22683776/93000568",FALSE,FALSE
"58.0","Colius striatus","Colius striatus",NA,"Speckled Mousebird","Coliidae","QGH14-02099/BARCELONA / 12241","CAPTIVE","M","Fibro",NA,NA,NA,NA,NA,"A323","A323",NA,NA,"*A323*",NA,NA,"LC","Birds",NA,TRUE,FALSE
"59.0","Eurypyga helias","Eurypyga helias",NA,"Sunbittern","Eurypygidae","TPC14-02438/BARCELONA / 12461","CAPTIVE","F","Primary",NA,NA,NA,NA,NA,"A257","A257",NA,NA,NA,NA,NA,"LC","Birds",NA,FALSE,FALSE
"60.0","Musophaga violacea","Musophaga violacea",NA,"Violet turaco","Musophagidae","NGK18-00247","CAPTIVE","M","Primary",NA,NA,NA,NA,NA,"A261","A261",NA,NA,NA,NA,NA,"LC","Birds","https://www.iucnredlist.org/species/22688387/93195573",FALSE,FALSE
"61.0","Gallus gallus domestic","Gallus gallus","domestic","Domestic chicken","Phasianidae","WKP15-00483","CAPTIVE","M","Fibro","DNA",NA,NA,NA,NA,"A297","A297",NA,NA,"*A297*",NA,NA,"LC","Birds",NA,TRUE,FALSE
"62.0","Lophura edwardsi","Lophura edwardsi",NA,"Vietnam pheasant","Phasianidae","QGH22-06035/BARCELONA / 14079","CAPTIVE","U","Fibro","DNA",NA,NA,NA,NA,"A325","A325",NA,NA,"*A325*",NA,NA,"CR","Birds","https://www.iucnredlist.org/species/45354985/129928203",TRUE,FALSE
"63.0","Polyplectron napoleonis","Polyplectron napoleonis",NA,"Palawan peacock pheasant","Phasianidae","QGH16-04017","CAPTIVE","F","Fibro","DNA",NA,NA,NA,NA,"A330","A330",NA,NA,"*A330*",NA,NA,"VU","Birds","https://www.iucnredlist.org/species/22679398/132051467",TRUE,FALSE
"63.0","Polyplectron napoleonis","Polyplectron napoleonis",NA,"Palawan peacock pheasant","Phasianidae","MIG12-28325583/BARCELONA / 6405","CAPTIVE","M","Fibro","DNA",NA,NA,NA,NA,"A421","A421",NA,NA,"*A421*",NA,NA,"VU","Birds",NA,TRUE,FALSE
"64.0","Pavo cristatus","Pavo cristatus",NA,"Indian Peafowl","Phasianidae",NA,"UNKNOWN","U","Fibro",NA,NA,NA,NA,NA,"A483","A483",NA,NA,NA,NA,NA,"LC","Birds","https://www.iucnredlist.org/species/22679435/92814454",TRUE,FALSE
"64.0","Pavo cristatus","Pavo cristatus",NA,"Indian Peafowl","Phasianidae",NA,NA,NA,"Fibro",NA,NA,NA,NA,NA,"A517","A517",NA,NA,NA,NA,NA,"LC","Birds",NA,TRUE,FALSE
"65.0","Bucorvus leadbeateri","Bucorvus leadbeateri",NA,"Southern ground hornbill","Bucorvidae","QGH22-06111","CAPTIVE","U","Fibro",NA,NA,NA,NA,NA,"A344","A344",NA,NA,"*A344*",NA,NA,"VU","Birds","https://www.iucnredlist.org/species/22682638/92955067",TRUE,FALSE
"66.0","Jacana jacana","Jacana jacana",NA,"Wattled jacana","Jacanidae","QGH13-00872","WILD","M","Fibro",NA,NA,NA,NA,NA,"A346","A346",NA,NA,"*A346*",NA,NA,"LC","Birds","https://www.iucnredlist.org/species/22693553/163616643",TRUE,FALSE
"67.0","Otus scops scops","Otus scops","scops","Eurasian scops owl","Strigidae","MIG12-28179259","CAPTIVE","M","Primary",NA,NA,NA,NA,NA,"A24","A24",NA,NA,NA,NA,NA,"LC","Birds","https://www.iucnredlist.org/species/155019854/155020110",FALSE,FALSE
"67.0","Otus scops scops","Otus scops","scops","Eurasian scops owl","Strigidae","2.5996946E7","CAPTIVE","F","Primary",NA,NA,NA,NA,NA,"A319","A319",NA,NA,NA,NA,NA,"LC","Birds","https://www.gbif.org/species/7060344",FALSE,FALSE
"67.0","Otus scops scops","Otus scops","scops","Eurasian scops owl","Strigidae","MIG12-28179174/BARCELONA / 10914","CAPTIVE","M","Primary",NA,NA,NA,NA,NA,"A449","A449",NA,NA,NA,NA,NA,"LC","Birds",NA,FALSE,FALSE
"68.0","Tyto alba","Tyto alba",NA,"Common Barn-owl","Tytonidae","27918191/MADRID Z / LCH32","CAPTIVE","M","Fibro",NA,NA,NA,NA,NA,"A232","A232",NA,NA,"*A232*",NA,NA,"LC","Birds","https://www.iucnredlist.org/species/22688504/155542941",TRUE,FALSE
"69.0","Bubo scandiacus","Bubo scandiacus",NA,"Snowy Owl","Strigidae","24865002/MADRID Z / BUN2","CAPTIVE","M","Primary",NA,NA,NA,NA,NA,"A177","A177",NA,NA,NA,NA,NA,"VU","Birds","https://www.itis.gov/servlet/SingleRpt/SingleRpt?search_topic=TSN&search_value=686683#null",FALSE,FALSE
"70.0","Strix aluco","Strix aluco",NA,"Tawny Owl","Strigidae",NA,NA,NA,"Primary",NA,NA,NA,NA,NA,"A256","A256",NA,NA,NA,NA,NA,"LC","Birds",NA,FALSE,FALSE
"71.0","Tauraco erythrolophus","Tauraco erythrolophus",NA,"Red-crested turaco","Musophagidae","TRC15-00347/BARCELONA / 12900","CAPTIVE","F","Primary",NA,NA,NA,NA,NA,"A371","A371",NA,NA,NA,NA,NA,"LC","Birds",NA,FALSE,FALSE
"72.0","Tauraco leucotis","Tauraco leucotis",NA,"White-cheeked turaco","Musophagidae","WKP13-00227/MADRID Z / TURA3","CAPTIVE","F","Primary",NA,NA,NA,NA,NA,"A372","A372",NA,NA,NA,NA,NA,"LC","Birds","https://www.iucnredlist.org/species/22688355/95213742",FALSE,FALSE
"73.0","Falco naumanni","Falco naumanni",NA,"Lesser Kestrel","Falconidae","WKP22-01969/MADRID Z / CEP38","CAPTIVE","F","Primary",NA,NA,NA,NA,NA,"A387","A387",NA,NA,NA,NA,NA,"LC","Birds","https://www.iucnredlist.org/species/22696357/205768513",FALSE,FALSE
"73.0","Falco naumanni","Falco naumanni",NA,"Lesser Kestrel","Falconidae","WKP22-01966/MADRID Z / CEP35","CAPTIVE","F","Primary",NA,NA,NA,NA,NA,"A455","A455",NA,NA,NA,NA,NA,"LC","Birds",NA,FALSE,FALSE
"74.0","Ramphastos toco","Ramphastos toco",NA,"Toco toucan","Ramphastidae","VMT19-40119/MADRID Z / TC7","CAPTIVE","M","Fibro","DNA",NA,NA,NA,NA,"A435","A435",NA,NA,"*A435*",NA,NA,"LC","Birds",NA,TRUE,FALSE
"75.0","Parabuteo unicinctus","Parabuteo unicinctus",NA,"Harris' hawk/bay-winged hawk","Accipitridae","27920118/MADRID Z / HHA1","CAPTIVE","U","Primary",NA,NA,NA,NA,NA,"A477","A477",NA,NA,NA,NA,NA,"LC","Birds","https://www.iucnredlist.org/species/22695838/93529685",FALSE,FALSE
"76.0","Accipiter gentilis","Accipiter gentilis",NA,"Northern Goshawk","Accipitridae",NA,NA,NA,"Primary",NA,NA,NA,NA,NA,"A320","A320",NA,NA,NA,NA,NA,"LC","Birds","https://www.iucnredlist.org/species/22695683/198505113",FALSE,FALSE
"76.0","Accipiter gentilis","Accipiter gentilis",NA,"Northern Goshawk","Accipitridae","CRAS83/22",NA,NA,"Primary",NA,NA,NA,NA,NA,NA,NA,NA,NA,NA,NA,NA,"LC","Birds",NA,FALSE,FALSE
"77.0","Casuarius casuarius","Casuarius casuarius",NA,"Southern cassowary","Casuariidae","MIG12-28433325/MADRID Z / CAS6","CAPTIVE","M","Fibro","RNA",NA,NA,NA,NA,"A500","A500",NA,NA,NA,NA,NA,"LC","Birds","https://www.iucnredlist.org/species/22678108/131902050",TRUE,FALSE
"78.0","Rhea americana","Rhea americana",NA,"Greater rhea","Rheidae","QGL17-00566/MADRID Z / RH18","CAPTIVE","F","Fibro",NA,NA,NA,NA,NA,"A513","A513",NA,NA,NA,NA,NA,"NT","Birds","https://www.iucnredlist.org/species/22678073/219615764",TRUE,FALSE
"79.0","Pelecanus crispus","Pelecanus crispus",NA,"Dalmatian pelican","Pelecanidae","25328800/ BARCELONA / 2299","CAPTIVE","M","Fibro","DNA",NA,NA,NA,NA,"A502","A502",NA,NA,NA,NA,NA,"VU","Birds","https://www.iucnredlist.org/species/22697599/122838534",TRUE,FALSE
"80.0","Trachyphonus erythrocephalus","Trachyphonus erythrocephalus",NA,"Red-and-yellow barbet","Lybiidae","DKL21-06992/BARCELONA / 14024","CAPTIVE","F","Primary",NA,NA,NA,NA,NA,"A516","A516",NA,NA,NA,NA,NA,"LC","Birds","https://www.iucnredlist.org/species/22681889/92924667",FALSE,FALSE
