"x1","scientific_name","species","subspecies","common_name","family","zims_species360","origin","sex","cell_type","type1","type2","type3","type4","karyotype","sample_id","line1","line2","line3","cell_barcode","cnag_id","x14","iucn","iPSC","status","superclass"
"1.0","Nanger dama mhorr","Nanger dama","mhorr","Mhorr Gazelle","Bovidae","QGH20-05342/13650","CAPTIVE","M","Fibro",NA,NA,NA,NA,NA,"A216/A207","A216","A207",NA,"*A216/A207*",NA,NA,"CR",FALSE,TRUE,"Mammalia"
"1.0","Nanger dama mhorr","Nanger dama","mhorr","Mhorr Gazelle","Bovidae","11268.0",NA,NA,"Fibro","DNA","K",NA,NA,"Nanger Dama Mohr a85","A85","A85",NA,NA,"*A85*",NA,"https://www.iucnredlist.org/species/8968/50186128","CR",FALSE,TRUE,"Mammalia"
"1.0","Nanger dama mhorr","Nanger dama","mhorr","Mhorr Gazelle","Bovidae","QGH19-05159","CAPTIVE","F","Primary",NA,NA,NA,NA,NA,"A20","A20",NA,NA,"*A20*",NA,"https://www.ncbi.nlm.nih.gov/Taxonomy/Browser/wwwtax.cgi?lvl=0&id=67940","CR",FALSE,FALSE,"Mammalia"
"1.0","Nanger dama mhorr","Nanger dama","mhorr","Mhorr Gazelle","Bovidae","QGH19-05123","CAPTIVE","F","Fibro","DNA","SEQ",NA,NA,NA,"A19","A19",NA,NA,"*A19*","ORGONE_02","https://animaldiversity.org/accounts/Nanger_dama/","CR",FALSE,TRUE,"Mammalia"
"1.0","Nanger dama mhorr","Nanger dama","mhorr","Mhorr Gazelle","Bovidae","MIG12-29591142/BARCELONA / 11341","CAPTIVE","F","Primary",NA,NA,NA,NA,NA,"A156/A405","A156","A405",NA,NA,NA,NA,"CR",FALSE,FALSE,"Mammalia"
"1.0","Nanger dama mhorr","Nanger dama","mhorr","Mhorr Gazelle","Bovidae","MIG12-28152170/BARCELONA13063","CAPTIVE","M","Fibro","K",NA,NA,NA,"Nanger Dama Mhorr A171","A171","A171",NA,NA,"*A171*",NA,NA,"CR",FALSE,TRUE,"Mammalia"
"1.0","Nanger dama mhorr","Nanger dama","mhorr","Mhorr Gazelle","Bovidae","13640/ZIMS?","CAPTIVE",NA,"Fibro",NA,NA,NA,NA,NA,"A215","A215",NA,NA,NA,NA,NA,"CR",FALSE,TRUE,"Mammalia"
"1.0","Nanger dama mhorr","Nanger dama","mhorr","Mhorr Gazelle","Bovidae","QGH22-06087","CAPTIVE",NA,"Primary",NA,NA,NA,NA,NA,"A334","A334",NA,NA,NA,NA,NA,"CR",FALSE,FALSE,"Mammalia"
"1.0","Nanger dama mhorr","Nanger dama","mhorr","Mhorr Gazelle","Bovidae","QGH22-06088","CAPTIVE","F","Primary",NA,NA,NA,NA,NA,"A335","A335",NA,NA,NA,NA,NA,"CR",FALSE,FALSE,"Mammalia"
"1.0","Nanger dama mhorr","Nanger dama","mhorr","Mhorr Gazelle","Bovidae","MIG12-29854099/MADRID Z / GAD26","CAPTIVE","F","Primary",NA,NA,NA,NA,NA,"A393","A393",NA,NA,NA,NA,NA,"CR",FALSE,FALSE,"Mammalia"
"1.0","Nanger dama mhorr","Nanger dama","mhorr","Mhorr Gazelle","Bovidae","QGH16-04153/barcelona/12778","CAPTIVE","F","Primary",NA,NA,NA,NA,NA,"A397","A397",NA,NA,NA,NA,NA,"CR",FALSE,FALSE,"Mammalia"
"1.0","Nanger dama mhorr","Nanger dama","mhorr","Mhorr Gazelle","Bovidae","QGH17-04511/barcelona/12963","CAPTIVE","F","Primary",NA,NA,NA,NA,NA,"A398","A398",NA,NA,NA,NA,NA,"CR",FALSE,FALSE,"Mammalia"
"1.0","Nanger dama mhorr","Nanger dama","mhorr","Mhorr Gazelle","Bovidae",NA,NA,NA,"Fibro","DNA","K",NA,NA,"Nanger Dama Mhorr A9","A9","A9",NA,NA,"*A9*",NA,NA,"CR",FALSE,TRUE,"Mammalia"
"1.0","Nanger dama mhorr","Nanger dama","mhorr","Mhorr Gazelle","Bovidae","MIG12-29320182/ BARCELONA / 11263","CAPTIVE","F","Primary",NA,NA,NA,NA,NA,"A447","A447",NA,NA,NA,NA,NA,"CR",FALSE,FALSE,"Mammalia"
"1.0","Nanger dama mhorr","Nanger dama","mhorr","Mhorr Gazelle","Bovidae","ALM20-00023/: ELCHE SAF / 1789","CAPTIVE","F","Fibro","DNA","RNA",NA,NA,NA,"A468","A468",NA,NA,NA,NA,NA,"CR",FALSE,TRUE,"Mammalia"
"2.0","Gazella dorcas","Gazella dorcas",NA,"Dorcas Gazelle","Bovidae","MIG12-29435084/BARCELONA11047","CAPTIVE","M","Fibro","K",NA,NA,NA,"Gazella Dorcas A18","A18","A18",NA,NA,"*A18*",NA,NA,"VU",FALSE,TRUE,"Mammalia"
"2.0","Gazella dorcas","Gazella dorcas",NA,"Dorcas Gazelle","Bovidae","WKP15-00424/BARCELONA13589","CAPTIVE","M","Fibro","K",NA,NA,NA,"Gazella Dorcas A148","A148","A148",NA,NA,"*A148*",NA,"https://www.iucnredlist.org/species/8969/50186334","VU",FALSE,TRUE,"Mammalia"
"2.0","Gazella dorcas","Gazella dorcas",NA,"Dorcas Gazelle","Bovidae","WKP19-01761/MADRID Z / GD142","CAPTIVE","F","Primary",NA,NA,NA,NA,NA,NA,NA,NA,NA,NA,NA,"https://www.ncbi.nlm.nih.gov/Taxonomy/Browser/wwwtax.cgi?mode=Info&id=37751","VU",FALSE,FALSE,"Mammalia"
"2.0","Gazella dorcas","Gazella dorcas",NA,"Dorcas Gazelle","Bovidae","FRW18-00814/JEREZ / GDO333","CAPTIVE","F","Primary",NA,NA,NA,NA,NA,"A96","A96",NA,NA,NA,NA,"https://animaldiversity.org/accounts/Gazella_dorcas/","VU",FALSE,FALSE,"Mammalia"
"2.0","Gazella dorcas","Gazella dorcas",NA,"Dorcas Gazelle","Bovidae","QGH18-04728/BARCELONA13096","CAPTIVE","M","Primary",NA,NA,NA,NA,NA,NA,NA,NA,NA,NA,NA,NA,"VU",FALSE,FALSE,"Mammalia"
"2.0","Gazella dorcas","Gazella dorcas",NA,"Dorcas Gazelle","Bovidae","QGH16-04140","CAPTIVE","M","Fibro",NA,NA,NA,NA,NA,"A283","A283",NA,NA,"*A283*",NA,NA,"VU",FALSE,TRUE,"Mammalia"
"2.0","Gazella dorcas","Gazella dorcas",NA,"Dorcas Gazelle","Bovidae","MIG12-29435079","CAPTIVE","F","Fibro","DNA",NA,NA,NA,NA,"A21","A21",NA,NA,"*A21*",NA,NA,"VU",FALSE,TRUE,"Mammalia"
"2.0","Gazella dorcas","Gazella dorcas",NA,"Dorcas Gazelle","Bovidae","QGH18-04728/BARCELONA / 13096","CAPTIVE","M","Fibro","K",NA,NA,NA,"Gazella Dorcas A167","A167","A167",NA,NA,"*A167*",NA,NA,"VU",FALSE,TRUE,"Mammalia"
"2.0","Gazella dorcas","Gazella dorcas",NA,"Dorcas Gazelle","Bovidae","QGH2306333-IA","CAPTIVE","U","Primary",NA,NA,NA,NA,NA,"A456","A456",NA,NA,NA,NA,NA,"VU",FALSE,FALSE,"Mammalia"
"2.0","Gazella dorcas","Gazella dorcas",NA,"Dorcas Gazelle","Bovidae","QGH23-06339/BARCELONA / 14280","CAPTIVE","F","Fibro",NA,NA,NA,NA,NA,"A465","A465",NA,NA,NA,NA,NA,"VU",FALSE,TRUE,"Mammalia"
"2.0","Gazella dorcas","Gazella dorcas",NA,"Dorcas Gazelle","Bovidae",NA,NA,NA,"Primary",NA,NA,NA,NA,NA,"A523","A523",NA,NA,NA,NA,NA,"VU",FALSE,FALSE,"Mammalia"
"3.0","Aepyceros melampus","Aepyceros melampus",NA,"Impala","Bovidae","QGH21-05797","CAPTIVE","U","Primary",NA,NA,NA,NA,NA,"A166","A166",NA,NA,NA,NA,NA,"LC",FALSE,FALSE,"Mammalia"
"3.0","Aepyceros melampus","Aepyceros melampus",NA,"Impala","Bovidae","QGH20-05395","CAPTIVE","M","Fibro",NA,NA,NA,NA,NA,"A280","A280",NA,NA,NA,NA,"https://www.ncbi.nlm.nih.gov/Taxonomy/Browser/wwwtax.cgi?mode=Info&id=9897","LC",FALSE,TRUE,"Mammalia"
"3.0","Aepyceros melampus","Aepyceros melampus",NA,"Impala","Bovidae","QGH19-05174/BARCELONA13498","CAPTIVE","M","Fibro","K",NA,NA,NA,NA,"A67","A67",NA,NA,"*A67*",NA,"https://www.iucnredlist.org/species/550/50180828","LC",FALSE,TRUE,"Mammalia"
"3.0","Aepyceros melampus","Aepyceros melampus",NA,"Impala","Bovidae","QGH19-05221/BARCELONA13544","CAPTIVE","F","Fibro",NA,NA,NA,NA,"Aepyceros melampus A129","A129","A129",NA,NA,"*A129*",NA,"https://animaldiversity.org/accounts/Aepyceros_melampus/","LC",FALSE,TRUE,"Mammalia"
"3.0","Aepyceros melampus","Aepyceros melampus",NA,"Impala","Bovidae","QGH21-05739/BARCELONA13905","CAPTIVE","U","Primary",NA,NA,NA,NA,NA,"A147","A147",NA,NA,NA,NA,"https://costarica.inaturalist.org/taxa/120012-Aepyceros-melampus-petersi","LC",FALSE,FALSE,"Mammalia"
"3.0","Aepyceros melampus","Aepyceros melampus",NA,"Impala","Bovidae","QGH22-06136/BARCELONA / 14160","CAPTIVE","M","Fibro","DNA",NA,NA,NA,NA,"A425","A425",NA,NA,"*A425*",NA,NA,"LC",FALSE,TRUE,"Mammalia"
"4.0","Oryx gazella","Oryx gazella",NA,"Gemsbok","Bovidae","ORGA-02",NA,NA,"Fibro","DNA","K",NA,NA,"Oryx gazele A78","A78","A78",NA,NA,"*A78*",NA,"https://www.iucnredlist.org/species/15573/166485425","LC",FALSE,TRUE,"Mammalia"
"5.0","Gazella cuvieri","Gazella cuvieri",NA,"Cuvier's Gazelle","Bovidae",NA,NA,NA,"Fibro","DNA",NA,NA,NA,NA,"A79","A79",NA,NA,"*A79*",NA,"https://www.iucnredlist.org/species/8967/50186003","VU",FALSE,TRUE,"Mammalia"
"5.0","Gazella cuvieri","Gazella cuvieri",NA,"Cuvier's Gazelle","Bovidae","-",NA,NA,"Primary",NA,NA,NA,NA,NA,NA,NA,NA,NA,NA,NA,"https://www.ncbi.nlm.nih.gov/Taxonomy/Browser/wwwtax.cgi?mode=Info&id=69301","VU",FALSE,FALSE,"Mammalia"
"6.0","Oryx dammah","Oryx dammah",NA,"Scimitar-horned Oryx","Bovidae","17968259/BARCELONA6321","CAPTIVE","M","Fibro","K","RNA","SEQ","iPSC","Oryx dammah A169","A169","A169",NA,NA,"*A169*","ORGONE_21","https://www.iucnredlist.org/species/15568/50191470","EW",TRUE,TRUE,"Mammalia"
"6.0","Oryx dammah","Oryx dammah",NA,"Scimitar-horned Oryx","Bovidae","QGH20-05339","CAPTIVE","F","Fibro","RNA",NA,NA,NA,NA,"A245","A245",NA,NA,"*A245*",NA,"https://www.ncbi.nlm.nih.gov/Taxonomy/Browser/wwwtax.cgi?id=59534","EW",FALSE,TRUE,"Mammalia"
"6.0","Oryx dammah","Oryx dammah",NA,"Scimitar-horned Oryx","Bovidae","QGH20-05394","CAPTIVE","M","Primary",NA,NA,NA,NA,NA,"A246","A246",NA,NA,NA,NA,"https://animaldiversity.org/accounts/Oryx_dammah/","EW",FALSE,FALSE,"Mammalia"
"7.0","Addax nasomaculatus","Addax nasomaculatus",NA,"Addax","Bovidae",NA,NA,NA,"PBMc",NA,NA,NA,NA,NA,"A201","A201",NA,NA,"*A201*",NA,"https://www.iucnredlist.org/species/512/50180603","CR",FALSE,TRUE,"Mammalia"
"7.0","Addax nasomaculatus","Addax nasomaculatus",NA,"Addax","Bovidae","-",NA,NA,"PBMc",NA,NA,NA,NA,NA,"A74","A74",NA,NA,"*A74*",NA,"https://www.ncbi.nlm.nih.gov/Taxonomy/Browser/wwwtax.cgi","CR",FALSE,TRUE,"Mammalia"
"8.0","Connochaetes taurinus","Connochaetes taurinus",NA,"Blue Wildebeest","Bovidae","19494545/BARCELONA9345","CAPTIVE","M","Fibro","K",NA,NA,NA,"Connochaetes taurinus A182","A182","A182",NA,NA,"*A182*",NA,"https://www.iucnredlist.org/species/5229/163322525","LC",FALSE,TRUE,"Mammalia"
"9.0","Connochaetes gnou","Connochaetes gnou",NA,"Black Wildebeest","Bovidae","MIG12-29654178/MADRID Z / NCB28","CAPTIVE","M","Fibro",NA,NA,NA,NA,NA,"A204","A204",NA,NA,"*A204*",NA,"https://www.iucnredlist.org/species/5228/50184962","LC",FALSE,TRUE,"Mammalia"
"9.0","Connochaetes gnou","Connochaetes gnou",NA,"Black Wildebeest","Bovidae","-",NA,NA,"PBMc",NA,NA,NA,NA,NA,"A7","A7",NA,NA,"*A7*",NA,"https://animaldiversity.org/accounts/Connochaetes_gnou/","LC",FALSE,TRUE,"Mammalia"
"10.0","Tragelaphus spekii","Tragelaphus spekii",NA,"Sitatunga","Bovidae","MIG12-28842211","CAPTIVE",NA,"Fibro",NA,NA,NA,NA,NA,"A115","A115",NA,NA,NA,NA,"https://www.iucnredlist.org/species/22050/115164901","LC",FALSE,TRUE,"Mammalia"
"10.0","Tragelaphus spekii","Tragelaphus spekii",NA,"Sitatunga","Bovidae",NA,NA,NA,"Primary",NA,NA,NA,NA,NA,"A221","A221",NA,NA,"*A221*",NA,"https://animaldiversity.org/accounts/Tragelaphus_spekii/","LC",FALSE,FALSE,"Mammalia"
"11.0","Kobus leche","Kobus leche",NA,"Kobus leche","Bovidae","-",NA,NA,"PBMc",NA,NA,NA,NA,NA,"A136","A136",NA,NA,"*A136*",NA,"https://www.iucnredlist.org/species/11033/50189021","NT",FALSE,TRUE,"Mammalia"
"12.0","Bison bonasus","Bison bonasus",NA,"Bison","Bovidae","27918709/MADRID Z / BE19","CAPTIVE","F","Fibro","K",NA,NA,NA,"Bison bonasus A172","A172","A172",NA,NA,"*A172*",NA,"https://www.iucnredlist.org/species/2814/45156279","NT",FALSE,TRUE,"Mammalia"
"12.0","Bison bonasus","Bison bonasus",NA,"Bison","Bovidae","2.6854224E7","CAPTIVE","F","Fibro","DNA",NA,NA,NA,NA,"A307","A307",NA,NA,"*A307*",NA,"https://animaldiversity.org/accounts/Bison_bonasus/","NT",FALSE,TRUE,"Mammalia"
"12.0","Bison bonasus","Bison bonasus",NA,"Bison","Bovidae","-",NA,NA,"PBMc",NA,NA,NA,NA,NA,"A137","A137",NA,NA,"*A137*",NA,"https://www.ncbi.nlm.nih.gov/Taxonomy/Browser/wwwtax.cgi?lvl=0&id=9902","NT",FALSE,TRUE,"Mammalia"
"13.0","Bison bison","Bison bison",NA,"American bison","Bovidae","27917966/MADRID Z / BA12","CAPTIVE","F","Primary",NA,NA,NA,NA,NA,"A497","A497",NA,NA,NA,NA,"https://www.iucnredlist.org/species/2815/123789863","NT",FALSE,FALSE,"Mammalia"
"13.0","Bison bison","Bison bison",NA,"American bison","Bovidae","MIG12-29480582/MADRID Z / BA13","CAPTIVE","M","Primary",NA,NA,NA,NA,NA,"A498","A498",NA,NA,NA,NA,NA,"NT",FALSE,FALSE,"Mammalia"
"13.0","Bison bison","Bison bison",NA,"American bison","Bovidae","27921795/: MADRID Z / BA11","CAPTIVE","M","Fibro","DNA",NA,NA,NA,NA,"A507","A507",NA,NA,NA,NA,NA,"NT",FALSE,TRUE,"Mammalia"
"14.0","Tragelaphus eurycerus","Tragelaphus eurycerus",NA,"Bongo","Bovidae","MIG12-28671173/BARCELONA / 11159","CAPTIVE","M","Fibro","DNA",NA,NA,NA,NA,"A427","A427",NA,NA,"*A427*",NA,"https://animaldiversity.org/accounts/Tragelaphus_eurycerus/","NT",FALSE,TRUE,"Mammalia"
"14.0","Tragelaphus eurycerus","Tragelaphus eurycerus",NA,"Bongo","Bovidae","QGH19-05305/BARCELONA / 13622","CAPTIVE","F","Primary",NA,NA,NA,NA,NA,"A146","A146",NA,NA,NA,NA,NA,"NT",FALSE,FALSE,"Mammalia"
"15.0","Ammotragus lervia fassini","Ammotragus lervia","fassini","Barbary Sheep","Bovidae","QGH20-05470-IA","-","M","Fibro","DNA",NA,NA,NA,NA,"A45","A45",NA,NA,"*A45*",NA,"https://www.iucnredlist.org/species/1151/3288917","VU",FALSE,TRUE,"Mammalia"
"15.0","Ammotragus lervia fassini","Ammotragus lervia","fassini","Barbary Sheep","Bovidae","QGH20-05466","CAPTIVE","U","Primary",NA,NA,NA,NA,NA,"A44","A44",NA,NA,"*A44*",NA,"https://animaldiversity.org/accounts/Ammotragus_lervia/","VU",FALSE,FALSE,"Mammalia"
"15.0","Ammotragus lervia fassini","Ammotragus lervia","fassini","Barbary Sheep","Bovidae","QGH20-05469-IA","-","M","Fibro","DNA","K",NA,NA,"Ammotragus lervia fassini A46","A46","A46",NA,NA,"*A46*",NA,"https://www.ncbi.nlm.nih.gov/Taxonomy/Browser/wwwtax.cgi?id=9899","VU",FALSE,TRUE,"Mammalia"
"15.0","Ammotragus lervia fassini","Ammotragus lervia","fassini","Barbary Sheep","Bovidae","QGH21-05618","-","U","Fibro","DNA","K",NA,NA,"Ammotragus lervia fassini A94","A94","A94",NA,NA,"*A94*",NA,NA,"VU",FALSE,TRUE,"Mammalia"
"16.0","Capra hircus","Capra hircus",NA,"Domestic goat","Bovidae","QGH22-05906-IA","-","F","Fibro",NA,NA,NA,NA,NA,"A262","A262",NA,NA,"*A262*",NA,NA,"NA",FALSE,TRUE,"Mammalia"
"16.0","Capra hircus","Capra hircus",NA,"Domestic goat","Bovidae","QGH22-05914","CAPTIVE","M","Fibro",NA,NA,NA,NA,NA,"A270","A270",NA,NA,"*A270*",NA,NA,"NA",FALSE,TRUE,"Mammalia"
"16.0","Capra hircus","Capra hircus",NA,"Domestic goat","Bovidae","QGH12-00146","CAPTIVE","F","Primary",NA,NA,NA,NA,NA,"A366","A366",NA,NA,NA,NA,NA,"NA",FALSE,FALSE,"Mammalia"
"17.0","Capra pyrenaica hispanica","Capra pyrenaica","hispanica","Spanish ibex","Bovidae","VCF19-03044/ADRID Z / CAH18","CAPTIVE","M","Fibro","DNA","RNA",NA,NA,NA,"A470","A470",NA,NA,NA,NA,NA,"LC",FALSE,TRUE,"Mammalia"
"18.0","Beatragus hunteri","Beatragus hunteri",NA,"Hirola","Bovidae","-",NA,NA,"Fibro","DNA",NA,NA,NA,NA,"A374","A374",NA,NA,"*A374*",NA,"https://www.iucnredlist.org/species/6234/50185297","CR",FALSE,TRUE,"Mammalia"
"19.0","Bos grunniens","Bos grunniens",NA,"Domestic yak","Bovidae","27917608/MADRID Z / Y12","CAPTIVE","F","Fibro","DNA",NA,NA,NA,NA,"A424","A424",NA,NA,"*A424*",NA,"https://www.iucnredlist.org/species/2892/101293528","VU",FALSE,TRUE,"Mammalia"
"19.0","Bos grunniens","Bos grunniens",NA,"Domestic yak","Bovidae","27917621/MADRID Z / Y13","CAPTIVE","F","Fibro","DNA","RNA",NA,NA,NA,"A495","A495",NA,NA,NA,NA,NA,"VU",FALSE,TRUE,"Mammalia"
"20.0","Ovis aries musimon","Ovis aries","musimon","Mouflon","Bovidae","2791786/MADRID Z / MUF30","CAPTIVE","F","Fibro","DNA","RNA",NA,NA,NA,"A471","A471",NA,NA,NA,NA,NA,"NA",FALSE,TRUE,"Mammalia"
"20.0","Ovis aries musimon","Ovis aries","musimon","Mouflon","Bovidae","27917788/ MADRID Z / MUF45","CAPTIVE","F","Fibro","DNA","RNA",NA,NA,NA,"A474","A474",NA,NA,NA,NA,NA,"NA",FALSE,TRUE,"Mammalia"
"20.0","Ovis aries musimon","Ovis aries","musimon","Mouflon","Bovidae","26633923/ BARCELONA / 10437","CAPTIVE","F","Fibro","DNA",NA,NA,NA,NA,"A511","A511",NA,NA,NA,NA,NA,"NA",FALSE,TRUE,"Mammalia"
"21.0","Rangifer tarandus","Rangifer tarandus",NA,"Reindeer","Cervidae","MIG12-29480586/MADRID Z / RE81","CAPTIVE","F","Fibro",NA,NA,NA,NA,NA,"A208","A208",NA,NA,"*A208*",NA,"https://www.iucnredlist.org/species/29742/22167140","VU",FALSE,TRUE,"Mammalia"
"21.0","Rangifer tarandus","Rangifer tarandus",NA,"Reindeer","Cervidae","MIG12-29480614/: MADRID Z / RE89","CAPTIVE","M","Fibro",NA,NA,NA,NA,NA,"A475","A475",NA,NA,NA,NA,"https://animaldiversity.org/accounts/Rangifer_tarandus/","VU",FALSE,TRUE,"Mammalia"
"21.0","Rangifer tarandus","Rangifer tarandus",NA,"Reindeer","Cervidae","WKP19-01709/: MADRID Z / RE106","CAPTIVE","F","Fibro","DNA",NA,NA,NA,NA,"A493","A493",NA,NA,NA,NA,"https://www.ncbi.nlm.nih.gov/Taxonomy/Browser/wwwtax.cgi?mode=Info&id=86327&lvl=3&lin=f&keep=1&srchmode=1&unlock","VU",FALSE,TRUE,"Mammalia"
"22.0","Axis axis","Axis axis",NA,"Spotted deer","Cervidae","QGH14-02142","-","F","Fibro",NA,NA,NA,NA,NA,"A239","A239",NA,NA,"*A239*",NA,"https://www.iucnredlist.org/species/41783/22158006","LC",FALSE,TRUE,"Mammalia"
"23.0","Elaphurus davidianus","Elaphurus davidianus",NA,"Père David's deer","Cervidae","23574543/BARCELONA255","CAPTIVE","F","Fibro","DNA","RNA",NA,NA,NA,"A271","A271",NA,NA,"*A271*",NA,"https://www.iucnredlist.org/species/7121/22159785","EW",FALSE,TRUE,"Mammalia"
"23.0","Elaphurus davidianus","Elaphurus davidianus",NA,"Père David's deer","Cervidae","MIG12-28066865/BARCELONA / 10882","CAPTIVE","F","Fibro","DNA","RNA",NA,NA,NA,"A382","A382",NA,NA,"*A382*",NA,"https://animaldiversity.org/accounts/Elaphurus_davidianus/","EW",FALSE,TRUE,"Mammalia"
"23.0","Elaphurus davidianus","Elaphurus davidianus",NA,"Père David's deer","Cervidae","MIG12-29480578/MADRID Z / CP15","CAPTIVE","F","Fibro","DNA","RNA",NA,NA,NA,"A418","A418",NA,NA,"*A418*",NA,NA,"EW",FALSE,TRUE,"Mammalia"
"23.0","Elaphurus davidianus","Elaphurus davidianus",NA,"Père David's deer","Cervidae","WKP19-01706/MADRID Z / CP33","CAPTIVE","M","Fibro","DNA","RNA",NA,NA,NA,"A482","A482",NA,NA,NA,NA,NA,"EW",FALSE,TRUE,"Mammalia"
"24.0","Dama dama","Dama dama",NA,"Fallow deer","Cervidae","MIG12-29480644/MADRID Z / GAM53","CAPTIVE","F","Fibro",NA,NA,NA,NA,NA,"A284","A284",NA,NA,"*A284*",NA,"https://www.iucnredlist.org/species/42188/10656554","LC",FALSE,TRUE,"Mammalia"
"25.0","Muntiacus reevesi","Muntiacus reevesi",NA,"Muntiacus reevesi","Cervidae","WKP13-00240/MADRID Z / MU9","CAPTIVE","F","Fibro","DNA",NA,NA,NA,NA,"A446","A446",NA,NA,"*A446*",NA,NA,"LC",FALSE,TRUE,"Mammalia"
"26.0","Giraffa camelopardalis","Giraffa camelopardalis",NA,"Rothschilds giraffe/Angolesis Giraffe","Giraffidae","ELCHE SAF / 1397","CAPTIVE","F","Fibro","DNA","K","",NA,"Giraffa camelopardalis  A48","A48","A48",NA,NA,"*A48*",NA,"https://www.iucnredlist.org/species/9194/136266699","VU",FALSE,TRUE,"Mammalia"
"26.0","Giraffa camelopardalis","Giraffa camelopardalis",NA,"Rothschilds giraffe/Angolesis Giraffe","Giraffidae","-",NA,NA,"Fibro","K","DNA","SEQ",NA,"Giraffa camelopardalis A12","A12","A12",NA,NA,"*A12*",NA,"https://animaldiversity.org/accounts/Giraffa_camelopardalis/","VU",FALSE,TRUE,"Mammalia"
"27.0","Hexaprotodon liberiensis","Hexaprotodon liberiensis",NA,"Pygmi Hippopotamus","Hippopotamidae","8759764.0","CAPTIVE","F","Fibro","DNA","K",NA,NA,"Choeropsis liberiensis A37","A37","A37",NA,NA,"*A37*",NA,"https://www.iucnredlist.org/species/10032/18567171","EN",FALSE,TRUE,"Mammalia"
"28.0","Hippopotamus amphibius","Hippopotamus amphibius",NA,"Hippopotamus","Hippopotamidae","MIG12-10970252/BIOPARCVA / V08358","CAPTIVE","M","Fibro","DNA",NA,NA,NA,NA,"A504","A504",NA,NA,NA,NA,"https://www.iucnredlist.org/species/10103/18567364","VU",FALSE,TRUE,"Mammalia"
"29.0","Camelus bactrianus","Camelus bactrianus",NA,"Bactrian Camel","Camelidae","MIG12-28066788/BARCELONA / 8336","CAPTIVE","M","Fibro","DNA",NA,NA,NA,NA,"A143","A143",NA,NA,"*A143*",NA,"https://www.iucnredlist.org/species/63543/12689285","CR",FALSE,TRUE,"Mammalia"
"29.0","Camelus bactrianus","Camelus bactrianus",NA,"Bactrian Camel","Camelidae","22395398/22395398","UNKNOWN","F","Fibro",NA,NA,NA,NA,NA,"A514","A514",NA,NA,NA,NA,"https://www.ncbi.nlm.nih.gov/Taxonomy/Browser/wwwtax.cgi?mode=info&id=9837","CR",FALSE,TRUE,"Mammalia"
"30.0","Lama guanicoe","Lama guanicoe",NA,"Guanaco","Camelidae","17963810/BARCELONA / 5541","CAPTIVE","F","Fibro",NA,NA,NA,NA,NA,"A168","A168",NA,NA,"*A168*",NA,"https://www.iucnredlist.org/species/11186/18540211","LC",FALSE,TRUE,"Mammalia"
"30.0","Lama guanicoe","Lama guanicoe",NA,"Guanaco","Camelidae",NA,NA,NA,"Fibro","DNA",NA,NA,NA,NA,"A31","A31",NA,NA,"*A31*",NA,"https://animaldiversity.org/accounts/Lama_guanicoe/","LC",FALSE,TRUE,"Mammalia"
"30.0","Lama guanicoe","Lama guanicoe",NA,"Guanaco","Camelidae","18263842/BARCELONA / 9576","CAPTIVE","F","Primary",NA,NA,NA,NA,NA,"A429","A429",NA,NA,NA,NA,"https://www.ncbi.nlm.nih.gov/Taxonomy/Browser/wwwtax.cgi?id=273910","LC",FALSE,FALSE,"Mammalia"
"31.0","Sus scrofa","Sus scrofa",NA,"Wild boar","Suidae","27918154/MADRID Z / JB24","CAPTIVE","F","Fibro","DNA",NA,NA,NA,NA,"A159","A159",NA,NA,NA,NA,NA,"LC",FALSE,TRUE,"Mammalia"
"32.0","Phacochoerus africanus","Phacochoerus africanus",NA,"Warthog","Suidae","MIG12-29239592/BARCELONA / 11035","CAPTIVE","F","Fibro","DNA",NA,NA,NA,NA,"A288","A288",NA,NA,"*A288*",NA,"https://www.iucnredlist.org/species/41768/109669842","LC",FALSE,TRUE,"Mammalia"
"32.0","Phacochoerus africanus","Phacochoerus africanus",NA,"Warthog","Suidae","26179436/BARCELONA / 10958 / 10958","CAPTIVE","F","Fibro","DNA",NA,NA,NA,NA,"A289","A289",NA,NA,"*A289*",NA,NA,"LC",FALSE,TRUE,"Mammalia"
"32.0","Phacochoerus africanus","Phacochoerus africanus",NA,"Warthog","Suidae","MIG12-28621074","CAPTIVE","M","Fibro",NA,NA,NA,NA,NA,"A247","A247",NA,NA,"*A247*",NA,NA,"LC",FALSE,TRUE,"Mammalia"
"32.0","Phacochoerus africanus","Phacochoerus africanus",NA,"Warthog","Suidae","26179436/BARCELONA / 10958","CAPTIVE","F","Fibro","DNA",NA,NA,NA,NA,"A423","A423",NA,NA,"*A423*",NA,NA,"LC",FALSE,TRUE,"Mammalia"
"33.0","Potamochoerus porcus","Potamochoerus porcus",NA,"Red River Hog","Suidae","MIG12-28806139","CAPTIVE","M","Fibro",NA,NA,NA,NA,NA,"A348","A348",NA,NA,"*A348*",NA,"https://www.iucnredlist.org/species/41771/100469961","LC",FALSE,TRUE,"Mammalia"
"33.0","Potamochoerus porcus","Potamochoerus porcus",NA,"Red River Hog","Suidae","MIG12-28806138/MADRID Z / POT6","CAPTIVE","M","Fibro","DNA",NA,NA,NA,NA,"A448","A448",NA,NA,"*A448*",NA,NA,"LC",FALSE,TRUE,"Mammalia"
"34.0","Tursiops truncatus","Tursiops truncatus",NA,"Bottlenose dolphin","Delphinidae","MIG12-30088917","WILD","F","Fibro","K","DNA","SEQ",NA,"Tursiops truncatus A4","A4","A4",NA,NA,"*A4*",NA,"https://www.iucnredlist.org/species/22563/156932432","LC",FALSE,TRUE,"Mammalia"
"35.0","Delphinapterus leucas","Delphinapterus leucas",NA,"Beluga Whale","Monodontidae",NA,NA,NA,"Fibro","DNA",NA,NA,NA,NA,"A304","A304",NA,NA,"*A304*",NA,NA,"LC",FALSE,TRUE,"Mammalia"
"36.0","Megaptera novaeangliae","Megaptera novaeangliae",NA,"Humpback Whale","Balaenopteridae","-","WILD",NA,"Fibro","DNA",NA,NA,NA,NA,"A331","A331",NA,NA,"*A331*",NA,NA,"LC",FALSE,TRUE,"Mammalia"
"37.0","Delphinus delphis","Delphinus delphis",NA,"Common Dolphin","Delphinidae","-","WILD",NA,"Primary",NA,NA,NA,NA,NA,"A343","A343",NA,NA,"*A343*",NA,NA,"LC",FALSE,FALSE,"Mammalia"
"38.0","Equus quagga","Equus quagga",NA,"Chapman's zebra","Equidae","QGH16-04272","CAPTIVE","M","Fibro",NA,NA,NA,NA,NA,"A260","A260",NA,NA,NA,NA,"https://www.iucnredlist.org/species/41013/45172424","NT",FALSE,TRUE,"Mammalia"
"38.0","Equus quagga","Equus quagga",NA,"Chapman's zebra","Equidae",NA,NA,NA,"Fibro","K","DNA","RNA","SEQ","Equus burchelli chapmanni A15","A15","A15",NA,NA,"*A15*",NA,"https://animaldiversity.org/accounts/Equus_burchellii/","NT",FALSE,TRUE,"Mammalia"
"39.0","Equus quagga burchelli","Equus quagga","burchelli","Burchell's zebra","Equidae","CGM23-01560/PARQNATUR / 1664","CAPTIVE",NA,"Primary",NA,NA,NA,NA,NA,"A485","A485",NA,NA,NA,NA,NA,"NT",FALSE,FALSE,"Mammalia"
"40.0","Equus ferus","Equus ferus",NA,"Monchio Horse","Equidae","-",NA,NA,"PBMc",NA,NA,NA,NA,NA,"A62","A62",NA,NA,"*A62*",NA,NA,"NT",FALSE,TRUE,"Mammalia"
"40.0","Equus ferus","Equus ferus",NA,"Monchio Horse","Equidae","-",NA,NA,"PBMc",NA,NA,NA,NA,NA,"A63","A63",NA,NA,"*A63*",NA,NA,"NT",FALSE,TRUE,"Mammalia"
"41.0","Equus caballus przewalskii","Equus caballus","przewalskii","Przewalski's horse","Equidae","MQH17-01033/JEREZ / CP13","CAPTIVE","F","Fibro","DNA",NA,NA,NA,NA,"A308","A308",NA,NA,"*A308*",NA,"https://www.iucnredlist.org/species/41763/97204950","EN",FALSE,TRUE,"Mammalia"
"42.0","Equus caballus","Equus caballus",NA,"Horse (domestic)","Equidae","27919177/MADRID Z / CMIN1","CAPTIVE","M","Fibro","DNA",NA,NA,NA,NA,"A489","A489",NA,NA,NA,NA,NA,"EN",FALSE,TRUE,"Mammalia"
"43.0","Ceratotherium simum","Ceratotherium simum",NA,"Southern white rhinoceros","Rhinocerotidae","-","CAPTIVE",NA,"Primary",NA,NA,NA,NA,NA,NA,NA,NA,NA,NA,NA,"https://animaldiversity.org/accounts/Ceratotherium_simum/","NT",FALSE,FALSE,"Mammalia"
"43.0","Ceratotherium simum","Ceratotherium simum",NA,"Southern white rhinoceros","Rhinocerotidae","MIG12-28325736/ BARCELONA / 8556","CAPTIVE","M","Fibro","DNA",NA,NA,NA,NA,"A501","A501",NA,NA,NA,NA,"https://www.ncbi.nlm.nih.gov/Taxonomy/Browser/wwwtax.cgi?id=9807","NT",FALSE,TRUE,"Mammalia"
"43.0","Ceratotherium simum","Ceratotherium simum",NA,"Southern white rhinoceros","Rhinocerotidae","19119884/BIOPARCVA / V07018","CAPTIVE","M","Fibro","RNA",NA,NA,NA,NA,"A506","A506",NA,NA,NA,NA,NA,"NT",FALSE,TRUE,"Mammalia"
"44.0","Panthera leo","Panthera leo",NA,"African Lion","Felidae","QGH16-04155/12780",NA,NA,"Fibro","DNA","RNA","SEQ",NA,NA,"A14","A14",NA,NA,"*A14*",NA,"https://www.iucnredlist.org/species/15951/115130419","VU",FALSE,TRUE,"Mammalia"
"44.0","Panthera leo","Panthera leo",NA,"African Lion","Felidae","2.7181719E7","CAPTIVE","F","Fibro","K","DNA",NA,NA,"Panthera Leo A65","A65/A238","A65","A238",NA,"*A65
A238*",NA,"https://animaldiversity.org/accounts/Panthera_leo/","VU",FALSE,TRUE,"Mammalia"
"44.0","Panthera leo","Panthera leo",NA,"African Lion","Felidae","MIG12-29591105","CAPTIVE","M","Fibro","K","DNA","SEQ",NA,"Panthera Leo A10","A10","A10",NA,NA,"*A10*",NA,"https://www.ncbi.nlm.nih.gov/Taxonomy/Browser/wwwtax.cgi","VU",FALSE,TRUE,"Mammalia"
"44.0","Panthera leo","Panthera leo",NA,"African Lion","Felidae","26384182/BARCELONA / 8891",NA,NA,"Fibro","K","DNA","RNA","SEQ","Panthera Leo A13","A13","A13",NA,NA,"*A13*",NA,NA,"VU",FALSE,TRUE,"Mammalia"
"44.0","Panthera leo","Panthera leo",NA,"African Lion","Felidae","26130694/BARCELONA / 8939",NA,NA,"Fibro",NA,NA,NA,NA,NA,"A197","A197",NA,NA,"*A197*",NA,NA,"VU",FALSE,TRUE,"Mammalia"
"44.0","Panthera leo","Panthera leo",NA,"African Lion","Felidae","-",NA,NA,"Fibro","DNA",NA,NA,NA,NA,"A296","A296",NA,NA,"*A296*",NA,NA,"VU",FALSE,TRUE,"Mammalia"
"44.0","Panthera leo","Panthera leo",NA,"African Lion","Felidae","DKL20-06264/BARCELONA / 13976","CAPTIVE","F","Fibro","DNA",NA,NA,NA,NA,"A416","A416",NA,NA,"*A416*",NA,NA,"VU",FALSE,TRUE,"Mammalia"
"44.0","Panthera leo","Panthera leo",NA,"African Lion","Felidae","DKL20-06265/:BARCELONA / 13977","CAPTIVE","F","Fibro","DNA",NA,NA,NA,NA,"A417","A417",NA,NA,"*A417*",NA,NA,"VU",FALSE,TRUE,"Mammalia"
"45.0","Panthera onca","Panthera onca",NA,"Jaguar","Felidae","RMC17-00248/BARCELONA / 13814","CAPTIVE","F","Fibro","K","DNA",NA,NA,"Panthera Onca A109","A217/A321/A109","A217","A321","A109","*A217/A321/A109*",NA,"https://www.iucnredlist.org/species/15953/123791436","NT",FALSE,TRUE,"Mammalia"
"45.0","Panthera onca","Panthera onca",NA,"Jaguar","Felidae",NA,NA,NA,"Fibro","K","DNA",NA,NA,"Panthera Onca A32","A32","A32",NA,NA,"*A32*",NA,"https://animaldiversity.org/accounts/Panthera_onca/","NT",FALSE,TRUE,"Mammalia"
"45.0","Panthera onca","Panthera onca",NA,"Jaguar","Felidae",NA,NA,NA,"Primary",NA,NA,NA,NA,NA,"A33","A33",NA,NA,NA,NA,"https://www.ncbi.nlm.nih.gov/Taxonomy/Browser/wwwtax.cgi?mode=Info&id=9690&lvl=3&lin=f&keep=1&srchmode=1&unlock","NT",FALSE,FALSE,"Mammalia"
"45.0","Panthera onca","Panthera onca",NA,"Jaguar","Felidae",NA,NA,NA,"Fibro","DNA","K",NA,NA,"Panthera Onca A72","A72","A72",NA,NA,"*A72*",NA,NA,"NT",FALSE,TRUE,"Mammalia"
"45.0","Panthera onca","Panthera onca",NA,"Jaguar","Felidae","RMC17-00249/ELCHE SAF / 1813","CAPTIVE","F","Fibro","DNA",NA,NA,NA,NA,"A403","A403",NA,NA,"*A403*",NA,NA,"NT",FALSE,TRUE,"Mammalia"
"46.0","Panthera pardus kotiya","Panthera pardus","kotiya","Leopard","Felidae","27767571/BARCELONA / 10859","CAPTIVE","M","Fibro",NA,NA,NA,NA,NA,"A205","A205",NA,NA,"*A205*",NA,"https://www.iucnredlist.org/species/15954/163991139","VU",FALSE,TRUE,"Mammalia"
"47.0","Leopardus pardalis","Leopardus pardalis",NA,"Ocelot","Felidae","16917308/JEREZ / OCE2","CAPTIVE","F","Fibro","DNA",NA,NA,NA,NA,"A95","A95",NA,NA,"*A95*",NA,"https://www.iucnredlist.org/species/11509/97212355","NT",FALSE,TRUE,"Mammalia"
"48.0","Panthera pardus saxicolor","Panthera pardus","saxicolor","Persian leopard","Felidae","MIG12-28195752MADRID Z / LE24","CAPTIVE","M","Fibro","DNA",NA,NA,NA,NA,"A365","A365",NA,NA,"*A365*",NA,"https://www.iucnredlist.org/species/15954/163991139","VU",FALSE,TRUE,"Mammalia"
"49.0","Panthera tigris","Panthera tigris",NA,"Tiger","Felidae","MIG12-29901177/ MADRID Z / TBL8","CAPTIVE","F","Fibro","DNA","RNA",NA,NA,NA,"A439","A439",NA,NA,"*A439*",NA,"https://www.iucnredlist.org/species/15955/214862019","EN",FALSE,TRUE,"Mammalia"
"49.0","Panthera tigris","Panthera tigris",NA,"Tiger","Felidae","QRD10-00370/MADRID Z / TBL6","CAPTIVE","M","Fibro","DNA","RNA",NA,NA,NA,"A462","A462",NA,NA,NA,NA,NA,"EN",FALSE,TRUE,"Mammalia"
"50.0","Canis lupus signatus","Canis lupus","signatus","Spanish Wolf","Canidae","MIG12-29349207/ BARCELONA / 13451","CAPTIVE","M","Fibro","DNA","SEQ","RNA",NA,NA,"A2/A295","A2","A295",NA,NA,NA,"https://www.iucnredlist.org/species/3746/163508960","LC",FALSE,TRUE,"Mammalia"
"50.0","Canis lupus signatus","Canis lupus","signatus","Spanish Wolf","Canidae","CGM20-00006/PARQNATUR / 121","CAPTIVE","F","Fibro","DNA","RNA",NA,NA,NA,"A463","A463",NA,NA,NA,NA,"https://www.ncbi.nlm.nih.gov/Taxonomy/Browser/wwwtax.cgi?mode=Info&id=425934&lvl=3&lin=f&keep=1&srchmode=1&unlock","LC",FALSE,TRUE,"Mammalia"
"50.0","Canis lupus signatus","Canis lupus","signatus","Spanish Wolf","Canidae","CGM20-00009/PARQNATUR / 124","CAPTIVE","F","Fibro","DNA","RNA",NA,NA,NA,"A464","A464",NA,NA,NA,NA,NA,"LC",FALSE,TRUE,"Mammalia"
"50.0","Canis lupus signatus","Canis lupus","signatus","Spanish Wolf","Canidae","CGM20-00008/: PARQNATUR / 123","CAPTIVE","F","Fibro","DNA","RNA",NA,NA,NA,"A472","A472",NA,NA,NA,NA,NA,"LC",FALSE,TRUE,"Mammalia"
"51.0","Ursus thibetanus","Ursus thibetanus",NA,"Asiatic Black Bear","Ursidae","3099475/MADRID Z / OT4","CAPTIVE","F","Fibro","DNA",NA,NA,NA,NA,"A153","A153",NA,NA,"*A153*",NA,"https://www.iucnredlist.org/species/22824/166528664","VU",FALSE,TRUE,"Mammalia"
"52.0","Ailuropoda melanoleuca","Ailuropoda melanoleuca",NA,"Giant Panda","Ursidae","WKP21-01928/MADRID Z / PG11","CAPTIVE","U","Primary",NA,NA,NA,NA,NA,"A175","A175",NA,NA,NA,NA,"https://www.iucnredlist.org/species/712/121745669","VU",FALSE,FALSE,"Mammalia"
"52.0","Ailuropoda melanoleuca","Ailuropoda melanoleuca",NA,"Giant Panda","Ursidae","WKP21-01929/MADRID Z / PG12","CAPTIVE","M","Fibro","K",NA,NA,NA,"Ailuropoda melanoleuca A176","A176","A176",NA,NA,"*A176*",NA,NA,"VU",FALSE,TRUE,"Mammalia"
"53.0","Ailurus fulgens","Ailurus fulgens",NA,"Red Panda","Ailuridae","QGH13-01156/ BARCELONA / 11932","CAPTIVE","F","Primary",NA,NA,NA,NA,NA,"A457","A457",NA,NA,NA,NA,NA,"EN",FALSE,FALSE,"Mammalia"
"53.0","Ailurus fulgens","Ailurus fulgens",NA,"Red Panda","Ailuridae","20113997/MADRID Z / PR87","CAPTIVE","M","Fibro",NA,NA,NA,NA,NA,"A149","A149",NA,NA,"*A149*",NA,"https://www.iucnredlist.org/species/714/110023718","EN",FALSE,TRUE,"Mammalia"
"53.0","Ailurus fulgens","Ailurus fulgens",NA,"Red Panda","Ailuridae","QGH13-01156/BARCELONA / 11932","CAPTIVE","F","Fibro",NA,NA,NA,NA,NA,"A234","A234",NA,NA,"*A234*",NA,"https://animaldiversity.org/accounts/Ailurus_fulgens/","EN",FALSE,TRUE,"Mammalia"
"53.0","Ailurus fulgens","Ailurus fulgens",NA,"Red Panda","Ailuridae","TMJ12-00038/MADRID Z / PR97","CAPTIVE","F","Fibro","DNA",NA,NA,NA,NA,"A332","A332",NA,NA,"*A332*",NA,"https://www.ncbi.nlm.nih.gov/Taxonomy/Browser/wwwtax.cgi?mode=Info&id=9649&lvl=3&lin=f&keep=1&srchmode=1&unlock","EN",FALSE,TRUE,"Mammalia"
"53.0","Ailurus fulgens","Ailurus fulgens",NA,"Red Panda","Ailuridae","200092917540/BARCELONA / 10009","CAPTIVE","F","Fibro","DNA",NA,NA,NA,NA,"A404","A404",NA,NA,"*A404*",NA,NA,"EN",FALSE,TRUE,"Mammalia"
"54.0","Mungos mungo","Mungos mungo",NA,"Banded Mongoose","Herpestidae","2.6459861E7",NA,NA,"Fibro","K","DNA",NA,NA,"Mungos mungo A50","A50","A50",NA,NA,"*A50*",NA,"https://animaldiversity.org/accounts/Mungos_mungo/","LC",FALSE,TRUE,"Mammalia"
"55.0","Lutra lutra","Lutra lutra",NA,"Eurasian otter","Mustelidae","2.5402188E7","CAPTIVE","M","Fibro","K","DNA","SEQ",NA,"Lutra Lutra A8","A8","A8",NA,NA,"*A8*",NA,"https://www.iucnredlist.org/species/12419/21935287","NT",FALSE,TRUE,"Mammalia"
"55.0","Lutra lutra","Lutra lutra",NA,"Eurasian otter","Mustelidae","25402189/JEREZ / LUT6","WILD","F","Primary",NA,NA,NA,NA,NA,"A105","A105",NA,NA,NA,NA,"https://animaldiversity.org/accounts/Lutra_lutra/","NT",FALSE,FALSE,"Mammalia"
"56.0","Aonyx cinereus","Aonyx cinereus",NA,"Asian Small-clawed Otter","Mustelidae","MIG12-29553818/MUNDOMAR / NU7863","CAPTIVE","M","Primary",NA,NA,NA,NA,NA,"A373","A373",NA,NA,NA,NA,NA,"VU",FALSE,FALSE,"Mammalia"
"57.0","Mustela lutreola novikovi","Mustela lutreola","novikovi","European mink","Mustelidae","THV16-02170/MADRID Z / V11","CAPTIVE","F","Fibro","DNA",NA,NA,NA,NA,"A422","A422",NA,NA,"*A422*",NA,"https://www.iucnredlist.org/species/14018/45199861","CR",FALSE,TRUE,"Mammalia"
"58.0","Pteronura brasiliensis","Pteronura brasiliensis",NA,"Giant otter","Mustelidae","JQH12-04082/MADRID Z / NA5","CAPTIVE","F","Fibro",NA,NA,NA,NA,NA,"A440","A440",NA,NA,"*A440*",NA,NA,"EN",FALSE,TRUE,"Mammalia"
"59.0","Otaria byronia","Otaria byronia",NA,"South American Sea Lion","Otariidae","27920570/MADRID Z / LMA29","UNKNOWN","F","Fibro","K",NA,NA,NA,"Otaria byronia A164","A164","A164",NA,NA,"*A164*",NA,"https://www.iucnredlist.org/species/41665/61948292","LC",FALSE,TRUE,"Mammalia"
"59.0","Otaria byronia","Otaria byronia",NA,"South American Sea Lion","Otariidae","MIG12-29480708/ID: MADRID Z / LMA38","CAPTIVE","F","Fibro",NA,NA,NA,NA,NA,"A236","A236",NA,NA,"*A236*",NA,"https://animaldiversity.org/accounts/Otaria_flavescens/","LC",FALSE,TRUE,"Mammalia"
"59.0","Otaria byronia","Otaria byronia",NA,"South American Sea Lion","Otariidae","-",NA,NA,"Fibro","DNA",NA,NA,NA,NA,"A414","A414",NA,NA,"*A414*",NA,"https://www.ncbi.nlm.nih.gov/Taxonomy/Browser/wwwtax.cgi","LC",FALSE,TRUE,"Mammalia"
"60.0","Zalophus californianus","Zalophus californianus",NA,"California sea lion","Otariidae","QGH12-00115","CAPTIVE","F","Fibro","DNA",NA,NA,NA,NA,"A345","A345",NA,NA,"*A345*",NA,"https://www.iucnredlist.org/species/41666/45230310","LC",FALSE,TRUE,"Mammalia"
"60.0","Zalophus californianus","Zalophus californianus",NA,"California sea lion","Otariidae","8371086/ BARCELONA / 7436","CAPTIVE","F","Primary",NA,NA,NA,NA,NA,NA,NA,NA,NA,NA,NA,NA,"LC",FALSE,FALSE,"Mammalia"
"61.0","Suricata suricatta","Suricata suricatta",NA,"Meerkat","Herpestidae","MIG12-28842317/MADRID Z / SUR43","CAPTIVE","M","Fibro","DNA","K",NA,NA,"Suricata suricatta A195","A195","A195",NA,NA,"*A195*",NA,NA,"LC",FALSE,TRUE,"Mammalia"
"61.0","Suricata suricatta","Suricata suricatta",NA,"Meerkat","Herpestidae","FMK17-00003/MUNDOMAR / 900110000208348","CAPTIVE","F","Fibro","DNA","RNA",NA,NA,NA,"A375","A375",NA,NA,"*A375*",NA,NA,"LC",FALSE,TRUE,"Mammalia"
"61.0","Suricata suricatta","Suricata suricatta",NA,"Meerkat","Herpestidae","QGH12-00163/BARCELONA / 11592","CAPTIVE","F","Fibro",NA,NA,NA,NA,NA,"A258?","A258?",NA,NA,NA,NA,NA,"LC",FALSE,TRUE,"Mammalia"
"61.0","Suricata suricatta","Suricata suricatta",NA,"Meerkat","Herpestidae","QGH13-01121/BARCELONA / 11916","CAPTIVE","F","Fibro",NA,NA,NA,NA,NA,"A259?","A259?",NA,NA,NA,NA,NA,"LC",FALSE,TRUE,"Mammalia"
"61.0","Suricata suricatta","Suricata suricatta",NA,"Meerkat","Herpestidae","QGH23-06410/ BARCELONA / 14320","CAPTIVE","F","Fibro","DNA",NA,NA,NA,NA,"A476","A476",NA,NA,NA,NA,NA,"LC",FALSE,TRUE,"Mammalia"
"61.0","Suricata suricatta","Suricata suricatta",NA,"Meerkat","Herpestidae","QGH24-06533/BARCELONA / 14420","CAPTIVE","M","Fibro",NA,NA,NA,NA,NA,"A524","A524",NA,NA,NA,NA,NA,"LC",FALSE,TRUE,"Mammalia"
"62.0","Crocuta crocuta","Crocuta crocuta",NA,"Spotted hyena","Hyaenidae","MIG12-29918001","CAPTIVE","M","Fibro",NA,NA,NA,NA,NA,"A222","A222",NA,NA,"*A222*",NA,"https://www.iucnredlist.org/species/5674/45194782","LC",FALSE,TRUE,"Mammalia"
"63.0","Elephas maximus","Elephas maximus",NA,"Asian Elephant","Elephantidae",NA,"CAPTIVE",NA,"PBMc",NA,NA,NA,NA,NA,"A140","A140",NA,NA,"*A140*",NA,"https://www.iucnredlist.org/species/7140/45818198","EN",FALSE,TRUE,"Mammalia"
"63.0","Elephas maximus","Elephas maximus",NA,"Asian Elephant","Elephantidae",NA,"CAPTIVE",NA,"PBMc",NA,NA,NA,NA,NA,"A141","A141",NA,NA,"*A141*",NA,"https://animaldiversity.org/accounts/Elephas_maximus/","EN",FALSE,TRUE,"Mammalia"
"63.0","Elephas maximus","Elephas maximus",NA,"Asian Elephant","Elephantidae",NA,"CAPTIVE",NA,"PBMc",NA,NA,NA,NA,NA,"A142","A142",NA,NA,"*A142*",NA,"https://www.ncbi.nlm.nih.gov/Taxonomy/Browser/wwwtax.cgi?mode=Info&id=9783&lvl=3&lin=f&keep=1&srchmode=1&unlock","EN",FALSE,TRUE,"Mammalia"
"63.0","Elephas maximus","Elephas maximus",NA,"Asian Elephant","Elephantidae",NA,"CAPTIVE",NA,"Primary",NA,NA,NA,NA,NA,"A275","A275",NA,NA,"*A275*",NA,NA,"EN",FALSE,FALSE,"Mammalia"
"64.0","Loxodonta africana","Loxodonta africana",NA,"African Savanna Elephant","Elephantidae",NA,"CAPTIVE",NA,"Fibro",NA,NA,NA,NA,NA,"A357","A357",NA,NA,"*A357*",NA,"https://www.iucnredlist.org/species/181008073/204401095","EN",FALSE,TRUE,"Mammalia"
"65.0","Elephas maximus sumatranus","Elephas maximus","sumatranus","Sumatran elephant","Elephantidae","WKP23-02067/MADRID Z / EAS16","CAPTIVE",NA,"Fibro",NA,NA,NA,NA,NA,"A491/A490","A491","A490",NA,NA,NA,NA,"EN",FALSE,TRUE,"Mammalia"
"66.0","Eliomys quercinus","Eliomys quercinus",NA,"Garden Dormouse","Gliridae",NA,NA,NA,"Fibro","DNA","K",NA,NA,"Eliomys quercinus A132","A132","A132",NA,NA,"*A132*",NA,"https://www.iucnredlist.org/species/7618/12835766","NT",FALSE,TRUE,"Mammalia"
"67.0","Hydrochoerus hydrochaeris","Hydrochoerus hydrochaeris",NA,"Capybara","Caviidae","MIG12-28055016","CAPTIVE","M","Primary",NA,NA,NA,NA,NA,"A60","A60",NA,NA,NA,NA,"https://www.iucnredlist.org/species/10300/22190005","LC",FALSE,FALSE,"Mammalia"
"67.0","Hydrochoerus hydrochaeris","Hydrochoerus hydrochaeris",NA,"Capybara","Caviidae","DKL20-06414/BARCELONA / 13876","CAPTIVE","M","Fibro","DNA",NA,NA,NA,NA,"A391","A391",NA,NA,"*A391*",NA,"https://animaldiversity.org/accounts/Hydrochoerus_hydrochaeris/","LC",FALSE,TRUE,"Mammalia"
"68.0","Dolichotis patagonum","Dolichotis patagonum",NA,"Patagonian mara","Caviidae","WKP21-01890/MADRID Z / MR177","CAPTIVE","M","Primary",NA,NA,NA,NA,NA,"A196","A196",NA,NA,NA,NA,"https://www.iucnredlist.org/species/6785/22190337","NT",FALSE,FALSE,"Mammalia"
"68.0","Dolichotis patagonum","Dolichotis patagonum",NA,"Patagonian mara","Caviidae","23574609/JEREZ / MAR038","CAPTIVE","F","Fibro","K",NA,NA,NA,"Dolichotis patagonum A70","A70","A70",NA,NA,"*A70*",NA,"https://animaldiversity.org/accounts/Dolichotis_patagonum/","NT",FALSE,TRUE,"Mammalia"
"68.0","Dolichotis patagonum","Dolichotis patagonum",NA,"Patagonian mara","Caviidae","-",NA,NA,"Fibro","DNA","RNA",NA,NA,NA,"A460","A460",NA,NA,NA,NA,"https://www.ncbi.nlm.nih.gov/Taxonomy/Browser/wwwtax.cgi?mode=Info&id=29091&lvl=3&lin=f&keep=1&srchmode=1&unlock","NT",FALSE,TRUE,"Mammalia"
"69.0","Hystrix cristata","Hystrix cristata",NA,"Short-tailed porcupine","Hystricidae","MIG12-29239594","CAPTIVE","F","Fibro","DNA",NA,NA,NA,NA,"A301","A301",NA,NA,"*A301*",NA,NA,"LC",FALSE,TRUE,"Mammalia"
"69.0","Hystrix cristata","Hystrix cristata",NA,"Short-tailed porcupine","Hystricidae","17968565/BARCELONA / 6798","CAPTIVE","M","Fibro","DNA","RNA",NA,NA,NA,"A453","A453",NA,NA,"*A453*",NA,NA,"LC",FALSE,TRUE,"Mammalia"
"70.0","Cynomys ludovicianus","Cynomys ludovicianus",NA,"Black-tailed prairie dog","Sciuridae","SQK18-04210/BARCELONA / 13749","CAPTIVE","M","Fibro","DNA",NA,NA,NA,NA,"A305","A305",NA,NA,"*A305*",NA,"https://www.iucnredlist.org/species/6091/115080297","LC",FALSE,TRUE,"Mammalia"
"71.0","Cricetomys gambianus","Cricetomys gambianus",NA,"Gambian giant pouched rat","Nesomyidae","TLJ15-00688/ BIOPARCVA / V15082","CAPTIVE","M","Primary",NA,NA,NA,NA,NA,"A333","A333",NA,NA,NA,NA,NA,"LC",FALSE,FALSE,"Mammalia"
"72.0","Oryctolagus cuniculus","Oryctolagus cuniculus",NA,"European rabbit","Leporidae",NA,NA,NA,"Primary",NA,NA,NA,NA,NA,"A121","A121",NA,NA,NA,NA,"https://www.iucnredlist.org/species/41291/170619657","EN",FALSE,FALSE,"Mammalia"
"73.0","Oryctolagus cuniculus ibicea","Oryctolagus cuniculus","ibicea","European rabbit","Leporidae",NA,NA,NA,"Fibro","DNA",NA,NA,NA,NA,"A286","A286",NA,NA,"*A286*",NA,NA,"LC",FALSE,TRUE,"Mammalia"
"73.0","Oryctolagus cuniculus ibicea","Oryctolagus cuniculus","ibicea","European rabbit","Leporidae","-",NA,NA,"Primary",NA,NA,NA,NA,NA,NA,NA,NA,NA,NA,NA,NA,"LC",FALSE,FALSE,"Mammalia"
"74.0","Notamacropus rufogriseus","Notamacropus rufogriseus",NA,"Red-necked Wallaby","Macropodidae","QGH12-00003/11425","CAPTIVE","M","Primary",NA,NA,NA,NA,NA,"A276","A276",NA,NA,NA,NA,NA,"LC",FALSE,FALSE,"Mammalia"
"74.0","Notamacropus rufogriseus","Notamacropus rufogriseus",NA,"Red-necked Wallaby","Macropodidae","CGM20-00275/PARQNATUR / 389","CAPTIVE","M","Fibro","DNA","RNA",NA,NA,NA,"A459","A459",NA,NA,NA,NA,"https://www.iucnredlist.org/species/40566/21953329","LC",FALSE,TRUE,"Mammalia"
"74.0","Notamacropus rufogriseus","Notamacropus rufogriseus",NA,"Red-necked Wallaby","Macropodidae","QGH15-02472/BARCELONA / 12639","CAPTIVE","M","Fibro",NA,NA,NA,NA,NA,"A269","A269",NA,NA,"*A269*",NA,"https://animaldiversity.org/accounts/Macropus_rufogriseus/","LC",FALSE,TRUE,"Mammalia"
"74.0","Notamacropus rufogriseus","Notamacropus rufogriseus",NA,"Red-necked Wallaby","Macropodidae","FRW15-00528/JEREZ / CA56","CAPTIVE","F","Fibro",NA,NA,NA,NA,NA,"A291","A291",NA,NA,"*A291*",NA,"https://www.ncbi.nlm.nih.gov/Taxonomy/Browser/wwwtax.cgi?mode=Info&id=1960652&lvl=3&lin=f&keep=1&srchmode=1&unlock","LC",FALSE,TRUE,"Mammalia"
"74.0","Notamacropus rufogriseus","Notamacropus rufogriseus",NA,"Red-necked Wallaby","Macropodidae","FRW15-00528/JEREZ / CA56","CAPTIVE","U","Fibro",NA,NA,NA,NA,NA,"A292","A292",NA,NA,"*A292*",NA,NA,"LC",FALSE,TRUE,"Mammalia"
"74.0","Notamacropus rufogriseus","Notamacropus rufogriseus",NA,"Red-necked Wallaby","Macropodidae",NA,"CAPTIVE",NA,"Primary",NA,NA,NA,NA,NA,"A97","A97",NA,NA,NA,NA,NA,"LC",FALSE,FALSE,"Mammalia"
"74.0","Notamacropus rufogriseus","Notamacropus rufogriseus",NA,"Red-necked Wallaby","Macropodidae","QGH17-04395/BARCELONA/12921","CAPTIVE","F","Fibro","DNA",NA,NA,NA,NA,"A509","A509",NA,NA,NA,NA,NA,"LC",FALSE,TRUE,"Mammalia"
"75.0","Petrogale xanthopus","Petrogale xanthopus",NA,"Yellow-footed Rock Wallaby","Macropodidae","WKP21-01924/MADRID Z / WR48","CAPTIVE","M","Fibro","K",NA,NA,NA,"Petrogale xanthopus A160","A160","A160",NA,NA,"*A160*",NA,"https://www.iucnredlist.org/species/16750/21955455","NT",FALSE,TRUE,"Mammalia"
"76.0","Osphranter rufus","Osphranter rufus",NA,"Red kangaroo","Macropodidae","QGH12-00305 /BARCELONA / 11715","CAPTIVE","M","Fibro",NA,NA,NA,NA,NA,"A355","A355",NA,NA,"*A355*",NA,NA,"LC",FALSE,TRUE,"Mammalia"
"76.0","Osphranter rufus","Osphranter rufus",NA,"Red kangaroo","Macropodidae","QGH22-06164-IA","-","U","Fibro","DNA",NA,NA,NA,NA,"A384","A384",NA,NA,"*A384*",NA,NA,"LC",FALSE,TRUE,"Mammalia"
"76.0","Osphranter rufus","Osphranter rufus",NA,"Red kangaroo","Macropodidae","QGH23-06500/BARCELONA/14396",NA,"M","Fibro","DNA",NA,NA,NA,NA,"A510","A510",NA,NA,NA,NA,NA,"LC",FALSE,TRUE,"Mammalia"
"77.0","Lemur catta","Lemur catta",NA,"Ring-tailed Lemur","Lemuridae","QGH20-05335","CAPTIVE","M","Primary",NA,NA,NA,NA,NA,"A27","A27",NA,NA,NA,"AL1448","https://www.iucnredlist.org/species/11496/115565760","EN",FALSE,FALSE,"Mammalia"
"77.0","Lemur catta","Lemur catta",NA,"Ring-tailed Lemur","Lemuridae","QGH13-00741","CAPTIVE","M","Primary",NA,NA,NA,NA,NA,"A23","A23",NA,NA,NA,NA,"https://animaldiversity.org/accounts/Lemur_catta/","EN",FALSE,FALSE,"Mammalia"
"77.0","Lemur catta","Lemur catta",NA,"Ring-tailed Lemur","Lemuridae","QGH15-02282/ BARCELONA / 12431","CAPTIVE","M","Fibro",NA,NA,NA,NA,NA,"A390","A390",NA,NA,"*A390*",NA,"https://www.ncbi.nlm.nih.gov/Taxonomy/Browser/wwwtax.cgi","EN",FALSE,TRUE,"Mammalia"
"77.0","Lemur catta","Lemur catta",NA,"Ring-tailed Lemur","Lemuridae","2792047/MADRID Z / LCAT24","CAPTIVE","M","Fibro",NA,NA,NA,NA,NA,"A494","A494",NA,NA,NA,NA,NA,"EN",FALSE,TRUE,"Mammalia"
"77.0","Lemur catta","Lemur catta",NA,"Ring-tailed Lemur","Lemuridae","17968768/MADRID Z / LCAT9","CAPTIVE","M","Primary",NA,NA,NA,NA,NA,"A505","A505",NA,NA,NA,NA,NA,"EN",FALSE,FALSE,"Mammalia"
"78.0","Eulemur fulvus","Eulemur fulvus",NA,"Common brown lemur","Lemuridae","27917539/LM12","CAPTIVE","F","Fibro","DNA","K","SEQ",NA,"Eulemur fulvus A170","A170","A170",NA,NA,"*A170*",NA,"https://www.iucnredlist.org/species/8207/115562499","VU",FALSE,TRUE,"Mammalia"
"78.0","Eulemur fulvus","Eulemur fulvus",NA,"Common brown lemur","Lemuridae","27921801/LM11","CAPTIVE","F","Fibro",NA,NA,NA,NA,NA,"A265","A265",NA,NA,"*A265*",NA,NA,"VU",FALSE,TRUE,"Mammalia"
"79.0","Callithrix geoffroyi","Callithrix geoffroyi",NA,"Geoffroy’s Tufted-ear Marmoset","Callitrichidae","TGD16-00658/ JEREZ TG5","CAPTIVE","F","Fibro","DNA","K","SEQ",NA,"Callithrix geoffroyi A81","A81","A81",NA,NA,"*A81*","AX8913","https://www.iucnredlist.org/species/3572/191701212","LC",FALSE,TRUE,"Mammalia"
"80.0","Saguinus imperator subgrisescens","Saguinus imperator","subgrisescens","Bearded Emperor Tamarin","Cebidae","11295.0","CAPTIVE","M","Fibro","DNA","K","SEQ",NA,"Saguinus imperator subgrisescens A76","A76/A127","A76","A127",NA,"*A76/A127*","AX8916","https://animaldiversity.org/accounts/Saguinus_imperator/","LC",FALSE,TRUE,"Mammalia"
"80.0","Saguinus imperator subgrisescens","Saguinus imperator","subgrisescens","Bearded Emperor Tamarin","Cebidae","13040.0","CAPTIVE","M","Fibro","DNA","K",NA,NA,"Saguinus imperator subgrisescens A77","A77","A77",NA,NA,"*A77*",NA,"https://www.ncbi.nlm.nih.gov/Taxonomy/Browser/wwwtax.cgi?mode=Info&id=881951&lvl=3&lin=f&keep=1&srchmode=1&unlock","LC",FALSE,TRUE,"Mammalia"
"80.0","Saguinus imperator subgrisescens","Saguinus imperator","subgrisescens","Bearded Emperor Tamarin","Cebidae","10860.0","CAPTIVE","F","Fibro","DNA","K","SEQ",NA,"Saguinus imperator subgrisescens A130","A130","A130",NA,NA,"*A130*","AX8917",NA,"LC",FALSE,TRUE,"Mammalia"
"81.0","Saguinus oedipus","Saguinus oedipus",NA,"Cotton-headed Tamarin","Cebidae","FRW20-01066","CAPTIVE","U","Fibro","DNA","SEQ",NA,NA,NA,"A90","A90",NA,NA,"*A90*","AX8914","https://www.iucnredlist.org/species/19823/192551067","CR",FALSE,TRUE,"Mammalia"
"81.0","Saguinus oedipus","Saguinus oedipus",NA,"Cotton-headed Tamarin","Cebidae","QGH22-06121/BCN14151","CAPTIVE","U","Fibro",NA,NA,NA,NA,NA,"A350","A350",NA,NA,NA,NA,"https://animaldiversity.org/accounts/Saguinus_oedipus/","CR",FALSE,TRUE,"Mammalia"
"81.0","Saguinus oedipus","Saguinus oedipus",NA,"Cotton-headed Tamarin","Cebidae","QGH22-06117-IA","-","M","Fibro","DNA",NA,NA,NA,NA,"A347","A347",NA,NA,"*A347*",NA,"https://www.ncbi.nlm.nih.gov/Taxonomy/Browser/wwwtax.cgi","CR",FALSE,TRUE,"Mammalia"
"82.0","Leontopithecus chrysomelas","Leontopithecus chrysomelas",NA,"Golden-headed lion tamarin","Cebidae","MIG12-29918004/BARCELONA / 10206","CAPTIVE","M","Fibro","DNA","RNA",NA,NA,NA,"A400","A400",NA,NA,"*A400*",NA,NA,"EN",FALSE,TRUE,"Mammalia"
"83.0","Cebuella pygmaea","Cebuella pygmaea",NA,"Pygmy marmoset","Cebidae","QGH22-06032/ BARCELONA / 14077","CAPTIVE","U","Fibro","DNA",NA,NA,NA,NA,"A394","A394",NA,NA,"*A394*",NA,NA,"VU",FALSE,TRUE,"Mammalia"
"83.0","Cebuella pygmaea","Cebuella pygmaea",NA,"Pygmy marmoset","Cebidae","QGH18-04995/: BARCELONA / 13312","CAPTIVE","F","Fibro","DNA",NA,NA,NA,NA,"A392","A392",NA,NA,"*A392*",NA,NA,"VU",FALSE,TRUE,"Mammalia"
"83.0","Cebuella pygmaea","Cebuella pygmaea",NA,"Pygmy marmoset","Cebidae","QGH13-00725/BARCELONA / 11787","CAPTIVE","F","Fibro","DNA",NA,NA,NA,NA,"A434","A434",NA,NA,"*A434*",NA,NA,"VU",FALSE,TRUE,"Mammalia"
"83.0","Cebuella pygmaea","Cebuella pygmaea",NA,"Pygmy marmoset","Cebidae","QGH18-04995/Barcelona/13312","CAPTIVE","F","Fibro","DNA","RNA",NA,NA,NA,"A437","A437",NA,NA,"*A437*",NA,NA,"VU",FALSE,TRUE,"Mammalia"
"84.0","Callimico goeldii","Callimico goeldii",NA,"Goeldi's monke","Cebidae","4133582/ BARCELONA / 6504","CAPTIVE","M","Fibro",NA,NA,NA,NA,NA,"A520","A520",NA,NA,NA,NA,NA,"VU",FALSE,TRUE,"Mammalia"
"85.0","Pan troglodytes troglodytes","Pan troglodytes","troglodytes","Central chimpanzee","Hominidae","MIG12-30088851/BARCELONA / 11","WILD","F","Fibro","DNA","K","SEQ",NA,"Pan troglodytes troglodytes A16","A16","A16",NA,NA,"*A16*","L-AD16",NA,"EN",FALSE,TRUE,"Mammalia"
"85.0","Pan troglodytes troglodytes","Pan troglodytes","troglodytes","Central chimpanzee","Hominidae","QVG16-00019","CAPTIVE","F","Fibro","DNA",NA,NA,NA,NA,"A189","A189",NA,NA,"*A189*",NA,"https://www.iucnredlist.org/species/15933/129038584","EN",FALSE,TRUE,"Mammalia"
"85.0","Pan troglodytes troglodytes","Pan troglodytes","troglodytes","Central chimpanzee","Hominidae","QVG16-00023","CAPTIVE","F","Fibro","DNA",NA,NA,NA,NA,"A190","A190",NA,NA,"*A190*",NA,"https://animaldiversity.org/accounts/Pan_troglodytes/","EN",FALSE,TRUE,"Mammalia"
"85.0","Pan troglodytes troglodytes","Pan troglodytes","troglodytes","Central chimpanzee","Hominidae","QVG16-00022","CAPTIVE","F","Fibro","DNA",NA,NA,NA,NA,"A191","A191",NA,NA,"*A191*",NA,"https://www.ncbi.nlm.nih.gov/Taxonomy/Browser/wwwtax.cgi","EN",FALSE,TRUE,"Mammalia"
"85.0","Pan troglodytes troglodytes","Pan troglodytes","troglodytes","Central chimpanzee","Hominidae","QVG16-00018","WILD","F","Fibro","DNA",NA,NA,NA,NA,"A192","A192",NA,NA,"*A192*",NA,NA,"EN",FALSE,TRUE,"Mammalia"
"85.0","Pan troglodytes troglodytes","Pan troglodytes","troglodytes","Central chimpanzee","Hominidae","MIG12-30088854","WILD","F","Fibro","SEQ",NA,NA,NA,NA,"A226","A226",NA,NA,"*A226*","AX8911",NA,"EN",FALSE,TRUE,"Mammalia"
"85.0","Pan troglodytes troglodytes","Pan troglodytes","troglodytes","Central chimpanzee","Hominidae","MIG12-30088855","WILD","F","Fibro","DNA","SEQ",NA,NA,NA,"A290","A290",NA,NA,"*A290*","AX8910",NA,"EN",FALSE,TRUE,"Mammalia"
"85.0","Pan troglodytes troglodytes","Pan troglodytes","troglodytes","Central chimpanzee","Hominidae","MIG12-30088895","WILD","M","Fibro","iPSC","RNA",NA,NA,NA,"A322","A322",NA,NA,"*A322*",NA,NA,"EN",TRUE,TRUE,"Mammalia"
"85.0","Pan troglodytes troglodytes","Pan troglodytes","troglodytes","Central chimpanzee","Hominidae","-",NA,NA,"Fibro","PBMc","DNA","iPSC","K","iPSC 23","A11","A11",NA,NA,"*A11*","L-AD11",NA,"EN",TRUE,TRUE,"Mammalia"
"86.0","Gorilla gorilla","Gorilla gorilla",NA,"Western Gorilla","Hominidae","QGH15-02323","CAPTIVE","F","Fibro","DNA","SEQ","iPSC",NA,NA,"A278","A278",NA,NA,"*A278*","AX8909","https://www.iucnredlist.org/species/9404/136250858","CR",TRUE,TRUE,"Mammalia"
"86.0","Gorilla gorilla","Gorilla gorilla",NA,"Western Gorilla","Hominidae","-",NA,NA,"Primary",NA,NA,NA,NA,NA,"A202","A202",NA,NA,"*A202*",NA,"https://animaldiversity.org/accounts/Gorilla_gorilla/","CR",FALSE,FALSE,"Mammalia"
"86.0","Gorilla gorilla","Gorilla gorilla",NA,"Western Gorilla","Hominidae","1767916/BARCELONA / 5340","CAPTIVE","M","Fibro",NA,NA,NA,NA,NA,"A522","A522",NA,NA,NA,NA,"https://www.ncbi.nlm.nih.gov/Taxonomy/Browser/wwwtax.cgi?mode=Info&id=9595&lvl=3&lin=f&keep=1&srchmode=1&unlock","CR",FALSE,TRUE,"Mammalia"
"87.0","Ateles hybridus","Ateles hybridus",NA,"Brown Spider Monkey","Atelidae","QGH22-06076-IA","-","M","unclear",NA,NA,NA,NA,NA,NA,NA,NA,NA,NA,NA,NA,"CR",FALSE,TRUE,"Mammalia"
"87.0","Ateles hybridus","Ateles hybridus",NA,"Brown Spider Monkey","Atelidae","MIG12-28734764","-","F","Fibro","DNA","K","SEQ",NA,NA,"A73","A73",NA,NA,"*A73*","AT6849/ORGONE_01","https://www.iucnredlist.org/species/39961/17929680","CR",FALSE,TRUE,"Mammalia"
"87.0","Ateles hybridus","Ateles hybridus",NA,"Brown Spider Monkey","Atelidae","QGH19-05276/13598","CAPTIVE","U","Fibro","DNA","SEQ",NA,NA,NA,"A5","A5",NA,NA,"*A5*","L-AD5","https://animaldiversity.org/accounts/Ateles_hybridus/","CR",FALSE,TRUE,"Mammalia"
"87.0","Ateles hybridus","Ateles hybridus",NA,"Brown Spider Monkey","Atelidae","QGH16-04259/BCN12875","CAPTIVE","F","Fibro","DNA",NA,NA,NA,NA,"A186","A186",NA,NA,"*A186*",NA,"https://www.ncbi.nlm.nih.gov/Taxonomy/Browser/wwwtax.cgi?mode=Info&id=129801&lvl=3&lin=f&keep=1&srchmode=1&unlock","CR",FALSE,TRUE,"Mammalia"
"87.0","Ateles hybridus","Ateles hybridus",NA,"Brown Spider Monkey","Atelidae","16879/2354","WILD","F","Fibro",NA,NA,NA,NA,NA,"A187","A187",NA,NA,"*A187*",NA,NA,"CR",FALSE,TRUE,"Mammalia"
"87.0","Ateles hybridus","Ateles hybridus",NA,"Brown Spider Monkey","Atelidae","MIG12-29017598","CAPTIVE","F","Fibro","DNA","SEQ","iPSC",NA,NA,"A282","A282",NA,NA,"*A282*","AY5184",NA,"CR",TRUE,TRUE,"Mammalia"
"87.0","Ateles hybridus","Ateles hybridus",NA,"Brown Spider Monkey","Atelidae","QGH22-06077","CAPTIVE","M","Fibro","DNA",NA,NA,NA,NA,"A327","A327",NA,NA,"*A327*",NA,NA,"CR",FALSE,TRUE,"Mammalia"
"87.0","Ateles hybridus","Ateles hybridus",NA,"Brown Spider Monkey","Atelidae","QGH22-06222/QGH22-06222","CAPTIVE","U","Primary",NA,NA,NA,NA,NA,"A412","A412",NA,NA,"*A412*",NA,NA,"CR",FALSE,FALSE,"Mammalia"
"88.0","Pongo pygmaeus","Pongo pygmaeus",NA,"Northwest Bornean orangutan","Hominidae","MIG12-3008890","CAPTIVE","F","Fibro","DNA","SEQ",NA,NA,NA,"A318","A318",NA,NA,"*A318*","ORGONE_07","https://animaldiversity.org/accounts/Pongo_pygmaeus/","CR",FALSE,TRUE,"Mammalia"
"88.0","Pongo pygmaeus","Pongo pygmaeus",NA,"Northwest Bornean orangutan","Hominidae","Antoine Blancher (Chris Tyler-Smith)","-",NA,"Fibro","DNA","K","iPSC","SEQ","Pongo pygmeaus A157","A157","A157",NA,NA,"*A157*","AX8918/ORGONE_07",NA,"CR",TRUE,TRUE,"Mammalia"
"88.0","Pongo pygmaeus","Pongo pygmaeus",NA,"Northwest Bornean orangutan","Hominidae","QGH22-06066/BARCELONA / 14107","CAPTIVE","M","Fibro","DNA","RNA",NA,NA,NA,"A461","A461",NA,NA,NA,NA,NA,"CR",FALSE,TRUE,"Mammalia"
"89.0","Cercocebus atys lunulatus","Cercocebus atys","lunulatus","White-naped Mangabey","Cercopithecidae","MC21",NA,NA,"Primary",NA,NA,NA,NA,NA,"A162","A162",NA,NA,"*A162*",NA,NA,"EN",FALSE,FALSE,"Mammalia"
"89.0","Cercocebus atys lunulatus","Cercocebus atys","lunulatus","White-naped Mangabey","Cercopithecidae","QGH16-04243","CAPTIVE","F","Fibro","DNA","K","SEQ",NA,"Cercocebus atys lunulatus A92","A92/A219/A368","A92","A219","A368","*A92/A219/A368*","AX8907","https://www.iucnredlist.org/species/4206/92247733","EN",FALSE,TRUE,"Mammalia"
"89.0","Cercocebus atys lunulatus","Cercocebus atys","lunulatus","White-naped Mangabey","Cercopithecidae","QGH16-04193","CAPTIVE","M","Fibro","K","DNA","SEQ",NA,NA,"A102/A206/A306","A102","A206","A306","*A102/A206/A306*","AX8915","https://animaldiversity.org/accounts/Cercocebus_atys/","EN",FALSE,TRUE,"Mammalia"
"89.0","Cercocebus atys lunulatus","Cercocebus atys","lunulatus","White-naped Mangabey","Cercopithecidae","4858688/JEREZ / MC2","CAPTIVE","F","Primary",NA,NA,NA,NA,NA,"A241","A241",NA,NA,NA,NA,"https://www.ncbi.nlm.nih.gov/Taxonomy/Browser/wwwtax.cgi?mode=Info&id=9531&lvl=3&lin=f&keep=1&srchmode=1&unlock","EN",FALSE,FALSE,"Mammalia"
"89.0","Cercocebus atys lunulatus","Cercocebus atys","lunulatus","White-naped Mangabey","Cercopithecidae","QGH16-04293/BARCELONA / 12898","CAPTIVE","F","Fibro","DNA","SEQ",NA,NA,NA,"A369","A369",NA,NA,"*A369*","AX8908",NA,"EN",FALSE,TRUE,"Mammalia"
"90.0","Cercocebus torquatus","Cercocebus torquatus",NA,"Red-capped mangabey","Cercopithecidae","QGH14-02193/BARCELONA / 12333","CAPTIVE","M","Fibro",NA,NA,NA,NA,NA,"A183","A183",NA,NA,"*A183*",NA,"https://www.iucnredlist.org/species/4201/154210757","EN",FALSE,TRUE,"Mammalia"
"90.0","Cercocebus torquatus","Cercocebus torquatus",NA,"Red-capped mangabey","Cercopithecidae","5724123 Barcelona/9381","CAPTIVE","M","Fibro","DNA",NA,NA,NA,NA,"A287","A287",NA,NA,"*A287*",NA,"https://www.ncbi.nlm.nih.gov/search/all/?term=Cercocebus%20torquatus","EN",FALSE,TRUE,"Mammalia"
"91.0","Lophocebus aterrimus","Lophocebus aterrimus",NA,"Black Mangabey","Cercopithecidae","QVG16-00005/ELCHE SAF / 1301","CAPTIVE","M","unclear",NA,NA,NA,NA,NA,"A154","A154",NA,NA,NA,NA,"https://www.iucnredlist.org/species/12310/166607638","VU",FALSE,TRUE,"Mammalia"
"91.0","Lophocebus aterrimus","Lophocebus aterrimus",NA,"Black Mangabey","Cercopithecidae","MIG12-28090305/ELCHE SAF / 1337","CAPTIVE","F","unclear",NA,NA,NA,NA,NA,"A277","A277",NA,NA,NA,NA,"https://animaldiversity.org/accounts/Cercopithecus_wolfi/","VU",FALSE,TRUE,"Mammalia"
"92.0","Mandrillus sphinx","Mandrillus sphinx",NA,"Mandrill","Cercopithecidae","WKP21-01923/MN31","CAPTIVE","U","Fibro","DNA","K","SEQ","iPSC","Mandrillus sphinx A163","A163","A163",NA,NA,"*A163*","AX8919","https://www.iucnredlist.org/species/12754/17952325","VU",TRUE,TRUE,"Mammalia"
"92.0","Mandrillus sphinx","Mandrillus sphinx",NA,"Mandrill","Cercopithecidae","8425827/MADRIDZ/MN17","CAPTIVE","M","Fibro",NA,NA,NA,NA,NA,"A339","A339",NA,NA,"*A339*",NA,"https://animaldiversity.org/accounts/Mandrillus_sphinx/","VU",FALSE,TRUE,"Mammalia"
"93.0","Mandrillus leucophaeus","Mandrillus leucophaeus",NA,"Drill","Cercopithecidae","QGH13-01342","CAPTIVE","F","Fibro",NA,NA,NA,NA,NA,"A360","A360",NA,NA,"*A360*",NA,"https://www.iucnredlist.org/species/12753/17952490","VU",FALSE,TRUE,"Mammalia"
"93.0","Mandrillus leucophaeus","Mandrillus leucophaeus",NA,"Drill","Cercopithecidae","QGH14-02210","CAPTIVE","F","Fibro",NA,NA,NA,NA,NA,"A359","A359",NA,NA,"*A359*",NA,NA,"VU",FALSE,TRUE,"Mammalia"
"93.0","Mandrillus leucophaeus","Mandrillus leucophaeus",NA,"Drill","Cercopithecidae","MIG12-29591019/BARCELONA / 6329","CAPTIVE","F","Fibro","DNA",NA,NA,NA,NA,"A381","A381",NA,NA,"*A381*",NA,NA,"VU",FALSE,TRUE,"Mammalia"
"94.0","Miopithecus ogouensis","Miopithecus ogouensis",NA,"Northern Talapoin Monkey","Cercopithecidae","QGH21-05798/ BARCELONA / 13935","CAPTIVE","U","Primary",NA,NA,NA,NA,NA,"A165","A165",NA,NA,NA,NA,"https://www.iucnredlist.org/species/41570/17953573","NT",FALSE,FALSE,"Mammalia"
"94.0","Miopithecus ogouensis","Miopithecus ogouensis",NA,"Northern Talapoin Monkey","Cercopithecidae","YRV19-03423/13504/BARCELONA","-","F","Fibro","DNA","iPSC",NA,NA,NA,"A272","A272",NA,NA,"*A272*",NA,"https://www.ncbi.nlm.nih.gov/Taxonomy/Browser/wwwtax.cgi","NT",TRUE,TRUE,"Mammalia"
"95.0","Cercopithecus neglectus","Cercopithecus neglectus",NA,"De Brazza’s Monkey","Cercopithecidae","26674024/13192","CAPTIVE","F","Fibro",NA,NA,NA,NA,NA,"A174","A174",NA,NA,"*A174*",NA,"https://www.iucnredlist.org/species/4223/17947167","LC",FALSE,TRUE,"Mammalia"
"96.0","Papio cynocephalus","Papio cynocephalus",NA,"Yellow Baboon","Cercopithecidae","NO ZIMS (F/HYBRDID?)",NA,NA,"Fibro","DNA","SEQ",NA,NA,NA,"A274","A274",NA,NA,"*A274*","AY5183",NA,"LC?",FALSE,TRUE,"Mammalia"
"97.0","Macaca sylvanus","Macaca sylvanus",NA,"Barbary macaque","Cercopithecidae","MIG12-28734788/BARCELONA/10699","WILD","M","Fibro","DNA","SEQ",NA,NA,NA,"A300","A300",NA,NA,"*A300*","AX8912",NA,"EN",FALSE,TRUE,"Mammalia"
"97.0","Macaca sylvanus","Macaca sylvanus",NA,"Barbary macaque","Cercopithecidae","MIG12-29661833/[10696/BARCELONA","WILD","F","Fibro",NA,NA,NA,NA,NA,"A492","A492",NA,NA,NA,NA,NA,"EN",FALSE,TRUE,"Mammalia"
"98.0","Hylobates muelleri","Hylobates muelleri",NA,"Bornean Gibbon","Hylobatidae","27920039/MADRID Z / GM2","UNKNOWN","M","Fibro","DNA",NA,NA,NA,NA,"A298","A298",NA,NA,"*A298*",NA,NA,"EN",FALSE,TRUE,"Mammalia"
"99.0","Hylobates pileatus","Hylobates pileatus",NA,"Pileated Gibbon","Hylobatidae","24150276/BARCELONA / 11283","CAPTIVE","M","Fibro","DNA",NA,NA,NA,NA,"A379","A379",NA,NA,"*A379*",NA,"https://www.iucnredlist.org/species/10552/17966665","EN",FALSE,TRUE,"Mammalia"
"100.0","Hylobates lar","Hylobates lar",NA,"White-handed Gibbon","Hylobatidae","25620264/MADRID Z / GMB2","CAPTIVE","M","Primary",NA,NA,NA,NA,NA,"A432","A432",NA,NA,NA,NA,"https://www.iucnredlist.org/species/10548/17967253","EN",FALSE,FALSE,"Mammalia"
"100.0","Hylobates lar","Hylobates lar",NA,"White-handed Gibbon","Hylobatidae","HBY14-00185/ELCHE SAF / 1276","CAPTIVE","M","Fibro","DNA",NA,NA,NA,NA,"A467","A467",NA,NA,NA,NA,NA,"EN",FALSE,TRUE,"Mammalia"
"101.0","Erinaceus europaeus","Erinaceus europaeus",NA,"West European Hedgehog","Erinaceinae","ERIZO1",NA,NA,"Primary",NA,NA,NA,NA,NA,"A211","A211",NA,NA,NA,NA,"https://www.iucnredlist.org/species/29650/2791303","LC",FALSE,FALSE,"Mammalia"
"101.0","Erinaceus europaeus","Erinaceus europaeus",NA,"West European Hedgehog","Erinaceinae","QGH20-05451-IA",NA,NA,"Primary",NA,NA,NA,NA,NA,"A40","A40",NA,NA,NA,NA,"https://animaldiversity.org/accounts/Erinaceus_europaeus/","LC",FALSE,FALSE,"Mammalia"
"102.0","Suncus etruscus","Suncus etruscus",NA,"Pygmy White-toothed Shrew","Soricidae",NA,NA,NA,"Primary",NA,NA,NA,NA,NA,"A64","A64",NA,NA,NA,NA,"https://www.iucnredlist.org/species/90389138/22288134","LC",FALSE,FALSE,"Mammalia"
"103.0","Artibeus jamaicensis","Artibeus jamaicensis",NA,"Jamaican Fruit-eating Bat","Chiroptera",NA,NA,NA,"Primary",NA,NA,NA,NA,NA,"A161","A161",NA,NA,NA,NA,"https://www.iucnredlist.org/species/14919/22016159","LC",FALSE,FALSE,"Mammalia"
"104.0","Pteropus lylei","Pteropus lylei",NA,"Lyle's flying fox","Chiroptera","17963235/BARCELONA / 5732","CAPTIVE","M","Fibro","DNA",NA,NA,NA,NA,"A194","A194",NA,NA,"*A194*",NA,"https://www.iucnredlist.org/species/18734/22082429","VU",FALSE,TRUE,"Mammalia"
"104.0","Pteropus lylei","Pteropus lylei",NA,"Lyle's flying fox","Chiroptera","MIG12-29239579","CAPTIVE","F","Fibro",NA,NA,NA,NA,NA,"A279","A279",NA,NA,"*A279*",NA,NA,"VU",FALSE,TRUE,"Mammalia"
"104.0","Pteropus lylei","Pteropus lylei",NA,"Lyle's flying fox","Chiroptera","MIG12-28324384/MIG12-28324384","CAPTIVE","F","Fibro","DNA",NA,NA,NA,NA,"A419","A419",NA,NA,"*A419*",NA,NA,"VU",FALSE,TRUE,"Mammalia"
"105.0","Myrmecophaga tridactyla","Myrmecophaga tridactyla",NA,"Giant Anteater","Myrmecophagidae","-",NA,NA,"Primary",NA,NA,NA,NA,NA,"A342","A342",NA,NA,"*A342*",NA,NA,"LC",FALSE,FALSE,"Mammalia"
"105.0","Myrmecophaga tridactyla","Myrmecophaga tridactyla",NA,"Giant Anteater","Myrmecophagidae","26855739/MADRID Z / OH4","CAPTIVE","F","Primary",NA,NA,NA,NA,NA,"A436","A436",NA,NA,"*A436*",NA,NA,"LC",FALSE,FALSE,"Mammalia"
"106.0","Procavia capensis","Procavia capensis",NA,"Rock hyrax","Procaviidae","CGK10-00254/BIOPARCVA / V11164","CAPTIVE","F","Fibro",NA,NA,NA,NA,NA,"A353","A353",NA,NA,"*A353*",NA,NA,"LC",FALSE,TRUE,"Mammalia"
"106.0","Procavia capensis","Procavia capensis",NA,"Rock hyrax","Procaviidae",NA,"CAPTIVE",NA,"Fibro","DNA","RNA",NA,NA,NA,"A469","A469",NA,NA,NA,NA,NA,"LC",FALSE,TRUE,"Mammalia"
