"scientific_name","species","iucn_category","individuals","superclass","taxon_id","synonym","tol_id","genus","family","order","class","zoonomia","taxon_rank","genome","cell_lines","nspecies","assembly_level","genome_size","illumina","silencer"
"Chlamydosaurus kingii","Chlamydosaurus kingii","LEAST CONCERN",1,"Reptil",NA,"Chlamydosaurus kingi",NA,"Chlamydosaurus","Agamidae","Squamata","Lepidosauria",FALSE,NA,FALSE,0,13,"No Genome",NA,TRUE,FALSE
"Bucorvus leadbeateri","Bucorvus leadbeateri","VULNERABLE",1,"Birds",NA,"Bucorvus leadbeateri",NA,"Bucorvus","Bucorvidae","Bucerotiformes","Aves",FALSE,NA,FALSE,1,1,"No Genome",NA,TRUE,FALSE
"Chamaeleo chamaeleon","Chamaeleo chamaeleon","LEAST CONCERN",1,"Reptil",NA,"Cameleo siculus",NA,"Chamaeleo","Chamaeleonidae","Squamata","Lepidosauria",FALSE,NA,FALSE,1,13,"No Genome",NA,TRUE,FALSE
"Gallicolumba luzonica","Gallicolumba luzonica","NEAR THREATENED",3,"Birds",NA,"Gallicolumba luzonica",NA,"Gallicolumba","Columbidae","Columbiformes","Aves",FALSE,NA,FALSE,1,7,"No Genome",NA,TRUE,FALSE
"Crocodylus rhombifer","Crocodylus rhombifer","CRITICALLY ENDANGERED",1,"Reptil",NA,"Crocodilus gravesii",NA,"Crocodylus","Crocodylidae","Crocodylia",NA,FALSE,NA,FALSE,1,3,"No Genome",NA,TRUE,FALSE
"Osteolaemus tetraspis","Osteolaemus tetraspis","VULNERABLE",1,"Reptil",NA,"Osteolaemus tetraspis",NA,"Osteolaemus","Crocodylidae","Crocodylia",NA,FALSE,NA,FALSE,1,3,"No Genome",NA,TRUE,FALSE
"Graptemys pseudogeographica","Graptemys pseudogeographica","LEAST CONCERN",1,"Reptil",NA,"Emys lesueurii",NA,"Graptemys","Emydidae","Testudines",NA,FALSE,NA,FALSE,1,8,"No Genome",NA,TRUE,FALSE
"Eliomys quercinus","Eliomys quercinus","NEAR THREATENED",1,"Mammalia",NA,"Eliomys quercinus dichrurus",NA,"Eliomys","Gliridae","Rodentia","Mammalia",FALSE,NA,FALSE,1,6,"No Genome",NA,TRUE,FALSE
"Notamacropus rufogriseus","Notamacropus rufogriseus","LEAST CONCERN",7,"Mammalia",NA,"Notamacropus rufogriseus",NA,"Notamacropus","Macropodidae","Diprotodontia","Mammalia",FALSE,NA,FALSE,5,3,"No Genome",NA,TRUE,FALSE
"Musophaga violacea","Musophaga violacea","LEAST CONCERN",1,"Birds",NA,"Musophaga violacea",NA,"Musophaga","Musophagidae","Musophagiformes","Aves",FALSE,NA,FALSE,0,3,"No Genome",NA,TRUE,FALSE
"Pteropus lylei","Pteropus lylei","VULNERABLE",3,"Mammalia",NA,"Pteropus lylei",NA,"Pteropus","Pteropodidae","Chiroptera","Mammalia",FALSE,NA,FALSE,3,2,"No Genome",NA,TRUE,FALSE
"Cynomys ludovicianus","Cynomys ludovicianus","LEAST CONCERN",1,"Mammalia",NA,"Cynomys pyrrotrichus",NA,"Cynomys","Sciuridae","Rodentia","Mammalia",FALSE,NA,FALSE,1,6,"No Genome",NA,TRUE,FALSE
"Otus scops scops","Otus scops","LEAST CONCERN",2,"Birds",NA,"Otus scops",NA,"Otus","Strigidae","Strigiformes","Aves",FALSE,NA,FALSE,0,4,"No Genome",NA,TRUE,FALSE
"Scissirostrum dubium","Scissirostrum dubium","LEAST CONCERN",3,"Birds",NA,"Scissirostrum dubium",NA,"Scissirostrum","Sturnidae","Passeriformes","Aves",FALSE,NA,FALSE,1,9,"No Genome",NA,TRUE,FALSE
"Dracaena guianensis","Dracaena guianensis","LEAST CONCERN",1,"Reptil",NA,"Dracaena guianensis",NA,"Dracaena","Teiidae","Squamata","Lepidosauria",FALSE,NA,FALSE,1,13,"No Genome",NA,TRUE,FALSE
"Varanus albigularis","Varanus albigularis","LEAST CONCERN",1,"Reptil",NA,"Varanus gilli",NA,"Varanus","Varanidae","Squamata","Lepidosauria",FALSE,NA,FALSE,1,13,"No Genome",NA,TRUE,FALSE
"Varanus prasinus","Varanus prasinus","LEAST CONCERN",1,"Reptil",NA,"Varanus prasinus",NA,"Varanus","Varanidae","Squamata","Lepidosauria",FALSE,NA,FALSE,0,13,"No Genome",NA,TRUE,FALSE
"Pleurodeles waltl","Pleurodeles waltl","NEAR THREATENED",2,"Amphibia","8319","Pleurodeles waltl","aPleWal","Pleurodeles","Salamandridae","Caudata","Amphibia",FALSE,NA,TRUE,1,3,"Chromosome",20929200000,TRUE,FALSE
"Jacana jacana","Jacana jacana","LEAST CONCERN",1,"Birds","54508","Jacana jacana","bJacJac","Jacana","Jacanidae","Charadriiformes","Aves",FALSE,NA,TRUE,1,1,"Scaffold",1418100000,TRUE,FALSE
"Ciconia ciconia","Ciconia ciconia","LEAST CONCERN",3,"Birds","8928","Ciconia ciconia","bCicCic","Ciconia","Ciconiidae","Ciconiiformes","Aves",FALSE,NA,TRUE,1,1,"Scaffold",1545240000,TRUE,FALSE
"Colius striatus","Colius striatus","LEAST CONCERN",2,"Birds","57412","Colius striatus","bColStr","Colius","Coliidae","Coliiformes","Aves",FALSE,NA,TRUE,1,1,"Scaffold",1437660000,TRUE,FALSE
"Rhea americana","Rhea americana","NEAR THREATENED",1,"Birds","8797","Rhea americana","bRheAme","Rhea","Rheidae","Rheiformes","Aves",FALSE,NA,TRUE,1,1,"Scaffold",1555020000,TRUE,FALSE
"Apus apus","Apus apus","LEAST CONCERN",1,"Birds","8895","Apus apus","bApuApu","Apus","Apodidae","Apodiformes","Aves",FALSE,NA,TRUE,0,2,"Chromosome",1251840000,TRUE,FALSE
"Spheniscus demersus","Spheniscus demersus","ENDANGERED",3,"Birds","92683","Spheniscus demersus","bSphDem","Spheniscus","Spheniscidae","Sphenisciformes","Aves",FALSE,NA,TRUE,2,2,"Scaffold",1594140000,TRUE,FALSE
"Spheniscus humboldti","Spheniscus humboldti","VULNERABLE",1,"Birds","9240","Spheniscus humboldti","bSphHub","Spheniscus","Spheniscidae","Sphenisciformes","Aves",FALSE,NA,TRUE,1,2,"Chromosome",1594140000,TRUE,FALSE
"Casuarius casuarius","Casuarius casuarius","LEAST CONCERN",1,"Birds","8787","Casuarius casurius","bCasCas","Casuarius","Casuariidae","Casuariiformes","Aves",FALSE,NA,TRUE,1,2,"Scaffold",1555020000,TRUE,FALSE
"Ramphastos toco","Ramphastos toco","LEAST CONCERN",1,"Birds","322582","Ramphastos toco","bRamSul","Ramphastos","Ramphastidae","Piciformes","Aves",FALSE,"species",TRUE,1,2,"Scaffold",1647930000,TRUE,FALSE
"Haliaeetus leucocephalus","Haliaeetus leucocephalus","LEAST CONCERN",1,"Birds","52644","Haliaeetus leucocephalus","bHalLeo","Haliaeetus","Accipitridae","Accipitriformes","Aves",FALSE,NA,TRUE,1,3,"Scaffold",1398540000,TRUE,FALSE
"Gallus gallus domestic","Gallus gallus","LEAST CONCERN",1,"Birds","9031","red junglefowl","bGalGal","Gallus","Phasianidae","Galliformes","Aves",FALSE,NA,TRUE,1,4,"Chromosome",1237170000,TRUE,FALSE
"Pavo cristatus","Pavo cristatus","LEAST CONCERN",1,"Birds","9049","Pavo cristatus","bPavCri","Pavo","Phasianidae","Galliformes","Aves",FALSE,NA,TRUE,2,4,"Scaffold",1310520000,TRUE,FALSE
"Psophia crepitans","Psophia crepitans","NEAR THREATENED",1,"Birds","54359","Psophia crepitans","bPsoCre","Psophia","Psophiidae","Gruiformes","Aves",FALSE,NA,TRUE,0,4,"Scaffold",1388760000,TRUE,FALSE
"Tyto alba","Tyto alba","LEAST CONCERN",1,"Birds","56313","Tyto alba","bTytAlb","Tyto","Tytonidae","Strigiformes","Aves",FALSE,NA,TRUE,1,4,"Scaffold",1594140000,TRUE,FALSE
"Lophura edwardsi","Lophura edwardsi","CRITICALLY ENDANGERED",1,"Birds","140446","Lophura edwardsi","bLopSwi","Lophura","Phasianidae","Galliformes","Aves",FALSE,"species",TRUE,1,4,"Chromosome",1237170000,TRUE,FALSE
"Polyplectron napoleonis","Polyplectron napoleonis","VULNERABLE",2,"Birds",NA,"Polyplectron napoleonis",NA,"Polyplectron","Phasianidae","Galliformes","Aves",FALSE,NA,FALSE,2,4,"No Genome",NA,FALSE,FALSE
"Chauna torquata","Chauna torquata","LEAST CONCERN",1,"Birds","30388","Chauna torquata","bChaTor","Chauna","Anhimidae","Anseriformes","Aves",FALSE,NA,TRUE,1,7,"Scaffold",1364310000,TRUE,FALSE
"Cygnus atratus","Cygnus atratus","LEAST CONCERN",1,"Birds","8868","Anser novaehollandiae","bCygAtr","Cygnus","Anatidae","Anseriformes","Aves",FALSE,NA,TRUE,1,7,"Chromosome",1418100000,TRUE,FALSE
"Netta rufina","Netta rufina","LEAST CONCERN",1,"Birds",NA,"Netta rufina",NA,"Netta","Anatidae","Anseriformes","Aves",FALSE,NA,FALSE,1,7,"No Genome",NA,FALSE,FALSE
"Cygnus melancoryphus","Cygnus melancoryphus","LEAST CONCERN",1,"Birds",NA,"Cygnus melancorypha",NA,"Cygnus","Anatidae","Anseriformes","Aves",FALSE,NA,FALSE,1,7,"No Genome",NA,FALSE,FALSE
"Streptopelia decaocto","Streptopelia decaocto","LEAST CONCERN",1,"Birds",NA,"Columba decaocto",NA,"Streptopelia","Columbidae","Columbiformes","Aves",FALSE,NA,FALSE,1,7,"No Genome",NA,FALSE,FALSE
"Ptilinopus melanospilus","Ptilinopus melanospilus","NA",1,"Birds",NA,"Ptilinopus melanospila",NA,"Ptilinopus","Columbidae","Columbiformes","Aves",FALSE,NA,FALSE,1,7,"No Genome",NA,FALSE,FALSE
"Zenaida graysoni","Zenaida graysoni","EXTINCT IN THE WILD",1,"Birds",NA,"Zenaida graysoni",NA,"Zenaida","Columbidae","Columbiformes","Aves",FALSE,NA,FALSE,1,7,"No Genome",NA,FALSE,FALSE
"Nycticorax nycticorax","Nycticorax nycticorax","LEAST CONCERN",6,"Birds","8901","Ardea spec","bNycNyc","Nycticorax","Ardeidae","Pelecaniformes","Aves",FALSE,NA,TRUE,2,10,"Scaffold",1320300000,TRUE,FALSE
"Threskiornis aethiopicus","Threskiornis aethiopicus","LEAST CONCERN",1,"Birds","100858","Tantalus aethiopicus","bThrAet","Threskiornis","Threskiornithidae","Pelecaniformes","Aves",FALSE,NA,TRUE,1,10,"Scaffold",1222500000,TRUE,FALSE
"Pelecanus crispus","Pelecanus crispus","VULNERABLE",1,"Birds","36300","Pelecanus crispus","bPelCri","Pelecanus","Pelecanidae","Pelecaniformes","Aves",FALSE,NA,TRUE,1,10,"Scaffold",1290960000,TRUE,FALSE
"Butorides striata","Butorides striata","LEAST CONCERN",2,"Birds",NA,"Ardea striatus",NA,"Butorides","Ardeidae","Pelecaniformes","Aves",FALSE,NA,FALSE,1,10,"No Genome",NA,FALSE,FALSE
"Geronticus eremita","Geronticus eremita","ENDANGERED",6,"Birds",NA,"Geronticus eremita",NA,"Geronticus","Threskiornithidae","Pelecaniformes","Aves",FALSE,NA,FALSE,1,10,"No Genome",NA,FALSE,FALSE
"Platalea leucorodia","Platalea leucorodia","LEAST CONCERN",2,"Birds",NA,"Platalea leucorodia",NA,"Platalea","Threskiornithidae","Pelecaniformes","Aves",FALSE,NA,FALSE,1,10,"No Genome",NA,FALSE,FALSE
"Plegadis falcinellus","Plegadis falcinellus","LEAST CONCERN",4,"Birds",NA,"Plegadis falcinellus",NA,"Plegadis","Threskiornithidae","Pelecaniformes","Aves",FALSE,NA,FALSE,1,10,"No Genome",NA,FALSE,FALSE
"Eudocimus ruber","Eudocimus ruber","LEAST CONCERN",2,"Birds",NA,"Eudocimus ruber",NA,"Eudocimus","Threskiornithidae","Pelecaniformes","Aves",FALSE,NA,FALSE,2,10,"No Genome",NA,FALSE,FALSE
"Guaruba guarouba","Guaruba guarouba","VULNERABLE",1,"Birds","51906","Guaruba guarouba","bGuaGua","Guaruba","Psittacidae","Psittaciformes","Aves",FALSE,NA,TRUE,1,13,"Scaffold",1339860000,TRUE,FALSE
"Eclectus roratus","Eclectus roratus","LEAST CONCERN",1,"Birds","176024","Eclectus roratus","bEclRor","Eclectus","Psittacidae","Psittaciformes","Aves",FALSE,NA,TRUE,1,13,"Scaffold",1555020000,TRUE,FALSE
"Anodorhynchus hyacinthinus","Anodorhynchus hyacinthinus","VULNERABLE",2,"Birds","51900","Anodorhynchus hyacinthinus","bAnoHya","Anodorhynchus","Psittacidae","Psittaciformes","Aves",FALSE,NA,TRUE,1,13,"Scaffold",1320300000,TRUE,FALSE
"Aratinga solstitialis","Aratinga solstitialis","ENDANGERED",1,"Birds","176015","Aratinga solstitialis","bAraSol","Aratinga","Psittacidae","Psittaciformes","Aves",FALSE,NA,TRUE,1,13,"Scaffold",1339860000,TRUE,FALSE
"Ara chloropterus","Ara chloropterus","LEAST CONCERN",1,"Birds","176013","Ara chloropterus","bAraChl","Ara","Psittacidae","Psittaciformes","Aves",FALSE,NA,TRUE,1,13,"Scaffold",1447440000,TRUE,FALSE
"Ara ararauna","Ara ararauna","LEAST CONCERN",2,"Birds","9226","Ara ararauna","bAraAra","Ara","Psittacidae","Psittaciformes","Aves",FALSE,NA,TRUE,1,13,"Chromosome",1418100000,TRUE,FALSE
"Trichoglossus moluccanus","Trichoglossus moluccanus","LEAST CONCERN",2,"Birds",NA,"Trichoglossus moluccanus",NA,"Trichoglossus","Psittaculidae","Psittaciformes","Aves",FALSE,NA,FALSE,0,13,"No Genome",NA,FALSE,FALSE
"Agapornis nigrigenis","Agapornis nigrigenis","VULNERABLE",4,"Birds",NA,"Agapornis nigrigenis",NA,"Agapornis","Psittacidae","Psittaciformes","Aves",FALSE,NA,FALSE,2,13,"No Genome",NA,FALSE,FALSE
"Eos reticulata","Eos reticulata","NEAR THREATENED",1,"Birds","1549147","Eos reticulata","bEosSem","Eos","Psittaculidae","Psittaciformes","Aves",FALSE,"species",TRUE,1,13,"Scaffold",1300740000,TRUE,FALSE
"Procavia capensis","Procavia capensis","LEAST CONCERN",2,"Mammalia","9813","Hyrax capensis","mProCap","Procavia","Procaviidae","Hyracoidea","Mammalia",TRUE,NA,TRUE,2,1,"Scaffold",3970679999,TRUE,TRUE
"Myrmecophaga tridactyla","Myrmecophaga tridactyla","VULNERABLE",2,"Mammalia","71006","Tamandua tridactyla","mMyrTri","Myrmecophaga","Myrmecophagidae","Pilosa","Mammalia",TRUE,NA,TRUE,0,1,"Scaffold",4224960000,TRUE,TRUE
"Oryctolagus cuniculus","Oryctolagus cuniculus","ENDANGERED",2,"Mammalia","9986","New Zealand rabbit","mOryCun","Oryctolagus","Leporidae","Lagomorpha","Mammalia",TRUE,NA,TRUE,1,1,"Chromosome",3188280000,TRUE,TRUE
"Loxodonta africana","Loxodonta africana","ENDANGERED",1,"Mammalia","9785","Elephas africanus cavendishi","mLoxAfr","Loxodonta","Elephantidae","Proboscidea","Mammalia",TRUE,NA,TRUE,1,2,"Scaffold",4342320000,TRUE,TRUE
"Elephas maximus","Elephas maximus","ENDANGERED",4,"Mammalia","9783","Elephas asiaticus","mEleMax","Elephas","Elephantidae","Proboscidea","Mammalia",TRUE,NA,TRUE,4,2,"Scaffold",3941340000,TRUE,TRUE
"Petrogale xanthopus","Petrogale xanthopus","NEAR THREATENED",1,"Mammalia",NA,"Petrogale xanthopus",NA,"Petrogale","Macropodidae","Diprotodontia","Mammalia",FALSE,NA,FALSE,1,3,"No Genome",NA,FALSE,FALSE
"Osphranter rufus","Osphranter rufus","LEAST CONCERN",3,"Mammalia",NA,"Osphranter rufus",NA,"Osphranter","Macropodidae","Diprotodontia","Mammalia",FALSE,NA,FALSE,3,3,"No Genome",NA,FALSE,FALSE
"Ceratotherium simum","Ceratotherium simum","NEAR THREATENED",3,"Mammalia","9807","Rhinoceros burchellii","mCerSim","Ceratotherium","Rhinocerotidae","Perissodactyla","Mammalia",TRUE,NA,TRUE,2,4,"Chromosome",3266520000,TRUE,TRUE
"Equus caballus","Equus caballus","ENDANGERED",2,"Mammalia","9796","Hippidium neogaeum","mEquCab","Equus","Equidae","Perissodactyla","Mammalia",TRUE,NA,TRUE,2,4,"Chromosome",3110040000,TRUE,TRUE
"Equus quagga","Equus quagga","NEAR THREATENED",3,"Mammalia","89248","Equus burchellii quagga",NA,"Equus","Equidae","Perissodactyla","Mammalia",TRUE,NA,TRUE,2,4,"Chromosome",3481680000,TRUE,TRUE
"Hydrochoerus hydrochaeris","Hydrochoerus hydrochaeris","LEAST CONCERN",1,"Mammalia","10149","Hydrochaerus capybara","mHydHyd","Hydrochoerus","Hydrochaeridae","Rodentia","Mammalia",TRUE,NA,TRUE,1,6,"Scaffold",3663832500,TRUE,TRUE
"Dolichotis patagonum","Dolichotis patagonum","NEAR THREATENED",3,"Mammalia","29091","Dolichotis patagonum","mDolPat","Dolichotis","Caviidae","Rodentia","Mammalia",TRUE,NA,TRUE,2,6,"Scaffold",3618600000,TRUE,TRUE
"Hystrix cristata","Hystrix cristata","LEAST CONCERN",1,"Mammalia","10137","Hystrix cristata","mHysCri","Hystrix","Hystricidae","Rodentia","Mammalia",TRUE,NA,TRUE,2,6,"Scaffold",3663832500,TRUE,TRUE
"Lutra lutra","Lutra lutra","NEAR THREATENED",2,"Mammalia","9657","Lutra lutra","mLutLut","Lutra","Mustelidae","Carnivora","Mammalia",TRUE,NA,TRUE,1,18,"Chromosome",2880210000,TRUE,TRUE
"Panthera leo","Panthera leo","VULNERABLE",9,"Mammalia","9689","Felis imperialis","mPanLeo","Panthera","Felidae","Carnivora","Mammalia",TRUE,NA,TRUE,8,18,"Chromosome",2885100000,TRUE,TRUE
"Panthera onca","Panthera onca","NEAR THREATENED",4,"Mammalia","9690","Panthera augusta","mPanOnc","Panthera","Felidae","Carnivora","Mammalia",TRUE,NA,TRUE,4,18,"Chromosome",2767740000,TRUE,FALSE
"Canis lupus","Canis lupus","LEAST CONCERN",4,"Mammalia","9612","Canis petrolei","mCanLup","Canis","Canidae","Carnivora","Mammalia",TRUE,NA,TRUE,4,18,"Chromosome",2748180000,TRUE,FALSE
"Mungos mungo","Mungos mungo","LEAST CONCERN",1,"Mammalia","210652","Crossarchus fasciatus colonus","mMunMun","Mungos","Herpestidae","Carnivora","Mammalia",TRUE,NA,TRUE,1,18,"Scaffold",2738400000,TRUE,FALSE
"Ursus thibetanus","Ursus thibetanus","VULNERABLE",1,"Mammalia","9642","Ursus thibetanus","mUrsThi","Ursus","Ursidae","Carnivora","Mammalia",TRUE,NA,TRUE,1,18,"Scaffold",2689500000,TRUE,FALSE
"Otaria byronia","Otaria byronia","LEAST CONCERN",3,"Mammalia","161932","Phoca flavescens","mOtaByr","Otaria","Otariidae","Carnivora","Mammalia",FALSE,NA,TRUE,3,18,"Scaffold",3080700000,TRUE,FALSE
"Ailuropoda melanoleuca","Ailuropoda melanoleuca","VULNERABLE",2,"Mammalia","9646","Ailuropus melanoleucus","mAilMel","Ailuropoda","Ursidae","Carnivora","Mammalia",TRUE,NA,TRUE,1,18,"Chromosome",2689500000,TRUE,FALSE
"Suricata suricatta","Suricata suricatta","LEAST CONCERN",6,"Mammalia","37032","Viverra suricata","mSurSur","Suricata","Herpestidae","Carnivora","Mammalia",TRUE,NA,TRUE,6,18,"Chromosome",2738400000,TRUE,FALSE
"Crocuta crocuta","Crocuta crocuta","LEAST CONCERN",1,"Mammalia","9678","Crocuta thomasi","mCroCro","Crocuta","Hyaenidae","Carnivora","Mammalia",TRUE,NA,TRUE,1,18,"Scaffold",2738400000,TRUE,FALSE
"Zalophus californianus","Zalophus californianus","LEAST CONCERN",2,"Mammalia","9704","Zalophus gilliespii","mZalCal","Zalophus","Otariidae","Carnivora","Mammalia",TRUE,NA,TRUE,1,18,"Chromosome",3080700000,TRUE,TRUE
"Mustela lutreola novikovi","Mustela lutreola","CRITICALLY ENDANGERED",1,"Mammalia","9666","Mustela transsylvanica","mMusLut","Mustela","Mustelidae","Carnivora","Mammalia",FALSE,NA,TRUE,1,18,"Chromosome",2880210000,TRUE,TRUE
"Panthera tigris","Panthera tigris","ENDANGERED",2,"Mammalia","9694","Felis tigris","mPanTig","Panthera","Felidae","Carnivora","Mammalia",TRUE,NA,TRUE,2,18,"Chromosome",2650380000,TRUE,TRUE
"Pteronura brasiliensis","Pteronura brasiliensis","ENDANGERED",1,"Mammalia","9672","Mustela lutris brasiliensis","mPteBra","Pteronura","Mustelidae","Carnivora","Mammalia",TRUE,NA,TRUE,1,18,"Scaffold",2880210000,TRUE,FALSE
"Panthera pardus","Panthera pardus","VULNERABLE",2,"Mammalia","9691","Panthera pardus","mPanPar","Panthera","Felidae","Carnivora","Mammalia",TRUE,NA,TRUE,2,18,"Scaffold",2767740000,TRUE,FALSE
"Leopardus pardalis","Leopardus pardalis","LEAST CONCERN",1,"Mammalia",NA,"Leopardus pardalis",NA,"Leopardus","Felidae","Carnivora","Mammalia",FALSE,NA,FALSE,1,18,"No Genome",NA,FALSE,FALSE
"Ailurus fulgens","Ailurus fulgens","ENDANGERED",5,"Mammalia",NA,"Ailurus fulgens",NA,"Ailurus","Ailuridae","Carnivora","Mammalia",TRUE,NA,TRUE,4,18,"No Genome",NA,TRUE,FALSE
"Ateles hybridus","Ateles hybridus","CRITICALLY ENDANGERED",8,"Mammalia","129801","Ateles hybridus brunneus","mAteHyb","Ateles","Atelidae","Primates","Mammalia",FALSE,NA,TRUE,7,24,"Scaffold",3166275000,TRUE,FALSE
"Lemur catta","Lemur catta","ENDANGERED",4,"Mammalia","9447","Maki mococo","mLemCat","Lemur","Lemuridae","Primates","Mammalia",TRUE,NA,TRUE,2,24,"Chromosome",3207840000,TRUE,FALSE
"Saguinus imperator subgrisescens","Saguinus imperator","LEAST CONCERN",3,"Mammalia","9491","Saguinus imperator","mSagImp","Saguinus","Cebidae","Primates","Mammalia",FALSE,NA,TRUE,3,24,"Scaffold",3378990000,TRUE,FALSE
"Pan troglodytes troglodytes","Pan troglodytes","ENDANGERED",9,"Mammalia","9598","Pan troglodytes","mPanTro","Pan","Hominidae","Primates","Mammalia",FALSE,NA,TRUE,9,24,"Chromosome",3613710000,TRUE,TRUE
"Cercocebus atys lunulatus","Cercocebus atys","ENDANGERED",6,"Mammalia","9531","Cercocebus fuliginosus","mCerAty","Cercocebus","Cercopithecidae","Primates","Mammalia",FALSE,NA,TRUE,3,24,"Scaffold",3657720000,TRUE,FALSE
"Pongo pygmaeus","Pongo pygmaeus","CRITICALLY ENDANGERED",3,"Mammalia","9600","Pongo pygmaeus fromageti","mPonPyg","Pongo","Hominidae","Primates","Mammalia",FALSE,NA,TRUE,3,24,"Chromosome",3579480000,TRUE,TRUE
"Mandrillus sphinx","Mandrillus sphinx","VULNERABLE",2,"Mammalia","9561","Simia madarogaster","mManSph","Mandrillus","Cercopithecidae","Primates","Mammalia",TRUE,NA,TRUE,2,24,"Contig",3423000000,TRUE,FALSE
"Eulemur fulvus","Eulemur fulvus","VULNERABLE",2,"Mammalia","13515","Eulemur fulvus fulvus","mEulFul","Eulemur","Lemuridae","Primates","Mammalia",TRUE,NA,TRUE,2,24,"Scaffold",3281190000,TRUE,FALSE
"Cercopithecus neglectus","Cercopithecus neglectus","LEAST CONCERN",1,"Mammalia","36227","Cercopithecus brazzae uellensis","mCerNeg","Cercopithecus","Cercopithecidae","Primates","Mammalia",TRUE,NA,TRUE,1,24,"Scaffold",4762860000,TRUE,FALSE
"Gorilla gorilla","Gorilla gorilla","CRITICALLY ENDANGERED",3,"Mammalia","9593","Gorilla gorilla","mGorGor","Gorilla","Hominidae","Primates","Mammalia",TRUE,NA,TRUE,2,24,"Chromosome",3491460000,TRUE,TRUE
"Mandrillus leucophaeus","Mandrillus leucophaeus","VULNERABLE",3,"Mammalia","9568","Mandrillus leucophaeus","mManLeu","Mandrillus","Cercopithecidae","Primates","Mammalia",TRUE,NA,TRUE,3,24,"Scaffold",3423000000,TRUE,FALSE
"Hylobates pileatus","Hylobates pileatus","ENDANGERED",1,"Mammalia","9589","Hylobates pileatus","mHylPil","Hylobates","Hylobatidae","Primates","Mammalia",FALSE,NA,TRUE,1,24,"Chromosome",3168720000,TRUE,FALSE
"Callithrix geoffroyi","Callithrix geoffroyi","LEAST CONCERN",1,"Mammalia","9483","Cebus albifrons","mCalJac","Callithrix","Cebidae","Primates","Mammalia",FALSE,"species",TRUE,1,24,"Chromosome",3354540000,TRUE,TRUE
"Saguinus oedipus","Saguinus oedipus","CRITICALLY ENDANGERED",3,"Mammalia",NA,"Oedipus titi",NA,"Saguinus","Cebidae","Primates","Mammalia",FALSE,NA,FALSE,3,24,"No Genome",NA,TRUE,FALSE
"Miopithecus ogouensis","Miopithecus ogouensis","NEAR THREATENED",2,"Mammalia","36231","Miopithecus ogouensis","mMioTal","Miopithecus","Cercopithecidae","Primates","Mammalia",FALSE,"species",TRUE,1,24,"Chromosome",3589260000,TRUE,FALSE
"Cercocebus torquatus","Cercocebus torquatus","ENDANGERED",2,"Mammalia","9531","Cercocebus collaris","mCerAty","Cercocebus","Cercopithecidae","Primates","Mammalia",FALSE,"species",TRUE,2,24,"Scaffold",3657720000,TRUE,FALSE
"Papio cynocephalus","Papio cynocephalus","LEAST CONCERN",1,"Mammalia","9555","Papio cynocephalus","mPapAnu","Papio","Cercopithecidae","Primates","Mammalia",FALSE,"species",TRUE,1,24,"Chromosome",3457230000,TRUE,TRUE
"Hylobates muelleri","Hylobates muelleri","ENDANGERED",1,"Mammalia","9589","Hylobates cinereus muelleri","mHylPil","Hylobates","Hylobatidae","Primates","Mammalia",FALSE,"species",TRUE,1,24,"Chromosome",3168720000,TRUE,FALSE
"Macaca sylvanus","Macaca sylvanus","ENDANGERED",2,"Mammalia",NA,"Simia pithecus",NA,"Macaca","Cercopithecidae","Primates","Mammalia",FALSE,NA,FALSE,2,24,"No Genome",NA,TRUE,FALSE
"Cebuella pygmaea","Cebuella pygmaea","VULNERABLE",4,"Mammalia",NA,"Cebuella pygmaea",NA,"Cebuella","Cebidae","Primates","Mammalia",TRUE,NA,TRUE,4,24,"No Genome",NA,TRUE,FALSE
"Leontopithecus chrysomelas","Leontopithecus chrysomelas","ENDANGERED",1,"Mammalia","30588","Leontopithecus chrysomelas","mLeoRos","Leontopithecus","Cebidae","Primates","Mammalia",FALSE,"species",TRUE,1,24,"Chromosome",3378990000,TRUE,FALSE
"Hylobates lar","Hylobates lar","ENDANGERED",2,"Mammalia","9589","Hylobates lar","mHylPil","Hylobates","Hylobatidae","Primates","Mammalia",FALSE,"species",TRUE,1,24,"Chromosome",3168720000,TRUE,FALSE
"Callimico goeldii","Callimico goeldii","VULNERABLE",1,"Mammalia",NA,"Callithrix goeldii",NA,"Callimico","Cebidae","Primates","Mammalia",FALSE,NA,FALSE,1,24,"No Genome",NA,TRUE,FALSE
"Nanger dama","Nanger dama","CRITICALLY ENDANGERED",14,"Mammalia","67940","Nanger dama","mNanDam","Nanger","Bovidae","Artiodactyla","Mammalia",FALSE,NA,TRUE,7,37,"Scaffold",3403440000,TRUE,FALSE
"Aepyceros melampus","Aepyceros melampus","LEAST CONCERN",8,"Mammalia","9897","Aepyceros melampus","mAepMel","Aepyceros","Bovidae","Artiodactyla","Mammalia",TRUE,NA,TRUE,4,37,"Scaffold",4586820000,TRUE,FALSE
"Hexaprotodon liberiensis","Hexaprotodon liberiensis","ENDANGERED",1,"Mammalia","56798","Hexaprotodon liberiensis","mHexLib","Hexaprotodon","Hippopotamidae","Artiodactyla","Mammalia",FALSE,NA,TRUE,1,37,"Chromosome",3041580000,TRUE,TRUE
"Oryx gazella","Oryx gazella","LEAST CONCERN",1,"Mammalia","9958","Oryx gazella","mOryGaz","Oryx","Bovidae","Artiodactyla","Mammalia",TRUE,NA,TRUE,1,37,"Scaffold",3892440000,TRUE,FALSE
"Giraffa camelopardalis","Giraffa camelopardalis","VULNERABLE",2,"Mammalia","9894","Giraffa camelopardalis","mGirCam","Giraffa","Giraffidae","Artiodactyla","Mammalia",TRUE,NA,TRUE,2,37,"Scaffold",2709060000,TRUE,FALSE
"Lama guanicoe","Lama guanicoe","LEAST CONCERN",3,"Mammalia","9840","Lama guanicoe","mLamGua","Lama","Camelidae","Artiodactyla","Mammalia",TRUE,NA,TRUE,2,37,"Scaffold",3139380000,TRUE,FALSE
"Connochaetes taurinus","Connochaetes taurinus","LEAST CONCERN",1,"Mammalia","9927","Connochaetes taurinus","mConTau","Connochaetes","Bovidae","Artiodactyla","Mammalia",TRUE,NA,TRUE,1,37,"Scaffold",3853320000,TRUE,FALSE
"Camelus bactrianus","Camelus bactrianus","CRITICALLY ENDANGERED",2,"Mammalia","9837","Camelus bactrianus","mCamBac","Camelus","Camelidae","Artiodactyla","Mammalia",TRUE,NA,TRUE,2,37,"Scaffold",2577030000,TRUE,FALSE
"Tragelaphus eurycerus","Tragelaphus eurycerus","NEAR THREATENED",2,"Mammalia","69297","Antilope eurycerus","mTraEur","Tragelaphus","Bovidae","Artiodactyla","Mammalia",FALSE,NA,TRUE,1,37,"Contig",3853320000,TRUE,FALSE
"Sus scrofa","Sus scrofa","LEAST CONCERN",1,"Mammalia","9823","Sus scrofa","mSusScr","Sus","Suidae","Artiodactyla","Mammalia",TRUE,NA,TRUE,1,37,"Chromosome",2885100000,TRUE,FALSE
"Oryx dammah","Oryx dammah","EXTINCT IN THE WILD",3,"Mammalia","59534","Oryx dammah","mOryDam","Oryx","Bovidae","Artiodactyla","Mammalia",TRUE,NA,TRUE,2,37,"Scaffold",3892440000,TRUE,FALSE
"Rangifer tarandus","Rangifer tarandus","VULNERABLE",3,"Mammalia","9870","Rangifer tarandus","mRanTar","Rangifer","Cervidae","Artiodactyla","Mammalia",TRUE,NA,TRUE,3,37,"Scaffold",3334980000,TRUE,FALSE
"Capra hircus","Capra hircus","NA",3,"Mammalia","9925","African dwarf goats","mCapHir","Capra","Bovidae","Artiodactyla","Mammalia",TRUE,NA,TRUE,2,37,"Chromosome",3168720000,TRUE,FALSE
"Elaphurus davidianus","Elaphurus davidianus","EXTINCT IN THE WILD",4,"Mammalia","43332","Elaphurus davidianus","mElaDav","Elaphurus","Cervidae","Artiodactyla","Mammalia",TRUE,NA,TRUE,4,37,"Scaffold",3168720000,TRUE,FALSE
"Beatragus hunteri","Beatragus hunteri","CRITICALLY ENDANGERED",1,"Mammalia","59527","Damaliscus hunteri","mBeaHun","Beatragus","Bovidae","Artiodactyla","Mammalia",TRUE,NA,TRUE,1,37,"Scaffold",3853320000,TRUE,FALSE
"Bos grunniens","Bos grunniens","VULNERABLE",2,"Mammalia","30521","Bos bunnelli","mBosGru","Bos","Bovidae","Artiodactyla","Mammalia",TRUE,NA,TRUE,2,37,"Chromosome",3569700000,TRUE,TRUE
"Ovis aries musimon","Ovis aries","NA",3,"Mammalia","9940","Ovis laristanica","mOviAri","Ovis","Bovidae","Artiodactyla","Mammalia",FALSE,NA,TRUE,3,37,"Chromosome",3227400000,TRUE,FALSE
"Bison bison","Bison bison","NEAR THREATENED",3,"Mammalia","9901","Bison bison septemtrionalis","mBisBis","Bison","Bovidae","Artiodactyla","Mammalia",TRUE,NA,TRUE,1,37,"Scaffold",4792200000,TRUE,FALSE
"Hippopotamus amphibius","Hippopotamus amphibius","VULNERABLE",1,"Mammalia","9833","Hippopotamus incognitus","mHipAmp","Hippopotamus","Hippopotamidae","Artiodactyla","Mammalia",TRUE,NA,TRUE,1,37,"Chromosome",3041580000,TRUE,TRUE
"Tursiops truncatus","Tursiops truncatus","LEAST CONCERN",1,"Mammalia","9739","Tursio compressicauda","mTurTru","Tursiops","Delphinidae","Artiodactyla","Mammalia",TRUE,NA,TRUE,1,37,"Chromosome",3080700000,TRUE,FALSE
"Delphinapterus leucas","Delphinapterus leucas","LEAST CONCERN",1,"Mammalia","9749","Delphinus vermontana","mDelLeu","Delphinapterus","Monodontidae","Artiodactyla","Mammalia",TRUE,NA,TRUE,1,37,"Scaffold",3217620000,TRUE,FALSE
"Megaptera novaeangliae","Megaptera novaeangliae","LEAST CONCERN",1,"Mammalia","9773","Rorqualus australis","mMegNov","Megaptera","Balaenopteridae","Artiodactyla","Mammalia",TRUE,NA,TRUE,1,37,"Scaffold",2865540000,TRUE,FALSE
"Delphinus delphis","Delphinus delphis","LEAST CONCERN",1,"Mammalia","9728","Delphinus vulgaris","mDelDel","Delphinus","Delphinidae","Artiodactyla","Mammalia",FALSE,NA,TRUE,0,37,"Chromosome",3080700000,TRUE,FALSE
"Muntiacus reevesi","Muntiacus reevesi","LEAST CONCERN",1,"Mammalia","9886","Muntiacus reevesi","mMunRee","Muntiacus","Cervidae","Artiodactyla","Mammalia",TRUE,NA,TRUE,1,37,"Chromosome",2924220000,TRUE,TRUE
"Phacochoerus africanus","Phacochoerus africanus","LEAST CONCERN",4,"Mammalia","41426","Sus africanus","mPhaAfr","Phacochoerus","Suidae","Artiodactyla","Mammalia",FALSE,NA,TRUE,4,37,"Chromosome",2885100000,TRUE,TRUE
"Gazella dorcas","Gazella dorcas","VULNERABLE",9,"Mammalia",NA,"Gazella dorcas",NA,"Gazella","Bovidae","Artiodactyla","Mammalia",FALSE,NA,FALSE,6,37,"No Genome",NA,FALSE,FALSE
"Ammotragus lervia fassini","Ammotragus lervia","VULNERABLE",4,"Mammalia",NA,"Ammotragus lervia",NA,"Ammotragus","Bovidae","Artiodactyla","Mammalia",FALSE,NA,FALSE,3,37,"No Genome",NA,FALSE,FALSE
"Gazella cuvieri","Gazella cuvieri","VULNERABLE",1,"Mammalia",NA,"Gazella cuvieri",NA,"Gazella","Bovidae","Artiodactyla","Mammalia",FALSE,NA,FALSE,1,37,"No Genome",NA,FALSE,FALSE
"Tragelaphus spekii","Tragelaphus spekii","LEAST CONCERN",2,"Mammalia","69297","Tragelaphus spekii","mTraEur","Tragelaphus","Bovidae","Artiodactyla","Mammalia",FALSE,"species",TRUE,1,37,"Contig",3853320000,TRUE,FALSE
"Bison bonasus","Bison bonasus","NEAR THREATENED",3,"Mammalia","9901","Bison europaeus","mBisBis","Bison","Bovidae","Artiodactyla","Mammalia",FALSE,"species",TRUE,3,37,"Scaffold",4792200000,TRUE,FALSE
"Connochaetes gnou","Connochaetes gnou","LEAST CONCERN",1,"Mammalia","9927","Connochaetes gnou","mConTau","Connochaetes","Bovidae","Artiodactyla","Mammalia",FALSE,"species",TRUE,2,37,"Scaffold",3853320000,TRUE,FALSE
"Axis axis","Axis axis","LEAST CONCERN",1,"Mammalia","57737","Axis axis","mAxiPor","Axis","Cervidae","Artiodactyla","Mammalia",FALSE,"species",TRUE,1,37,"Scaffold",3168720000,TRUE,FALSE
"Dama dama","Dama dama","LEAST CONCERN",1,"Mammalia",NA,"Cervus plinii",NA,"Dama","Cervidae","Artiodactyla","Mammalia",FALSE,NA,FALSE,1,37,"No Genome",NA,FALSE,FALSE
"Potamochoerus porcus","Potamochoerus porcus","LEAST CONCERN",2,"Mammalia",NA,"Potamochoerus porcus",NA,"Potamochoerus","Suidae","Artiodactyla","Mammalia",FALSE,NA,FALSE,2,37,"No Genome",NA,FALSE,FALSE
"Capra pyrenaica hispanica","Capra pyrenaica","LEAST CONCERN",1,"Mammalia","9923","Capra pyrenaica lusitanica","mCapAeg","Capra","Bovidae","Artiodactyla","Mammalia",FALSE,"species",TRUE,1,37,"Chromosome",3163830000,TRUE,FALSE
"Alytes muletensis","Alytes muletensis","ENDANGERED",4,"Amphibia",NA,"Alytes muletensis",NA,"Alytes","Alytidae","Anura","Amphibia",FALSE,NA,FALSE,0,2,"No Genome",NA,FALSE,FALSE
"Agalychnis callidryas","Agalychnis callidryas","LEAST CONCERN",1,"Amphibia",NA,"Agalychnis callidryas",NA,"Agalychnis","Hylidae","Anura","Amphibia",FALSE,NA,FALSE,0,2,"No Genome",NA,FALSE,FALSE
"Ambystoma mexicanum","Ambystoma mexicanum","CRITICALLY ENDANGERED",1,"Amphibia","8296","Ambystoma mexicanum","aAmbMex","Ambystoma","Ambystomatidae","Caudata","Amphibia",FALSE,NA,TRUE,0,3,"Chromosome",34719000000,FALSE,FALSE
"Calotriton arnoldi","Calotriton arnoldi","CRITICALLY ENDANGERED",5,"Amphibia",NA,"Calotriton arnoldi",NA,"Calotriton","Salamandridae","Caudata","Amphibia",FALSE,NA,FALSE,0,3,"No Genome",NA,FALSE,FALSE
"Salmo salar","Salmo salar","LEAST CONCERN",2,"Fish","8030","Salmo salar europaeus","fSalSal","Salmo","Salmonidae","Salmoniformes","Actinopteri",FALSE,NA,TRUE,0,1,"Chromosome",3031800000,FALSE,FALSE
"Sargocentron diadema","Sargocentron diadema","LEAST CONCERN",1,"Fish",NA,"Holocentrum diadema",NA,"Sargocentron","Holocentridae","Holocentriformes","Actinopteri",FALSE,NA,FALSE,0,1,"No Genome",NA,FALSE,FALSE
"Engraulis encrasicolus","Engraulis encrasicolus","LEAST CONCERN",1,"Fish",NA,"? encrasicholus",NA,"Engraulis","Engraulidae","Clupeiformes","Actinopteri",FALSE,NA,FALSE,0,1,"No Genome",NA,FALSE,FALSE
"Diplodus vulgaris","Diplodus vulgaris","LEAST CONCERN",1,"Fish",NA,"Sargus salviani",NA,"Diplodus","Sparidae","Spariformes","Actinopteri",FALSE,NA,FALSE,0,1,"No Genome",NA,FALSE,FALSE
"Carcharhinus amblyrhynchos","Carcharhinus amblyrhynchos","ENDANGERED",1,"Fish",NA,"? amblyrhynchus",NA,"Carcharhinus","Carcharhinidae","Carcharhiniformes","Chondrichthyes",FALSE,NA,FALSE,0,2,"No Genome",NA,FALSE,FALSE
"Scyliorhinus stellaris","Scyliorhinus stellaris","VULNERABLE",1,"Fish",NA,"Squalus stellaris",NA,"Scyliorhinus","Scyliorhinidae","Carcharhiniformes","Chondrichthyes",FALSE,NA,FALSE,0,2,"No Genome",NA,FALSE,FALSE
"Hippocampus abdominalis","Hippocampus abdominalis","LEAST CONCERN",2,"Fish","109274","Hippocampus bleekeri","fHipAbd","Hippocampus","Syngnathidae","Syngnathiformes","Actinopteri",FALSE,NA,TRUE,0,3,"Chromosome",567240000,FALSE,FALSE
"Ginglymostoma cirratum","Ginglymostoma cirratum","VULNERABLE",1,"Fish","7801","Ginglimostoma cirratum","sGinCir","Ginglymostoma","Ginglymostomatidae","Orectolobiformes","Chondrichthyes",FALSE,NA,TRUE,0,3,"Scaffold",3814200000,FALSE,FALSE
"Chiloscyllium punctatum","Chiloscyllium punctatum","NEAR THREATENED",1,"Fish","137246","Chiloscyllium margaritiferum","sChiPun","Chiloscyllium","Hemiscylliidae","Orectolobiformes","Chondrichthyes",FALSE,NA,TRUE,0,3,"Scaffold",4459680000,FALSE,FALSE
"Hemiscyllium ocellatum","Hemiscyllium ocellatum","LEAST CONCERN",1,"Fish","170820","Squalus oculatus","sHemOce","Hemiscyllium","Hemiscylliidae","Orectolobiformes","Chondrichthyes",FALSE,NA,TRUE,0,3,"Chromosome",5388780000,FALSE,FALSE
"Syngnathus acus","Syngnathus acus","LEAST CONCERN",1,"Fish","161584","Syngnathus acus","fSynAcu","Syngnathus","Syngnathidae","Syngnathiformes","Actinopteri",FALSE,NA,TRUE,0,3,"Chromosome",533010000,FALSE,FALSE
"Hippocampus reidi","Hippocampus reidi","NEAR THREATENED",2,"Fish",NA,"Hippocampus reidi",NA,"Hippocampus","Syngnathidae","Syngnathiformes","Actinopteri",FALSE,NA,FALSE,0,3,"No Genome",NA,FALSE,FALSE
"Paleosuchus palpebrosus","Paleosuchus palpebrosus","LEAST CONCERN",1,"Reptil",NA,"Alligator palpebrosus",NA,"Paleosuchus","Alligatoridae","Crocodylia",NA,FALSE,NA,FALSE,0,3,"No Genome",NA,FALSE,FALSE
"Aldabrachelys gigantea","Aldabrachelys gigantea","VULNERABLE",1,"Reptil","167804","Testudo daudinii","rAldGig","Aldabrachelys","Testudinidae","Testudines",NA,FALSE,NA,TRUE,0,8,"Chromosome",2889990000,FALSE,FALSE
"Caretta caretta","Caretta caretta","VULNERABLE",2,"Reptil","8467","Caouana elongata","rCarCar","Caretta","Cheloniidae","Testudines",NA,FALSE,NA,TRUE,2,8,"Chromosome",2581920000,FALSE,FALSE
"Terrapene nelsoni","Terrapene nelsoni","NA",2,"Reptil",NA,"Terrapene nelsoni nelsoni",NA,"Terrapene","Emydidae","Testudines",NA,FALSE,NA,FALSE,0,8,"No Genome",NA,FALSE,FALSE
"Stigmochelys pardalis","Stigmochelys pardalis","LEAST CONCERN",1,"Reptil",NA,"Testudo bipunctata",NA,"Stigmochelys","Testudinidae","Testudines",NA,FALSE,NA,FALSE,0,8,"No Genome",NA,FALSE,FALSE
"Testudo hermanni hermanni","Testudo hermanni","ENDANGERED",1,"Reptil",NA,"Eurotestudo hermanni",NA,"Testudo","Testudinidae","Testudines",NA,FALSE,NA,FALSE,0,8,"No Genome",NA,FALSE,FALSE
"Heosemys spinosa","Heosemys spinosa","ENDANGERED",1,"Reptil",NA,"Heosemys spinosa",NA,"Heosemys","Geoemydidae","Testudines",NA,FALSE,NA,FALSE,0,8,"No Genome",NA,FALSE,FALSE
"Macrochelys temminckii","Macrochelys temminckii","VULNERABLE",2,"Reptil",NA,"Chelonura temminckii",NA,"Macrochelys","Chelydridae","Testudines",NA,FALSE,NA,FALSE,0,8,"No Genome",NA,FALSE,FALSE
"Furcifer pardalis","Furcifer pardalis","LEAST CONCERN",1,"Reptil","187939","Furcifer pardalis","rFurPar","Furcifer","Chamaeleonidae","Squamata","Lepidosauria",FALSE,NA,TRUE,0,13,"Chromosome",2449889999,FALSE,FALSE
"Eublepharis macularius","Eublepharis macularius","LEAST CONCERN",1,"Reptil","481883","Eublepharis macularius","rEubMac","Eublepharis","Eublepharidae","Squamata","Lepidosauria",FALSE,NA,TRUE,0,13,"Chromosome",2405880000,FALSE,FALSE
"Uromastyx acanthinura","Uromastyx acanthinura","NEAR THREATENED",1,"Reptil",NA,"Uromastyx acanthinura",NA,"Uromastyx","Agamidae","Squamata","Lepidosauria",FALSE,NA,FALSE,0,13,"No Genome",NA,FALSE,FALSE
"Python regius","Python regius","LEAST CONCERN",1,"Reptil",NA,"Shireenhoserus regia",NA,"Python","Pythonidae","Squamata","Lepidosauria",FALSE,NA,FALSE,0,13,"No Genome",NA,FALSE,FALSE
"Lampropeltis triangulum sinaloae","Lampropeltis triangulum","LEAST CONCERN",1,"Reptil",NA,"Ablabes triangulum",NA,"Lampropeltis","Colubridae","Squamata","Lepidosauria",FALSE,NA,FALSE,0,13,"No Genome",NA,FALSE,FALSE
"Corucia zebrata","Corucia zebrata","NEAR THREATENED",1,"Reptil",NA,"Corucia zebrata",NA,"Corucia","Scincidae","Squamata","Lepidosauria",FALSE,NA,FALSE,0,13,"No Genome",NA,FALSE,FALSE
"Python breitensteini","Python breitensteini","LEAST CONCERN",1,"Reptil",NA,"Python curtus breitensteini",NA,"Python","Pythonidae","Squamata","Lepidosauria",FALSE,NA,FALSE,0,13,"No Genome",NA,FALSE,FALSE
"Acrantophis dumerili","Acrantophis dumerili","LEAST CONCERN",1,"Reptil",NA,"Acrantophis dumerili",NA,"Acrantophis","Boidae","Squamata","Lepidosauria",FALSE,NA,FALSE,0,13,"No Genome",NA,FALSE,FALSE
"Falco naumanni","Falco naumanni","LEAST CONCERN",2,"Birds","148594","Cerchneis naumanni","bFalNau","Falco","Falconidae","Falconiformes","Aves",FALSE,NA,TRUE,0,1,"Chromosome",1403430000,FALSE,FALSE
"Dromaius novaehollandiae","Dromaius novaehollandiae","LEAST CONCERN",1,"Birds","8790","Dromaius gracilipes","bDroNov","Dromaius","Dromaiidae","Casuariiformes","Aves",FALSE,NA,TRUE,0,2,"Scaffold",1555020000,FALSE,FALSE
"Halcyon malimbica","Halcyon malimbica","LEAST CONCERN",1,"Birds","170866","Halcyon malimbica","bHalMal","Halcyon","Alcedinidae","Coraciiformes","Aves",FALSE,NA,TRUE,0,2,"Scaffold",1545240000,FALSE,FALSE
"Phoenicopterus ruber","Phoenicopterus ruber","LEAST CONCERN",1,"Birds","9217","Phoenicopterus roseus","bPhoRub","Phoenicopterus","Phoenicopteridae","Phoenicopteriformes","Aves",FALSE,NA,TRUE,0,2,"Chromosome",1354530000,FALSE,FALSE
"Apus pallidus","Apus pallidus","LEAST CONCERN",3,"Birds","8895","Apus pallidus","bApuApu","Apus","Apodidae","Apodiformes","Aves",FALSE,"species",TRUE,0,2,"Chromosome",1251840000,FALSE,FALSE
"Dacelo novaeguineae","Dacelo novaeguineae","LEAST CONCERN",1,"Birds",NA,"Dacelo novaeguineae",NA,"Dacelo","Alcedinidae","Coraciiformes","Aves",FALSE,NA,FALSE,0,2,"No Genome",NA,FALSE,FALSE
"Phoenicopterus roseus","Phoenicopterus roseus","LEAST CONCERN",1,"Birds",NA,"Phoenicopterus antiquorum",NA,"Phoenicopterus","Phoenicopteridae","Phoenicopteriformes","Aves",FALSE,NA,FALSE,0,2,"No Genome",NA,FALSE,FALSE
"Trachyphonus erythrocephalus","Trachyphonus erythrocephalus","LEAST CONCERN",1,"Birds",NA,"Trachyphonus erythrocephalus",NA,"Trachyphonus","Lybiidae","Piciformes","Aves",FALSE,NA,FALSE,0,2,"No Genome",NA,FALSE,FALSE
"Parabuteo unicinctus","Parabuteo unicinctus","LEAST CONCERN",1,"Birds","223492","Parabuteo unicinctus","bParUni","Parabuteo","Accipitridae","Accipitriformes","Aves",FALSE,NA,TRUE,0,3,"Scaffold",1398540000,FALSE,FALSE
"Accipiter gentilis","Accipiter gentilis","LEAST CONCERN",1,"Birds","8957","Falco palumbarius","bAccGen","Accipiter","Accipitridae","Accipitriformes","Aves",FALSE,NA,TRUE,0,3,"Chromosome",1305630000,FALSE,FALSE
"Tauraco erythrolophus","Tauraco erythrolophus","LEAST CONCERN",1,"Birds","121530","Tauraco erythrolophus","bTauEry","Tauraco","Musophagidae","Musophagiformes","Aves",FALSE,NA,TRUE,0,3,"Scaffold",1396095000,FALSE,FALSE
"Tauraco leucotis","Tauraco leucotis","LEAST CONCERN",1,"Birds",NA,"Corythaix leucotis",NA,"Tauraco","Musophagidae","Musophagiformes","Aves",FALSE,NA,FALSE,0,3,"No Genome",NA,FALSE,FALSE
"Eurypyga helias","Eurypyga helias","LEAST CONCERN",1,"Birds","54383","Eurypyga helias","bEurHel","Eurypyga","Eurypygidae","Gruiformes","Aves",FALSE,NA,TRUE,0,4,"Scaffold",1388760000,FALSE,FALSE
"Bubo scandiacus","Bubo scandiacus","VULNERABLE",1,"Birds","371907","Bubo scandiacus","bBubSca","Bubo","Strigidae","Strigiformes","Aves",FALSE,NA,TRUE,0,4,"Scaffold",1643040000,FALSE,FALSE
"Gallinula chloropus","Gallinula chloropus","LEAST CONCERN",2,"Birds",NA,"Fulica spec",NA,"Gallinula","Rallidae","Gruiformes","Aves",FALSE,NA,FALSE,0,4,"No Genome",NA,FALSE,FALSE
"Balearica pavonina","Balearica pavonina","VULNERABLE",1,"Birds","925459","Balearica pavonina","bBalReg","Balearica","Gruidae","Gruiformes","Aves",FALSE,"species",TRUE,0,4,"Scaffold",1418100000,FALSE,FALSE
"Strix aluco","Strix aluco","LEAST CONCERN",1,"Birds",NA,"Strix aluco",NA,"Strix","Strigidae","Strigiformes","Aves",FALSE,NA,FALSE,0,4,"No Genome",NA,FALSE,FALSE
"Anas platyrhynchos","Anas platyrhynchos","LEAST CONCERN",1,"Birds","8839","Anas oustaleti","bAnaPla","Anas","Anatidae","Anseriformes","Aves",FALSE,NA,TRUE,0,7,"Chromosome",1418100000,FALSE,FALSE
"Columba livia","Columba livia","LEAST CONCERN",1,"Birds","8932","Columba domestica","bColLiv","Columba","Columbidae","Columbiformes","Aves",FALSE,NA,TRUE,0,7,"Scaffold",1442550000,FALSE,FALSE
"Caloenas nicobarica","Caloenas nicobarica","NEAR THREATENED",1,"Birds","187106","Caloenas nicobarica","bCalNic","Caloenas","Columbidae","Columbiformes","Aves",FALSE,NA,TRUE,0,7,"Scaffold",1506120000,FALSE,FALSE
"Marmaronetta angustirostris","Marmaronetta angustirostris","VULNERABLE",1,"Birds",NA,"Marmaronetta angustirostris",NA,"Marmaronetta","Anatidae","Anseriformes","Aves",FALSE,NA,FALSE,0,7,"No Genome",NA,FALSE,FALSE
"Netta peposaca","Netta peposaca","LEAST CONCERN",1,"Birds","219594","Netta peposaca","bAytFul","Netta","Anatidae","Anseriformes","Aves",FALSE,"species",TRUE,0,7,"Chromosome",1349640000,FALSE,FALSE
"Columba palumbus","Columba palumbus","LEAST CONCERN",1,"Birds",NA,"Columba palumbus",NA,"Columba","Columbidae","Columbiformes","Aves",FALSE,NA,FALSE,0,7,"No Genome",NA,FALSE,FALSE
"Lamprotornis superbus","Lamprotornis superbus","LEAST CONCERN",1,"Birds","245042","Spreo superbus","bLamSup","Lamprotornis","Sturnidae","Passeriformes","Aves",FALSE,NA,TRUE,0,9,"Chromosome",1193160000,FALSE,FALSE
"Hirundo rustica","Hirundo rustica","LEAST CONCERN",1,"Birds","43150","Chelidon rustica","bHirRus","Hirundo","Hirundinidae","Passeriformes","Aves",FALSE,NA,TRUE,0,9,"Chromosome",1281180000,FALSE,FALSE
"Ficedula hypoleuca","Ficedula hypoleuca","LEAST CONCERN",1,"Birds","59894","Ficedula hypoleuca","bFicAli","Ficedula","Muscicapidae","Passeriformes","Aves",FALSE,"species",TRUE,0,9,"Chromosome",1234725000,FALSE,FALSE
"Chloris chloris","Chloris chloris","LEAST CONCERN",1,"Birds",NA,"Chloris chloris",NA,"Chloris","Fringillidae","Passeriformes","Aves",FALSE,NA,FALSE,0,9,"No Genome",NA,FALSE,FALSE
"Delichon urbicum","Delichon urbicum","LEAST CONCERN",1,"Birds",NA,"Delichon urbicum",NA,"Delichon","Hirundinidae","Passeriformes","Aves",FALSE,NA,FALSE,0,9,"No Genome",NA,FALSE,FALSE
"Carduelis carduelis","Carduelis carduelis","LEAST CONCERN",1,"Birds",NA,"Carduelis carduelis",NA,"Carduelis","Fringillidae","Passeriformes","Aves",FALSE,NA,FALSE,0,9,"No Genome",NA,FALSE,FALSE
"Lanius senator","Lanius senator","LEAST CONCERN",1,"Birds",NA,"Lanius senator",NA,"Lanius","Laniidae","Passeriformes","Aves",FALSE,NA,FALSE,0,9,"No Genome",NA,FALSE,FALSE
"Cyanocorax yncas","Cyanocorax yncas","LEAST CONCERN",1,"Birds",NA,"Cyanocorax yncas",NA,"Cyanocorax","Corvidae","Passeriformes","Aves",FALSE,NA,FALSE,0,9,"No Genome",NA,FALSE,FALSE
"Platalea ajaja","Platalea ajaja","LEAST CONCERN",1,"Birds",NA,"Platalea ajaja",NA,"Platalea","Threskiornithidae","Pelecaniformes","Aves",FALSE,NA,FALSE,0,10,"No Genome",NA,FALSE,FALSE
"Ixobrychus minutus","Ixobrychus minutus","LEAST CONCERN",1,"Birds",NA,"Ixobrychus minutus",NA,"Ixobrychus","Ardeidae","Pelecaniformes","Aves",FALSE,NA,FALSE,0,10,"No Genome",NA,FALSE,FALSE
"Amazona autumnalis","Amazona autumnalis","CRITICALLY ENDANGERED",2,"Birds","151759","Amazona autumnalis","bAmaAut","Amazona","Psittacidae","Psittaciformes","Aves",FALSE,NA,TRUE,0,13,"Scaffold",1476780000,FALSE,FALSE
"Amazona aestiva","Amazona aestiva","NEAR THREATENED",1,"Birds","12930","Amazona aestiva","bAmaAes","Amazona","Psittacidae","Psittaciformes","Aves",FALSE,NA,TRUE,0,13,"Chromosome",1574580000,FALSE,FALSE
"Ara rubrogenys","Ara rubrogenys","CRITICALLY ENDANGERED",1,"Birds","467030","Ara rubrogenys","bAraRub","Ara","Psittacidae","Psittaciformes","Aves",FALSE,NA,TRUE,0,13,"Scaffold",1374090000,FALSE,FALSE
"Amazona brasiliensis","Amazona brasiliensis","NEAR THREATENED",1,"Birds",NA,"Amazona brasiliensis",NA,"Amazona","Psittacidae","Psittaciformes","Aves",FALSE,NA,FALSE,0,13,"No Genome",NA,FALSE,FALSE
"Artibeus jamaicensis","Artibeus jamaicensis","LEAST CONCERN",1,"Mammalia","9417","Artibeus jamaicensis","mArtJam","Artibeus","Phyllostomidae","Chiroptera","Mammalia",TRUE,NA,TRUE,0,2,"Scaffold",2591700000,FALSE,FALSE
"Erinaceus europaeus","Erinaceus europaeus","LEAST CONCERN",1,"Mammalia","9365","Erinaceus europaeus","mEriEur","Erinaceus","Erinaceidae","Eulipotyphla","Mammalia",TRUE,NA,TRUE,0,2,"Scaffold",3579480000,FALSE,FALSE
"Suncus etruscus","Suncus etruscus","LEAST CONCERN",1,"Mammalia","109475","Pachyura etrusca","mSunEtr","Suncus","Soricidae","Eulipotyphla","Mammalia",FALSE,NA,TRUE,0,2,"Chromosome",2577030000,FALSE,FALSE
"Equus ferus","Equus ferus","NA",2,"Mammalia","89248","Equus ferus ferus",NA,"Equus","Equidae","Perissodactyla","Mammalia",FALSE,"species",TRUE,2,4,"Chromosome",3481680000,FALSE,FALSE
"Cricetomys gambianus","Cricetomys gambianus","LEAST CONCERN",1,"Mammalia","10085","Cricetomys gambiensis","mCriGam","Cricetomys","Nesomyidae","Rodentia","Mammalia",TRUE,NA,TRUE,0,6,"Scaffold",3110040000,FALSE,FALSE
"Aonyx cinereus","Aonyx cinereus","VULNERABLE",1,"Mammalia",NA,"Micraonyx cinerea",NA,"Aonyx","Mustelidae","Carnivora","Mammalia",TRUE,NA,TRUE,0,18,"No Genome",NA,FALSE,FALSE
"Lophocebus aterrimus","Lophocebus aterrimus","VULNERABLE",2,"Mammalia","75566","Cercocebus hamlyni","mLopAte","Lophocebus","Cercopithecidae","Primates","Mammalia",FALSE,NA,TRUE,2,24,"Contig",3677280000,FALSE,FALSE
"Addax nasomaculatus","Addax nasomaculatus","CRITICALLY ENDANGERED",2,"Mammalia","59515","Addax nasomaculatus","mAddNas","Addax","Bovidae","Artiodactyla","Mammalia",FALSE,NA,TRUE,2,37,"Scaffold",3892440000,FALSE,FALSE
"Kobus leche","Kobus leche","NEAR THREATENED",1,"Mammalia","59531","Kobus leche","mKobLec","Kobus","Bovidae","Artiodactyla","Mammalia",TRUE,NA,TRUE,1,37,"Scaffold",3853320000,FALSE,FALSE
